STRUCTURE,STRUCTURE_ID,STRUCTURE_NAME,ACTION,FREQ,Frequency,GEO_PICT,Pacific Island Countries and territories,INDICATOR,Indicator,ELEVATION,Elevation,TIME_PERIOD,Time,OBS_VALUE,Observation value,UNIT_MEASURE,Unit of measure,UNIT_MULT,Unit multiplier,OBS_STATUS,Observation Status,DATA_SOURCE,Data source,OBS_COMMENT,Comment
DATAFLOW,SPC:DF_POP_LECZ(1.0),Population living in low elevation coastal zones (0-10m and 0-20m above sea level),I,A,Annual,MP,Northern Mariana Islands,LECZPOPRF,Population in low elevation coastal zone in relative frequency,5M,0-5 meters above sea level,2010,,3,,PERCENT,percent,,,,,,,This data was estimated based on population census of year 2023,
DATAFLOW,SPC:DF_POP_LECZ(1.0),Population living in low elevation coastal zones (0-10m and 0-20m above sea level),I,A,Annual,MP,Northern Mariana Islands,LECZPOPRF,Population in low elevation coastal zone in relative frequency,5M,0-5 meters above sea level,2011,,3,,PERCENT,percent,,,,,,,This data was estimated based on population census of year 2023,
DATAFLOW,SPC:DF_POP_LECZ(1.0),Population living in low elevation coastal zones (0-10m and 0-20m above sea level),I,A,Annual,MP,Northern Mariana Islands,LECZPOPRF,Population in low elevation coastal zone in relative frequency,5M,0-5 meters above sea level,2012,,3,,PERCENT,percent,,,,,,,This data was estimated based on population census of year 2023,
DATAFLOW,SPC:DF_POP_LECZ(1.0),Population living in low elevation coastal zones (0-10m and 0-20m above sea level),I,A,Annual,MP,Northern Mariana Islands,LECZPOPRF,Population in low elevation coastal zone in relative frequency,5M,0-5 meters above sea level,2013,,3,,PERCENT,percent,,,,,,,This data was estimated based on population census of year 2023,
DATAFLOW,SPC:DF_POP_LECZ(1.0),Population living in low elevation coastal zones (0-10m and 0-20m above sea level),I,A,Annual,MP,Northern Mariana Islands,LECZPOPRF,Population in low elevation coastal zone in relative frequency,5M,0-5 meters above sea level,2014,,3,,PERCENT,percent,,,,,,,This data was estimated based on population census of year 2023,
DATAFLOW,SPC:DF_POP_LECZ(1.0),Population living in low elevation coastal zones (0-10m and 0-20m above sea level),I,A,Annual,MP,Northern Mariana Islands,LECZPOPRF,Population in low elevation coastal zone in relative frequency,5M,0-5 meters above sea level,2015,,3,,PERCENT,percent,,,,,,,This data was estimated based on population census of year 2023,
DATAFLOW,SPC:DF_POP_LECZ(1.0),Population living in low elevation coastal zones (0-10m and 0-20m above sea level),I,A,Annual,MP,Northern Mariana Islands,LECZPOPRF,Population in low elevation coastal zone in relative frequency,5M,0-5 meters above sea level,2016,,3,,PERCENT,percent,,,,,,,This data was estimated based on population census of year 2023,
DATAFLOW,SPC:DF_POP_LECZ(1.0),Population living in low elevation coastal zones (0-10m and 0-20m above sea level),I,A,Annual,MP,Northern Mariana Islands,LECZPOPRF,Population in low elevation coastal zone in relative frequency,5M,0-5 meters above sea level,2017,,3,,PERCENT,percent,,,,,,,This data was estimated based on population census of year 2023,
DATAFLOW,SPC:DF_POP_LECZ(1.0),Population living in low elevation coastal zones (0-10m and 0-20m above sea level),I,A,Annual,MP,Northern Mariana Islands,LECZPOPRF,Population in low elevation coastal zone in relative frequency,5M,0-5 meters above sea level,2018,,3,,PERCENT,percent,,,,,,,This data was estimated based on population census of year 2023,
DATAFLOW,SPC:DF_POP_LECZ(1.0),Population living in low elevation coastal zones (0-10m and 0-20m above sea level),I,A,Annual,MP,Northern Mariana Islands,LECZPOPRF,Population in low elevation coastal zone in relative frequency,5M,0-5 meters above sea level,2019,,3,,PERCENT,percent,,,,,,,This data was estimated based on population census of year 2023,
DATAFLOW,SPC:DF_POP_LECZ(1.0),Population living in low elevation coastal zones (0-10m and 0-20m above sea level),I,A,Annual,MP,Northern Mariana Islands,LECZPOPRF,Population in low elevation coastal zone in relative frequency,5M,0-5 meters above sea level,2020,,3,,PERCENT,percent,,,,,,,This data was estimated based on population census of year 2023,
DATAFLOW,SPC:DF_POP_LECZ(1.0),Population living in low elevation coastal zones (0-10m and 0-20m above sea level),I,A,Annual,MP,Northern Mariana Islands,LECZPOPRF,Population in low elevation coastal zone in relative frequency,5M,0-5 meters above sea level,2021,,3,,PERCENT,percent,,,,,,,This data was estimated based on population census of year 2023,
DATAFLOW,SPC:DF_POP_LECZ(1.0),Population living in low elevation coastal zones (0-10m and 0-20m above sea level),I,A,Annual,MP,Northern Mariana Islands,LECZPOPRF,Population in low elevation coastal zone in relative frequency,5M,0-5 meters above sea level,2022,,3,,PERCENT,percent,,,,,,,This data was estimated based on population census of year 2023,
DATAFLOW,SPC:DF_POP_LECZ(1.0),Population living in low elevation coastal zones (0-10m and 0-20m above sea level),I,A,Annual,MP,Northern Mariana Islands,LECZPOPRF,Population in low elevation coastal zone in relative frequency,5M,0-5 meters above sea level,2023,,3,,PERCENT,percent,,,,,,,This data was estimated based on population census of year 2023,
DATAFLOW,SPC:DF_POP_LECZ(1.0),Population living in low elevation coastal zones (0-10m and 0-20m above sea level),I,A,Annual,MP,Northern Mariana Islands,LECZPOPRF,Population in low elevation coastal zone in relative frequency,5M,0-5 meters above sea level,2024,,3,,PERCENT,percent,,,,,,,This data was estimated based on population census of year 2023,
DATAFLOW,SPC:DF_POP_LECZ(1.0),Population living in low elevation coastal zones (0-10m and 0-20m above sea level),I,A,Annual,SB,Solomon Islands,LECZPOPRF,Population in low elevation coastal zone in relative frequency,10M,0-10 meters above sea level,2010,,35,,PERCENT,percent,,,E,Estimated value,,,This data was estimated based on population census of year 2023,
DATAFLOW,SPC:DF_POP_LECZ(1.0),Population living in low elevation coastal zones (0-10m and 0-20m above sea level),I,A,Annual,SB,Solomon Islands,LECZPOPRF,Population in low elevation coastal zone in relative frequency,10M,0-10 meters above sea level,2011,,35,,PERCENT,percent,,,E,Estimated value,,,This data was estimated based on population census of year 2023,
DATAFLOW,SPC:DF_POP_LECZ(1.0),Population living in low elevation coastal zones (0-10m and 0-20m above sea level),I,A,Annual,SB,Solomon Islands,LECZPOPRF,Population in low elevation coastal zone in relative frequency,10M,0-10 meters above sea level,2012,,35,,PERCENT,percent,,,E,Estimated value,,,This data was estimated based on population census of year 2023,
DATAFLOW,SPC:DF_POP_LECZ(1.0),Population living in low elevation coastal zones (0-10m and 0-20m above sea level),I,A,Annual,SB,Solomon Islands,LECZPOPRF,Population in low elevation coastal zone in relative frequency,10M,0-10 meters above sea level,2013,,35,,PERCENT,percent,,,E,Estimated value,,,This data was estimated based on population census of year 2023,
DATAFLOW,SPC:DF_POP_LECZ(1.0),Population living in low elevation coastal zones (0-10m and 0-20m above sea level),I,A,Annual,SB,Solomon Islands,LECZPOPRF,Population in low elevation coastal zone in relative frequency,10M,0-10 meters above sea level,2014,,35,,PERCENT,percent,,,E,Estimated value,,,This data was estimated based on population census of year 2023,
DATAFLOW,SPC:DF_POP_LECZ(1.0),Population living in low elevation coastal zones (0-10m and 0-20m above sea level),I,A,Annual,SB,Solomon Islands,LECZPOPRF,Population in low elevation coastal zone in relative frequency,10M,0-10 meters above sea level,2015,,35,,PERCENT,percent,,,E,Estimated value,,,This data was estimated based on population census of year 2023,
DATAFLOW,SPC:DF_POP_LECZ(1.0),Population living in low elevation coastal zones (0-10m and 0-20m above sea level),I,A,Annual,SB,Solomon Islands,LECZPOPRF,Population in low elevation coastal zone in relative frequency,10M,0-10 meters above sea level,2016,,35,,PERCENT,percent,,,E,Estimated value,,,This data was estimated based on population census of year 2023,
DATAFLOW,SPC:DF_POP_LECZ(1.0),Population living in low elevation coastal zones (0-10m and 0-20m above sea level),I,A,Annual,SB,Solomon Islands,LECZPOPRF,Population in low elevation coastal zone in relative frequency,10M,0-10 meters above sea level,2017,,35,,PERCENT,percent,,,E,Estimated value,,,This data was estimated based on population census of year 2023,
DATAFLOW,SPC:DF_POP_LECZ(1.0),Population living in low elevation coastal zones (0-10m and 0-20m above sea level),I,A,Annual,SB,Solomon Islands,LECZPOPRF,Population in low elevation coastal zone in relative frequency,10M,0-10 meters above sea level,2018,,35,,PERCENT,percent,,,E,Estimated value,,,This data was estimated based on population census of year 2023,
DATAFLOW,SPC:DF_POP_LECZ(1.0),Population living in low elevation coastal zones (0-10m and 0-20m above sea level),I,A,Annual,SB,Solomon Islands,LECZPOPRF,Population in low elevation coastal zone in relative frequency,10M,0-10 meters above sea level,2019,,35,,PERCENT,percent,,,E,Estimated value,,,This data was estimated based on population census of year 2023,
DATAFLOW,SPC:DF_POP_LECZ(1.0),Population living in low elevation coastal zones (0-10m and 0-20m above sea level),I,A,Annual,SB,Solomon Islands,LECZPOPRF,Population in low elevation coastal zone in relative frequency,10M,0-10 meters above sea level,2020,,35,,PERCENT,percent,,,E,Estimated value,,,This data was estimated based on population census of year 2023,
DATAFLOW,SPC:DF_POP_LECZ(1.0),Population living in low elevation coastal zones (0-10m and 0-20m above sea level),I,A,Annual,SB,Solomon Islands,LECZPOPRF,Population in low elevation coastal zone in relative frequency,10M,0-10 meters above sea level,2021,,35,,PERCENT,percent,,,E,Estimated value,,,This data was estimated based on population census of year 2023,
DATAFLOW,SPC:DF_POP_LECZ(1.0),Population living in low elevation coastal zones (0-10m and 0-20m above sea level),I,A,Annual,SB,Solomon Islands,LECZPOPRF,Population in low elevation coastal zone in relative frequency,10M,0-10 meters above sea level,2022,,33,,PERCENT,percent,,,,,,,This data was estimated based on population census of year 2023,
DATAFLOW,SPC:DF_POP_LECZ(1.0),Population living in low elevation coastal zones (0-10m and 0-20m above sea level),I,A,Annual,SB,Solomon Islands,LECZPOPRF,Population in low elevation coastal zone in relative frequency,10M,0-10 meters above sea level,2023,,33,,PERCENT,percent,,,,,,,This data was estimated based on population census of year 2023,
DATAFLOW,SPC:DF_POP_LECZ(1.0),Population living in low elevation coastal zones (0-10m and 0-20m above sea level),I,A,Annual,SB,Solomon Islands,LECZPOPRF,Population in low elevation coastal zone in relative frequency,10M,0-10 meters above sea level,2024,,33,,PERCENT,percent,,,,,,,This data was estimated based on population census of year 2023,
DATAFLOW,SPC:DF_POP_LECZ(1.0),Population living in low elevation coastal zones (0-10m and 0-20m above sea level),I,A,Annual,PW,Palau,LECZPOPAF,Population in low elevation coastal zone in absolute frequency,10M,0-10 meters above sea level,2010,,2951,,N,units,,,E,Estimated value,,,This data was estimated based on population census of year 2023,
DATAFLOW,SPC:DF_POP_LECZ(1.0),Population living in low elevation coastal zones (0-10m and 0-20m above sea level),I,A,Annual,PW,Palau,LECZPOPAF,Population in low elevation coastal zone in absolute frequency,10M,0-10 meters above sea level,2011,,2900,,N,units,,,E,Estimated value,,,This data was estimated based on population census of year 2023,
DATAFLOW,SPC:DF_POP_LECZ(1.0),Population living in low elevation coastal zones (0-10m and 0-20m above sea level),I,A,Annual,PW,Palau,LECZPOPAF,Population in low elevation coastal zone in absolute frequency,10M,0-10 meters above sea level,2012,,2850,,N,units,,,E,Estimated value,,,This data was estimated based on population census of year 2023,
DATAFLOW,SPC:DF_POP_LECZ(1.0),Population living in low elevation coastal zones (0-10m and 0-20m above sea level),I,A,Annual,PW,Palau,LECZPOPAF,Population in low elevation coastal zone in absolute frequency,10M,0-10 meters above sea level,2013,,2830,,N,units,,,E,Estimated value,,,This data was estimated based on population census of year 2023,
DATAFLOW,SPC:DF_POP_LECZ(1.0),Population living in low elevation coastal zones (0-10m and 0-20m above sea level),I,A,Annual,PW,Palau,LECZPOPAF,Population in low elevation coastal zone in absolute frequency,10M,0-10 meters above sea level,2014,,2841,,N,units,,,E,Estimated value,,,This data was estimated based on population census of year 2023,
DATAFLOW,SPC:DF_POP_LECZ(1.0),Population living in low elevation coastal zones (0-10m and 0-20m above sea level),I,A,Annual,PW,Palau,LECZPOPAF,Population in low elevation coastal zone in absolute frequency,10M,0-10 meters above sea level,2015,,2851,,N,units,,,E,Estimated value,,,This data was estimated based on population census of year 2023,
DATAFLOW,SPC:DF_POP_LECZ(1.0),Population living in low elevation coastal zones (0-10m and 0-20m above sea level),I,A,Annual,PW,Palau,LECZPOPAF,Population in low elevation coastal zone in absolute frequency,10M,0-10 meters above sea level,2016,,2854,,N,units,,,E,Estimated value,,,This data was estimated based on population census of year 2023,
DATAFLOW,SPC:DF_POP_LECZ(1.0),Population living in low elevation coastal zones (0-10m and 0-20m above sea level),I,A,Annual,PW,Palau,LECZPOPAF,Population in low elevation coastal zone in absolute frequency,10M,0-10 meters above sea level,2017,,2857,,N,units,,,E,Estimated value,,,This data was estimated based on population census of year 2023,
DATAFLOW,SPC:DF_POP_LECZ(1.0),Population living in low elevation coastal zones (0-10m and 0-20m above sea level),I,A,Annual,PW,Palau,LECZPOPAF,Population in low elevation coastal zone in absolute frequency,10M,0-10 meters above sea level,2018,,2857,,N,units,,,E,Estimated value,,,This data was estimated based on population census of year 2023,
DATAFLOW,SPC:DF_POP_LECZ(1.0),Population living in low elevation coastal zones (0-10m and 0-20m above sea level),I,A,Annual,PW,Palau,LECZPOPAF,Population in low elevation coastal zone in absolute frequency,10M,0-10 meters above sea level,2019,,2854,,N,units,,,E,Estimated value,,,This data was estimated based on population census of year 2023,
DATAFLOW,SPC:DF_POP_LECZ(1.0),Population living in low elevation coastal zones (0-10m and 0-20m above sea level),I,A,Annual,PW,Palau,LECZPOPAF,Population in low elevation coastal zone in absolute frequency,10M,0-10 meters above sea level,2020,,2854,,N,units,,,E,Estimated value,,,This data was estimated based on population census of year 2023,
DATAFLOW,SPC:DF_POP_LECZ(1.0),Population living in low elevation coastal zones (0-10m and 0-20m above sea level),I,A,Annual,PW,Palau,LECZPOPAF,Population in low elevation coastal zone in absolute frequency,10M,0-10 meters above sea level,2021,,2853,,N,units,,,E,Estimated value,,,This data was estimated based on population census of year 2023,
DATAFLOW,SPC:DF_POP_LECZ(1.0),Population living in low elevation coastal zones (0-10m and 0-20m above sea level),I,A,Annual,PW,Palau,LECZPOPAF,Population in low elevation coastal zone in absolute frequency,10M,0-10 meters above sea level,2022,,3081,,N,units,,,,,,,This data was estimated based on population census of year 2023,
DATAFLOW,SPC:DF_POP_LECZ(1.0),Population living in low elevation coastal zones (0-10m and 0-20m above sea level),I,A,Annual,PW,Palau,LECZPOPAF,Population in low elevation coastal zone in absolute frequency,10M,0-10 meters above sea level,2023,,3076,,N,units,,,,,,,This data was estimated based on population census of year 2023,
DATAFLOW,SPC:DF_POP_LECZ(1.0),Population living in low elevation coastal zones (0-10m and 0-20m above sea level),I,A,Annual,PW,Palau,LECZPOPAF,Population in low elevation coastal zone in absolute frequency,10M,0-10 meters above sea level,2024,,3070,,N,units,,,,,,,This data was estimated based on population census of year 2023,
DATAFLOW,SPC:DF_POP_LECZ(1.0),Population living in low elevation coastal zones (0-10m and 0-20m above sea level),I,A,Annual,PW,Palau,LECZPOPAF,Population in low elevation coastal zone in absolute frequency,20M,0-20 meters above sea level,2010,,8485,,N,units,,,E,Estimated value,,,This data was estimated based on population census of year 2023,
DATAFLOW,SPC:DF_POP_LECZ(1.0),Population living in low elevation coastal zones (0-10m and 0-20m above sea level),I,A,Annual,PW,Palau,LECZPOPAF,Population in low elevation coastal zone in absolute frequency,20M,0-20 meters above sea level,2011,,8337,,N,units,,,E,Estimated value,,,This data was estimated based on population census of year 2023,
DATAFLOW,SPC:DF_POP_LECZ(1.0),Population living in low elevation coastal zones (0-10m and 0-20m above sea level),I,A,Annual,PW,Palau,LECZPOPAF,Population in low elevation coastal zone in absolute frequency,20M,0-20 meters above sea level,2012,,8194,,N,units,,,E,Estimated value,,,This data was estimated based on population census of year 2023,
DATAFLOW,SPC:DF_POP_LECZ(1.0),Population living in low elevation coastal zones (0-10m and 0-20m above sea level),I,A,Annual,PW,Palau,LECZPOPAF,Population in low elevation coastal zone in absolute frequency,20M,0-20 meters above sea level,2013,,8135,,N,units,,,E,Estimated value,,,This data was estimated based on population census of year 2023,
DATAFLOW,SPC:DF_POP_LECZ(1.0),Population living in low elevation coastal zones (0-10m and 0-20m above sea level),I,A,Annual,PW,Palau,LECZPOPAF,Population in low elevation coastal zone in absolute frequency,20M,0-20 meters above sea level,2014,,8168,,N,units,,,E,Estimated value,,,This data was estimated based on population census of year 2023,
DATAFLOW,SPC:DF_POP_LECZ(1.0),Population living in low elevation coastal zones (0-10m and 0-20m above sea level),I,A,Annual,PW,Palau,LECZPOPAF,Population in low elevation coastal zone in absolute frequency,20M,0-20 meters above sea level,2015,,8196,,N,units,,,E,Estimated value,,,This data was estimated based on population census of year 2023,
DATAFLOW,SPC:DF_POP_LECZ(1.0),Population living in low elevation coastal zones (0-10m and 0-20m above sea level),I,A,Annual,PW,Palau,LECZPOPAF,Population in low elevation coastal zone in absolute frequency,20M,0-20 meters above sea level,2016,,8204,,N,units,,,E,Estimated value,,,This data was estimated based on population census of year 2023,
DATAFLOW,SPC:DF_POP_LECZ(1.0),Population living in low elevation coastal zones (0-10m and 0-20m above sea level),I,A,Annual,PW,Palau,LECZPOPAF,Population in low elevation coastal zone in absolute frequency,20M,0-20 meters above sea level,2017,,8215,,N,units,,,E,Estimated value,,,This data was estimated based on population census of year 2023,
DATAFLOW,SPC:DF_POP_LECZ(1.0),Population living in low elevation coastal zones (0-10m and 0-20m above sea level),I,A,Annual,PW,Palau,LECZPOPAF,Population in low elevation coastal zone in absolute frequency,20M,0-20 meters above sea level,2018,,8214,,N,units,,,E,Estimated value,,,This data was estimated based on population census of year 2023,
DATAFLOW,SPC:DF_POP_LECZ(1.0),Population living in low elevation coastal zones (0-10m and 0-20m above sea level),I,A,Annual,PW,Palau,LECZPOPAF,Population in low elevation coastal zone in absolute frequency,20M,0-20 meters above sea level,2019,,8204,,N,units,,,E,Estimated value,,,This data was estimated based on population census of year 2023,
DATAFLOW,SPC:DF_POP_LECZ(1.0),Population living in low elevation coastal zones (0-10m and 0-20m above sea level),I,A,Annual,PW,Palau,LECZPOPAF,Population in low elevation coastal zone in absolute frequency,20M,0-20 meters above sea level,2020,,8205,,N,units,,,E,Estimated value,,,This data was estimated based on population census of year 2023,
DATAFLOW,SPC:DF_POP_LECZ(1.0),Population living in low elevation coastal zones (0-10m and 0-20m above sea level),I,A,Annual,PW,Palau,LECZPOPAF,Population in low elevation coastal zone in absolute frequency,20M,0-20 meters above sea level,2021,,8201,,N,units,,,E,Estimated value,,,This data was estimated based on population census of year 2023,
DATAFLOW,SPC:DF_POP_LECZ(1.0),Population living in low elevation coastal zones (0-10m and 0-20m above sea level),I,A,Annual,PW,Palau,LECZPOPAF,Population in low elevation coastal zone in absolute frequency,20M,0-20 meters above sea level,2022,,8480,,N,units,,,,,,,This data was estimated based on population census of year 2023,
DATAFLOW,SPC:DF_POP_LECZ(1.0),Population living in low elevation coastal zones (0-10m and 0-20m above sea level),I,A,Annual,PW,Palau,LECZPOPAF,Population in low elevation coastal zone in absolute frequency,20M,0-20 meters above sea level,2023,,8465,,N,units,,,,,,,This data was estimated based on population census of year 2023,
DATAFLOW,SPC:DF_POP_LECZ(1.0),Population living in low elevation coastal zones (0-10m and 0-20m above sea level),I,A,Annual,PW,Palau,LECZPOPAF,Population in low elevation coastal zone in absolute frequency,20M,0-20 meters above sea level,2024,,8450,,N,units,,,,,,,This data was estimated based on population census of year 2023,
DATAFLOW,SPC:DF_POP_LECZ(1.0),Population living in low elevation coastal zones (0-10m and 0-20m above sea level),I,A,Annual,GU,Guam,LECZPOPRF,Population in low elevation coastal zone in relative frequency,10M,0-10 meters above sea level,2010,,6,,PERCENT,percent,,,E,Estimated value,,,This data was estimated based on population census of year 2023,
DATAFLOW,SPC:DF_POP_LECZ(1.0),Population living in low elevation coastal zones (0-10m and 0-20m above sea level),I,A,Annual,GU,Guam,LECZPOPRF,Population in low elevation coastal zone in relative frequency,10M,0-10 meters above sea level,2011,,6,,PERCENT,percent,,,E,Estimated value,,,This data was estimated based on population census of year 2023,
DATAFLOW,SPC:DF_POP_LECZ(1.0),Population living in low elevation coastal zones (0-10m and 0-20m above sea level),I,A,Annual,GU,Guam,LECZPOPRF,Population in low elevation coastal zone in relative frequency,10M,0-10 meters above sea level,2012,,6,,PERCENT,percent,,,E,Estimated value,,,This data was estimated based on population census of year 2023,
DATAFLOW,SPC:DF_POP_LECZ(1.0),Population living in low elevation coastal zones (0-10m and 0-20m above sea level),I,A,Annual,GU,Guam,LECZPOPRF,Population in low elevation coastal zone in relative frequency,10M,0-10 meters above sea level,2013,,6,,PERCENT,percent,,,E,Estimated value,,,This data was estimated based on population census of year 2023,
DATAFLOW,SPC:DF_POP_LECZ(1.0),Population living in low elevation coastal zones (0-10m and 0-20m above sea level),I,A,Annual,GU,Guam,LECZPOPRF,Population in low elevation coastal zone in relative frequency,10M,0-10 meters above sea level,2014,,6,,PERCENT,percent,,,E,Estimated value,,,This data was estimated based on population census of year 2023,
DATAFLOW,SPC:DF_POP_LECZ(1.0),Population living in low elevation coastal zones (0-10m and 0-20m above sea level),I,A,Annual,GU,Guam,LECZPOPRF,Population in low elevation coastal zone in relative frequency,10M,0-10 meters above sea level,2015,,6,,PERCENT,percent,,,E,Estimated value,,,This data was estimated based on population census of year 2023,
DATAFLOW,SPC:DF_POP_LECZ(1.0),Population living in low elevation coastal zones (0-10m and 0-20m above sea level),I,A,Annual,GU,Guam,LECZPOPRF,Population in low elevation coastal zone in relative frequency,10M,0-10 meters above sea level,2016,,6,,PERCENT,percent,,,E,Estimated value,,,This data was estimated based on population census of year 2023,
DATAFLOW,SPC:DF_POP_LECZ(1.0),Population living in low elevation coastal zones (0-10m and 0-20m above sea level),I,A,Annual,GU,Guam,LECZPOPRF,Population in low elevation coastal zone in relative frequency,10M,0-10 meters above sea level,2017,,6,,PERCENT,percent,,,E,Estimated value,,,This data was estimated based on population census of year 2023,
DATAFLOW,SPC:DF_POP_LECZ(1.0),Population living in low elevation coastal zones (0-10m and 0-20m above sea level),I,A,Annual,GU,Guam,LECZPOPRF,Population in low elevation coastal zone in relative frequency,10M,0-10 meters above sea level,2018,,6,,PERCENT,percent,,,E,Estimated value,,,This data was estimated based on population census of year 2023,
DATAFLOW,SPC:DF_POP_LECZ(1.0),Population living in low elevation coastal zones (0-10m and 0-20m above sea level),I,A,Annual,GU,Guam,LECZPOPRF,Population in low elevation coastal zone in relative frequency,10M,0-10 meters above sea level,2019,,6,,PERCENT,percent,,,E,Estimated value,,,This data was estimated based on population census of year 2023,
DATAFLOW,SPC:DF_POP_LECZ(1.0),Population living in low elevation coastal zones (0-10m and 0-20m above sea level),I,A,Annual,GU,Guam,LECZPOPRF,Population in low elevation coastal zone in relative frequency,10M,0-10 meters above sea level,2020,,6,,PERCENT,percent,,,E,Estimated value,,,This data was estimated based on population census of year 2023,
DATAFLOW,SPC:DF_POP_LECZ(1.0),Population living in low elevation coastal zones (0-10m and 0-20m above sea level),I,A,Annual,GU,Guam,LECZPOPRF,Population in low elevation coastal zone in relative frequency,10M,0-10 meters above sea level,2021,,6,,PERCENT,percent,,,E,Estimated value,,,This data was estimated based on population census of year 2023,
DATAFLOW,SPC:DF_POP_LECZ(1.0),Population living in low elevation coastal zones (0-10m and 0-20m above sea level),I,A,Annual,GU,Guam,LECZPOPRF,Population in low elevation coastal zone in relative frequency,10M,0-10 meters above sea level,2022,,4,,PERCENT,percent,,,,,,,This data was estimated based on population census of year 2023,
DATAFLOW,SPC:DF_POP_LECZ(1.0),Population living in low elevation coastal zones (0-10m and 0-20m above sea level),I,A,Annual,GU,Guam,LECZPOPRF,Population in low elevation coastal zone in relative frequency,10M,0-10 meters above sea level,2023,,4,,PERCENT,percent,,,,,,,This data was estimated based on population census of year 2023,
DATAFLOW,SPC:DF_POP_LECZ(1.0),Population living in low elevation coastal zones (0-10m and 0-20m above sea level),I,A,Annual,GU,Guam,LECZPOPRF,Population in low elevation coastal zone in relative frequency,10M,0-10 meters above sea level,2024,,4,,PERCENT,percent,,,,,,,This data was estimated based on population census of year 2023,
DATAFLOW,SPC:DF_POP_LECZ(1.0),Population living in low elevation coastal zones (0-10m and 0-20m above sea level),I,A,Annual,WS,Samoa,LECZPOPRF,Population in low elevation coastal zone in relative frequency,20M,0-20 meters above sea level,2010,,41,,PERCENT,percent,,,E,Estimated value,,,This data was estimated based on population census of year 2023,
DATAFLOW,SPC:DF_POP_LECZ(1.0),Population living in low elevation coastal zones (0-10m and 0-20m above sea level),I,A,Annual,WS,Samoa,LECZPOPRF,Population in low elevation coastal zone in relative frequency,20M,0-20 meters above sea level,2011,,41,,PERCENT,percent,,,E,Estimated value,,,This data was estimated based on population census of year 2023,
DATAFLOW,SPC:DF_POP_LECZ(1.0),Population living in low elevation coastal zones (0-10m and 0-20m above sea level),I,A,Annual,WS,Samoa,LECZPOPRF,Population in low elevation coastal zone in relative frequency,20M,0-20 meters above sea level,2012,,41,,PERCENT,percent,,,E,Estimated value,,,This data was estimated based on population census of year 2023,
DATAFLOW,SPC:DF_POP_LECZ(1.0),Population living in low elevation coastal zones (0-10m and 0-20m above sea level),I,A,Annual,WS,Samoa,LECZPOPRF,Population in low elevation coastal zone in relative frequency,20M,0-20 meters above sea level,2013,,41,,PERCENT,percent,,,E,Estimated value,,,This data was estimated based on population census of year 2023,
DATAFLOW,SPC:DF_POP_LECZ(1.0),Population living in low elevation coastal zones (0-10m and 0-20m above sea level),I,A,Annual,WS,Samoa,LECZPOPRF,Population in low elevation coastal zone in relative frequency,20M,0-20 meters above sea level,2014,,41,,PERCENT,percent,,,E,Estimated value,,,This data was estimated based on population census of year 2023,
DATAFLOW,SPC:DF_POP_LECZ(1.0),Population living in low elevation coastal zones (0-10m and 0-20m above sea level),I,A,Annual,WS,Samoa,LECZPOPRF,Population in low elevation coastal zone in relative frequency,20M,0-20 meters above sea level,2015,,41,,PERCENT,percent,,,E,Estimated value,,,This data was estimated based on population census of year 2023,
DATAFLOW,SPC:DF_POP_LECZ(1.0),Population living in low elevation coastal zones (0-10m and 0-20m above sea level),I,A,Annual,WS,Samoa,LECZPOPRF,Population in low elevation coastal zone in relative frequency,20M,0-20 meters above sea level,2016,,41,,PERCENT,percent,,,E,Estimated value,,,This data was estimated based on population census of year 2023,
DATAFLOW,SPC:DF_POP_LECZ(1.0),Population living in low elevation coastal zones (0-10m and 0-20m above sea level),I,A,Annual,WS,Samoa,LECZPOPRF,Population in low elevation coastal zone in relative frequency,20M,0-20 meters above sea level,2017,,41,,PERCENT,percent,,,E,Estimated value,,,This data was estimated based on population census of year 2023,
DATAFLOW,SPC:DF_POP_LECZ(1.0),Population living in low elevation coastal zones (0-10m and 0-20m above sea level),I,A,Annual,WS,Samoa,LECZPOPRF,Population in low elevation coastal zone in relative frequency,20M,0-20 meters above sea level,2018,,41,,PERCENT,percent,,,E,Estimated value,,,This data was estimated based on population census of year 2023,
DATAFLOW,SPC:DF_POP_LECZ(1.0),Population living in low elevation coastal zones (0-10m and 0-20m above sea level),I,A,Annual,WS,Samoa,LECZPOPRF,Population in low elevation coastal zone in relative frequency,20M,0-20 meters above sea level,2019,,41,,PERCENT,percent,,,E,Estimated value,,,This data was estimated based on population census of year 2023,
DATAFLOW,SPC:DF_POP_LECZ(1.0),Population living in low elevation coastal zones (0-10m and 0-20m above sea level),I,A,Annual,WS,Samoa,LECZPOPRF,Population in low elevation coastal zone in relative frequency,20M,0-20 meters above sea level,2020,,41,,PERCENT,percent,,,E,Estimated value,,,This data was estimated based on population census of year 2023,
DATAFLOW,SPC:DF_POP_LECZ(1.0),Population living in low elevation coastal zones (0-10m and 0-20m above sea level),I,A,Annual,WS,Samoa,LECZPOPRF,Population in low elevation coastal zone in relative frequency,20M,0-20 meters above sea level,2021,,41,,PERCENT,percent,,,E,Estimated value,,,This data was estimated based on population census of year 2023,
DATAFLOW,SPC:DF_POP_LECZ(1.0),Population living in low elevation coastal zones (0-10m and 0-20m above sea level),I,A,Annual,WS,Samoa,LECZPOPRF,Population in low elevation coastal zone in relative frequency,20M,0-20 meters above sea level,2022,,37,,PERCENT,percent,,,,,,,This data was estimated based on population census of year 2023,
DATAFLOW,SPC:DF_POP_LECZ(1.0),Population living in low elevation coastal zones (0-10m and 0-20m above sea level),I,A,Annual,WS,Samoa,LECZPOPRF,Population in low elevation coastal zone in relative frequency,20M,0-20 meters above sea level,2023,,37,,PERCENT,percent,,,,,,,This data was estimated based on population census of year 2023,
DATAFLOW,SPC:DF_POP_LECZ(1.0),Population living in low elevation coastal zones (0-10m and 0-20m above sea level),I,A,Annual,WS,Samoa,LECZPOPRF,Population in low elevation coastal zone in relative frequency,20M,0-20 meters above sea level,2024,,37,,PERCENT,percent,,,,,,,This data was estimated based on population census of year 2023,
DATAFLOW,SPC:DF_POP_LECZ(1.0),Population living in low elevation coastal zones (0-10m and 0-20m above sea level),I,A,Annual,TV,Tuvalu,LECZPOPAF,Population in low elevation coastal zone in absolute frequency,_T,Total,2010,,10656,,N,units,,,E,Estimated value,,,Estimated mid-year population for year 2010.,
DATAFLOW,SPC:DF_POP_LECZ(1.0),Population living in low elevation coastal zones (0-10m and 0-20m above sea level),I,A,Annual,TV,Tuvalu,LECZPOPAF,Population in low elevation coastal zone in absolute frequency,_T,Total,2011,,10825,,N,units,,,E,Estimated value,,,Estimated mid-year population for year 2011.,
DATAFLOW,SPC:DF_POP_LECZ(1.0),Population living in low elevation coastal zones (0-10m and 0-20m above sea level),I,A,Annual,TV,Tuvalu,LECZPOPAF,Population in low elevation coastal zone in absolute frequency,_T,Total,2012,,10974,,N,units,,,E,Estimated value,,,Estimated mid-year population for year 2012.,
DATAFLOW,SPC:DF_POP_LECZ(1.0),Population living in low elevation coastal zones (0-10m and 0-20m above sea level),I,A,Annual,TV,Tuvalu,LECZPOPAF,Population in low elevation coastal zone in absolute frequency,_T,Total,2013,,11041,,N,units,,,E,Estimated value,,,Estimated mid-year population for year 2013.,
DATAFLOW,SPC:DF_POP_LECZ(1.0),Population living in low elevation coastal zones (0-10m and 0-20m above sea level),I,A,Annual,TV,Tuvalu,LECZPOPAF,Population in low elevation coastal zone in absolute frequency,_T,Total,2014,,11027,,N,units,,,E,Estimated value,,,Estimated mid-year population for year 2014.,
DATAFLOW,SPC:DF_POP_LECZ(1.0),Population living in low elevation coastal zones (0-10m and 0-20m above sea level),I,A,Annual,TV,Tuvalu,LECZPOPAF,Population in low elevation coastal zone in absolute frequency,_T,Total,2015,,11002,,N,units,,,E,Estimated value,,,Estimated mid-year population for year 2015.,
DATAFLOW,SPC:DF_POP_LECZ(1.0),Population living in low elevation coastal zones (0-10m and 0-20m above sea level),I,A,Annual,TV,Tuvalu,LECZPOPAF,Population in low elevation coastal zone in absolute frequency,_T,Total,2016,,10973,,N,units,,,E,Estimated value,,,Estimated mid-year population for year 2016.,
DATAFLOW,SPC:DF_POP_LECZ(1.0),Population living in low elevation coastal zones (0-10m and 0-20m above sea level),I,A,Annual,TV,Tuvalu,LECZPOPAF,Population in low elevation coastal zone in absolute frequency,_T,Total,2017,,10913,,N,units,,,E,Estimated value,,,Estimated mid-year population for year 2017.,
DATAFLOW,SPC:DF_POP_LECZ(1.0),Population living in low elevation coastal zones (0-10m and 0-20m above sea level),I,A,Annual,TV,Tuvalu,LECZPOPAF,Population in low elevation coastal zone in absolute frequency,_T,Total,2018,,10793,,N,units,,,E,Estimated value,,,Estimated mid-year population for year 2018.,
DATAFLOW,SPC:DF_POP_LECZ(1.0),Population living in low elevation coastal zones (0-10m and 0-20m above sea level),I,A,Annual,TV,Tuvalu,LECZPOPAF,Population in low elevation coastal zone in absolute frequency,_T,Total,2019,,10626,,N,units,,,E,Estimated value,,,Estimated mid-year population for year 2019.,
DATAFLOW,SPC:DF_POP_LECZ(1.0),Population living in low elevation coastal zones (0-10m and 0-20m above sea level),I,A,Annual,TV,Tuvalu,LECZPOPAF,Population in low elevation coastal zone in absolute frequency,_T,Total,2020,,10446,,N,units,,,E,Estimated value,,,Estimated mid-year population for year 2020.,
DATAFLOW,SPC:DF_POP_LECZ(1.0),Population living in low elevation coastal zones (0-10m and 0-20m above sea level),I,A,Annual,TV,Tuvalu,LECZPOPAF,Population in low elevation coastal zone in absolute frequency,_T,Total,2021,,10242,,N,units,,,E,Estimated value,,,Estimated mid-year population for year 2021.,
DATAFLOW,SPC:DF_POP_LECZ(1.0),Population living in low elevation coastal zones (0-10m and 0-20m above sea level),I,A,Annual,MP,Northern Mariana Islands,LECZPOPAF,Population in low elevation coastal zone in absolute frequency,_T,Total,2010,,54142,,N,units,,,E,Estimated value,,,Estimated mid-year population for year 2010.,
DATAFLOW,SPC:DF_POP_LECZ(1.0),Population living in low elevation coastal zones (0-10m and 0-20m above sea level),I,A,Annual,MP,Northern Mariana Islands,LECZPOPAF,Population in low elevation coastal zone in absolute frequency,_T,Total,2011,,53658,,N,units,,,E,Estimated value,,,Estimated mid-year population for year 2011.,
DATAFLOW,SPC:DF_POP_LECZ(1.0),Population living in low elevation coastal zones (0-10m and 0-20m above sea level),I,A,Annual,MP,Northern Mariana Islands,LECZPOPAF,Population in low elevation coastal zone in absolute frequency,_T,Total,2012,,53277,,N,units,,,E,Estimated value,,,Estimated mid-year population for year 2012.,
DATAFLOW,SPC:DF_POP_LECZ(1.0),Population living in low elevation coastal zones (0-10m and 0-20m above sea level),I,A,Annual,MP,Northern Mariana Islands,LECZPOPAF,Population in low elevation coastal zone in absolute frequency,_T,Total,2013,,52801,,N,units,,,E,Estimated value,,,Estimated mid-year population for year 2013.,
DATAFLOW,SPC:DF_POP_LECZ(1.0),Population living in low elevation coastal zones (0-10m and 0-20m above sea level),I,A,Annual,MP,Northern Mariana Islands,LECZPOPAF,Population in low elevation coastal zone in absolute frequency,_T,Total,2014,,52219,,N,units,,,E,Estimated value,,,Estimated mid-year population for year 2014.,
DATAFLOW,SPC:DF_POP_LECZ(1.0),Population living in low elevation coastal zones (0-10m and 0-20m above sea level),I,A,Annual,MP,Northern Mariana Islands,LECZPOPAF,Population in low elevation coastal zone in absolute frequency,_T,Total,2015,,51558,,N,units,,,E,Estimated value,,,Estimated mid-year population for year 2015.,
DATAFLOW,SPC:DF_POP_LECZ(1.0),Population living in low elevation coastal zones (0-10m and 0-20m above sea level),I,A,Annual,MP,Northern Mariana Islands,LECZPOPAF,Population in low elevation coastal zone in absolute frequency,_T,Total,2016,,50817,,N,units,,,E,Estimated value,,,Estimated mid-year population for year 2016.,
DATAFLOW,SPC:DF_POP_LECZ(1.0),Population living in low elevation coastal zones (0-10m and 0-20m above sea level),I,A,Annual,MP,Northern Mariana Islands,LECZPOPAF,Population in low elevation coastal zone in absolute frequency,_T,Total,2017,,50007,,N,units,,,E,Estimated value,,,Estimated mid-year population for year 2017.,
DATAFLOW,SPC:DF_POP_LECZ(1.0),Population living in low elevation coastal zones (0-10m and 0-20m above sea level),I,A,Annual,MP,Northern Mariana Islands,LECZPOPAF,Population in low elevation coastal zone in absolute frequency,_T,Total,2018,,49123,,N,units,,,E,Estimated value,,,Estimated mid-year population for year 2018.,
DATAFLOW,SPC:DF_POP_LECZ(1.0),Population living in low elevation coastal zones (0-10m and 0-20m above sea level),I,A,Annual,MP,Northern Mariana Islands,LECZPOPAF,Population in low elevation coastal zone in absolute frequency,_T,Total,2019,,48178,,N,units,,,E,Estimated value,,,Estimated mid-year population for year 2019.,
DATAFLOW,SPC:DF_POP_LECZ(1.0),Population living in low elevation coastal zones (0-10m and 0-20m above sea level),I,A,Annual,MP,Northern Mariana Islands,LECZPOPAF,Population in low elevation coastal zone in absolute frequency,_T,Total,2020,,47573,,N,units,,,E,Estimated value,,,Estimated mid-year population for year 2020.,
DATAFLOW,SPC:DF_POP_LECZ(1.0),Population living in low elevation coastal zones (0-10m and 0-20m above sea level),I,A,Annual,MP,Northern Mariana Islands,LECZPOPAF,Population in low elevation coastal zone in absolute frequency,_T,Total,2021,,47032,,N,units,,,E,Estimated value,,,Estimated mid-year population for year 2021.,
DATAFLOW,SPC:DF_POP_LECZ(1.0),Population living in low elevation coastal zones (0-10m and 0-20m above sea level),I,A,Annual,NC,New Caledonia,LECZPOPAF,Population in low elevation coastal zone in absolute frequency,10M,0-10 meters above sea level,2010,,49704,,N,units,,,E,Estimated value,,,This data was estimated based on population census of year 2023,
DATAFLOW,SPC:DF_POP_LECZ(1.0),Population living in low elevation coastal zones (0-10m and 0-20m above sea level),I,A,Annual,NC,New Caledonia,LECZPOPAF,Population in low elevation coastal zone in absolute frequency,10M,0-10 meters above sea level,2011,,50647,,N,units,,,E,Estimated value,,,This data was estimated based on population census of year 2023,
DATAFLOW,SPC:DF_POP_LECZ(1.0),Population living in low elevation coastal zones (0-10m and 0-20m above sea level),I,A,Annual,NC,New Caledonia,LECZPOPAF,Population in low elevation coastal zone in absolute frequency,10M,0-10 meters above sea level,2012,,51615,,N,units,,,E,Estimated value,,,This data was estimated based on population census of year 2023,
DATAFLOW,SPC:DF_POP_LECZ(1.0),Population living in low elevation coastal zones (0-10m and 0-20m above sea level),I,A,Annual,NC,New Caledonia,LECZPOPAF,Population in low elevation coastal zone in absolute frequency,10M,0-10 meters above sea level,2013,,52602,,N,units,,,E,Estimated value,,,This data was estimated based on population census of year 2023,
DATAFLOW,SPC:DF_POP_LECZ(1.0),Population living in low elevation coastal zones (0-10m and 0-20m above sea level),I,A,Annual,NC,New Caledonia,LECZPOPAF,Population in low elevation coastal zone in absolute frequency,10M,0-10 meters above sea level,2014,,53438,,N,units,,,E,Estimated value,,,This data was estimated based on population census of year 2023,
DATAFLOW,SPC:DF_POP_LECZ(1.0),Population living in low elevation coastal zones (0-10m and 0-20m above sea level),I,A,Annual,NC,New Caledonia,LECZPOPAF,Population in low elevation coastal zone in absolute frequency,10M,0-10 meters above sea level,2015,,53807,,N,units,,,E,Estimated value,,,This data was estimated based on population census of year 2023,
DATAFLOW,SPC:DF_POP_LECZ(1.0),Population living in low elevation coastal zones (0-10m and 0-20m above sea level),I,A,Annual,NC,New Caledonia,LECZPOPAF,Population in low elevation coastal zone in absolute frequency,10M,0-10 meters above sea level,2016,,53854,,N,units,,,E,Estimated value,,,This data was estimated based on population census of year 2023,
DATAFLOW,SPC:DF_POP_LECZ(1.0),Population living in low elevation coastal zones (0-10m and 0-20m above sea level),I,A,Annual,NC,New Caledonia,LECZPOPAF,Population in low elevation coastal zone in absolute frequency,10M,0-10 meters above sea level,2017,,53878,,N,units,,,E,Estimated value,,,This data was estimated based on population census of year 2023,
DATAFLOW,SPC:DF_POP_LECZ(1.0),Population living in low elevation coastal zones (0-10m and 0-20m above sea level),I,A,Annual,NC,New Caledonia,LECZPOPAF,Population in low elevation coastal zone in absolute frequency,10M,0-10 meters above sea level,2018,,53877,,N,units,,,E,Estimated value,,,This data was estimated based on population census of year 2023,
DATAFLOW,SPC:DF_POP_LECZ(1.0),Population living in low elevation coastal zones (0-10m and 0-20m above sea level),I,A,Annual,NC,New Caledonia,LECZPOPAF,Population in low elevation coastal zone in absolute frequency,10M,0-10 meters above sea level,2019,,53888,,N,units,,,E,Estimated value,,,This data was estimated based on population census of year 2023,
DATAFLOW,SPC:DF_POP_LECZ(1.0),Population living in low elevation coastal zones (0-10m and 0-20m above sea level),I,A,Annual,NC,New Caledonia,LECZPOPAF,Population in low elevation coastal zone in absolute frequency,10M,0-10 meters above sea level,2020,,53998,,N,units,,,E,Estimated value,,,This data was estimated based on population census of year 2023,
DATAFLOW,SPC:DF_POP_LECZ(1.0),Population living in low elevation coastal zones (0-10m and 0-20m above sea level),I,A,Annual,NC,New Caledonia,LECZPOPAF,Population in low elevation coastal zone in absolute frequency,10M,0-10 meters above sea level,2021,,54194,,N,units,,,E,Estimated value,,,This data was estimated based on population census of year 2023,
DATAFLOW,SPC:DF_POP_LECZ(1.0),Population living in low elevation coastal zones (0-10m and 0-20m above sea level),I,A,Annual,NC,New Caledonia,LECZPOPAF,Population in low elevation coastal zone in absolute frequency,10M,0-10 meters above sea level,2022,,89152,,N,units,,,,,,,This data was estimated based on population census of year 2023,
DATAFLOW,SPC:DF_POP_LECZ(1.0),Population living in low elevation coastal zones (0-10m and 0-20m above sea level),I,A,Annual,NC,New Caledonia,LECZPOPAF,Population in low elevation coastal zone in absolute frequency,10M,0-10 meters above sea level,2023,,90004,,N,units,,,,,,,This data was estimated based on population census of year 2023,
DATAFLOW,SPC:DF_POP_LECZ(1.0),Population living in low elevation coastal zones (0-10m and 0-20m above sea level),I,A,Annual,NC,New Caledonia,LECZPOPAF,Population in low elevation coastal zone in absolute frequency,10M,0-10 meters above sea level,2024,,90865,,N,units,,,,,,,This data was estimated based on population census of year 2023,
DATAFLOW,SPC:DF_POP_LECZ(1.0),Population living in low elevation coastal zones (0-10m and 0-20m above sea level),I,A,Annual,MH,Marshall Islands,LECZPOPAF,Population in low elevation coastal zone in absolute frequency,5M,0-5 meters above sea level,2010,,31518,,N,units,,,,,,,This data was estimated based on population census of year 2021,
DATAFLOW,SPC:DF_POP_LECZ(1.0),Population living in low elevation coastal zones (0-10m and 0-20m above sea level),I,A,Annual,MH,Marshall Islands,LECZPOPAF,Population in low elevation coastal zone in absolute frequency,5M,0-5 meters above sea level,2011,,31435,,N,units,,,,,,,This data was estimated based on population census of year 2021,
DATAFLOW,SPC:DF_POP_LECZ(1.0),Population living in low elevation coastal zones (0-10m and 0-20m above sea level),I,A,Annual,MH,Marshall Islands,LECZPOPAF,Population in low elevation coastal zone in absolute frequency,5M,0-5 meters above sea level,2012,,31139,,N,units,,,,,,,This data was estimated based on population census of year 2021,
DATAFLOW,SPC:DF_POP_LECZ(1.0),Population living in low elevation coastal zones (0-10m and 0-20m above sea level),I,A,Annual,MH,Marshall Islands,LECZPOPAF,Population in low elevation coastal zone in absolute frequency,5M,0-5 meters above sea level,2013,,30692,,N,units,,,,,,,This data was estimated based on population census of year 2021,
DATAFLOW,SPC:DF_POP_LECZ(1.0),Population living in low elevation coastal zones (0-10m and 0-20m above sea level),I,A,Annual,MH,Marshall Islands,LECZPOPAF,Population in low elevation coastal zone in absolute frequency,5M,0-5 meters above sea level,2014,,30156,,N,units,,,,,,,This data was estimated based on population census of year 2021,
DATAFLOW,SPC:DF_POP_LECZ(1.0),Population living in low elevation coastal zones (0-10m and 0-20m above sea level),I,A,Annual,MH,Marshall Islands,LECZPOPAF,Population in low elevation coastal zone in absolute frequency,5M,0-5 meters above sea level,2015,,29554,,N,units,,,,,,,This data was estimated based on population census of year 2021,
DATAFLOW,SPC:DF_POP_LECZ(1.0),Population living in low elevation coastal zones (0-10m and 0-20m above sea level),I,A,Annual,MH,Marshall Islands,LECZPOPAF,Population in low elevation coastal zone in absolute frequency,5M,0-5 meters above sea level,2016,,28893,,N,units,,,,,,,This data was estimated based on population census of year 2021,
DATAFLOW,SPC:DF_POP_LECZ(1.0),Population living in low elevation coastal zones (0-10m and 0-20m above sea level),I,A,Annual,MH,Marshall Islands,LECZPOPAF,Population in low elevation coastal zone in absolute frequency,5M,0-5 meters above sea level,2017,,28178,,N,units,,,,,,,This data was estimated based on population census of year 2021,
DATAFLOW,SPC:DF_POP_LECZ(1.0),Population living in low elevation coastal zones (0-10m and 0-20m above sea level),I,A,Annual,MH,Marshall Islands,LECZPOPAF,Population in low elevation coastal zone in absolute frequency,5M,0-5 meters above sea level,2018,,27425,,N,units,,,,,,,This data was estimated based on population census of year 2021,
DATAFLOW,SPC:DF_POP_LECZ(1.0),Population living in low elevation coastal zones (0-10m and 0-20m above sea level),I,A,Annual,MH,Marshall Islands,LECZPOPAF,Population in low elevation coastal zone in absolute frequency,5M,0-5 meters above sea level,2019,,26650,,N,units,,,,,,,This data was estimated based on population census of year 2021,
DATAFLOW,SPC:DF_POP_LECZ(1.0),Population living in low elevation coastal zones (0-10m and 0-20m above sea level),I,A,Annual,MH,Marshall Islands,LECZPOPAF,Population in low elevation coastal zone in absolute frequency,5M,0-5 meters above sea level,2020,,25863,,N,units,,,,,,,This data was estimated based on population census of year 2021,
DATAFLOW,SPC:DF_POP_LECZ(1.0),Population living in low elevation coastal zones (0-10m and 0-20m above sea level),I,A,Annual,MH,Marshall Islands,LECZPOPAF,Population in low elevation coastal zone in absolute frequency,5M,0-5 meters above sea level,2021,,25052,,N,units,,,,,,,This data was estimated based on population census of year 2021,
DATAFLOW,SPC:DF_POP_LECZ(1.0),Population living in low elevation coastal zones (0-10m and 0-20m above sea level),I,A,Annual,MH,Marshall Islands,LECZPOPAF,Population in low elevation coastal zone in absolute frequency,5M,0-5 meters above sea level,2022,,24271,,N,units,,,,,,,This data was estimated based on population census of year 2021,
DATAFLOW,SPC:DF_POP_LECZ(1.0),Population living in low elevation coastal zones (0-10m and 0-20m above sea level),I,A,Annual,MH,Marshall Islands,LECZPOPAF,Population in low elevation coastal zone in absolute frequency,5M,0-5 meters above sea level,2023,,23514,,N,units,,,,,,,This data was estimated based on population census of year 2021,
DATAFLOW,SPC:DF_POP_LECZ(1.0),Population living in low elevation coastal zones (0-10m and 0-20m above sea level),I,A,Annual,MH,Marshall Islands,LECZPOPAF,Population in low elevation coastal zone in absolute frequency,5M,0-5 meters above sea level,2024,,22739,,N,units,,,,,,,This data was estimated based on population census of year 2021,
DATAFLOW,SPC:DF_POP_LECZ(1.0),Population living in low elevation coastal zones (0-10m and 0-20m above sea level),I,A,Annual,TO,Tonga,LECZPOPAF,Population in low elevation coastal zone in absolute frequency,5M,0-5 meters above sea level,2010,,3630,,N,units,,,,,,,This data was estimated based on population census of year 2021,
DATAFLOW,SPC:DF_POP_LECZ(1.0),Population living in low elevation coastal zones (0-10m and 0-20m above sea level),I,A,Annual,TO,Tonga,LECZPOPAF,Population in low elevation coastal zone in absolute frequency,5M,0-5 meters above sea level,2011,,3636,,N,units,,,,,,,This data was estimated based on population census of year 2021,
DATAFLOW,SPC:DF_POP_LECZ(1.0),Population living in low elevation coastal zones (0-10m and 0-20m above sea level),I,A,Annual,TO,Tonga,LECZPOPAF,Population in low elevation coastal zone in absolute frequency,5M,0-5 meters above sea level,2012,,3632,,N,units,,,,,,,This data was estimated based on population census of year 2021,
DATAFLOW,SPC:DF_POP_LECZ(1.0),Population living in low elevation coastal zones (0-10m and 0-20m above sea level),I,A,Annual,TO,Tonga,LECZPOPAF,Population in low elevation coastal zone in absolute frequency,5M,0-5 meters above sea level,2013,,3619,,N,units,,,,,,,This data was estimated based on population census of year 2021,
DATAFLOW,SPC:DF_POP_LECZ(1.0),Population living in low elevation coastal zones (0-10m and 0-20m above sea level),I,A,Annual,TO,Tonga,LECZPOPAF,Population in low elevation coastal zone in absolute frequency,5M,0-5 meters above sea level,2014,,3603,,N,units,,,,,,,This data was estimated based on population census of year 2021,
DATAFLOW,SPC:DF_POP_LECZ(1.0),Population living in low elevation coastal zones (0-10m and 0-20m above sea level),I,A,Annual,TO,Tonga,LECZPOPAF,Population in low elevation coastal zone in absolute frequency,5M,0-5 meters above sea level,2015,,3586,,N,units,,,,,,,This data was estimated based on population census of year 2021,
DATAFLOW,SPC:DF_POP_LECZ(1.0),Population living in low elevation coastal zones (0-10m and 0-20m above sea level),I,A,Annual,TO,Tonga,LECZPOPAF,Population in low elevation coastal zone in absolute frequency,5M,0-5 meters above sea level,2016,,3567,,N,units,,,,,,,This data was estimated based on population census of year 2021,
DATAFLOW,SPC:DF_POP_LECZ(1.0),Population living in low elevation coastal zones (0-10m and 0-20m above sea level),I,A,Annual,TO,Tonga,LECZPOPAF,Population in low elevation coastal zone in absolute frequency,5M,0-5 meters above sea level,2017,,3561,,N,units,,,,,,,This data was estimated based on population census of year 2021,
DATAFLOW,SPC:DF_POP_LECZ(1.0),Population living in low elevation coastal zones (0-10m and 0-20m above sea level),I,A,Annual,TO,Tonga,LECZPOPAF,Population in low elevation coastal zone in absolute frequency,5M,0-5 meters above sea level,2018,,3568,,N,units,,,,,,,This data was estimated based on population census of year 2021,
DATAFLOW,SPC:DF_POP_LECZ(1.0),Population living in low elevation coastal zones (0-10m and 0-20m above sea level),I,A,Annual,TO,Tonga,LECZPOPAF,Population in low elevation coastal zone in absolute frequency,5M,0-5 meters above sea level,2019,,3572,,N,units,,,,,,,This data was estimated based on population census of year 2021,
DATAFLOW,SPC:DF_POP_LECZ(1.0),Population living in low elevation coastal zones (0-10m and 0-20m above sea level),I,A,Annual,TO,Tonga,LECZPOPAF,Population in low elevation coastal zone in absolute frequency,5M,0-5 meters above sea level,2020,,3573,,N,units,,,,,,,This data was estimated based on population census of year 2021,
DATAFLOW,SPC:DF_POP_LECZ(1.0),Population living in low elevation coastal zones (0-10m and 0-20m above sea level),I,A,Annual,TO,Tonga,LECZPOPAF,Population in low elevation coastal zone in absolute frequency,5M,0-5 meters above sea level,2021,,3566,,N,units,,,,,,,This data was estimated based on population census of year 2021,
DATAFLOW,SPC:DF_POP_LECZ(1.0),Population living in low elevation coastal zones (0-10m and 0-20m above sea level),I,A,Annual,TO,Tonga,LECZPOPAF,Population in low elevation coastal zone in absolute frequency,5M,0-5 meters above sea level,2022,,3550,,N,units,,,,,,,This data was estimated based on population census of year 2021,
DATAFLOW,SPC:DF_POP_LECZ(1.0),Population living in low elevation coastal zones (0-10m and 0-20m above sea level),I,A,Annual,TO,Tonga,LECZPOPAF,Population in low elevation coastal zone in absolute frequency,5M,0-5 meters above sea level,2023,,3535,,N,units,,,,,,,This data was estimated based on population census of year 2021,
DATAFLOW,SPC:DF_POP_LECZ(1.0),Population living in low elevation coastal zones (0-10m and 0-20m above sea level),I,A,Annual,TO,Tonga,LECZPOPAF,Population in low elevation coastal zone in absolute frequency,5M,0-5 meters above sea level,2024,,3521,,N,units,,,,,,,This data was estimated based on population census of year 2021,
DATAFLOW,SPC:DF_POP_LECZ(1.0),Population living in low elevation coastal zones (0-10m and 0-20m above sea level),I,A,Annual,WS,Samoa,LECZPOPRF,Population in low elevation coastal zone in relative frequency,10M,0-10 meters above sea level,2010,,15,,PERCENT,percent,,,E,Estimated value,,,This data was estimated based on population census of year 2023,
DATAFLOW,SPC:DF_POP_LECZ(1.0),Population living in low elevation coastal zones (0-10m and 0-20m above sea level),I,A,Annual,WS,Samoa,LECZPOPRF,Population in low elevation coastal zone in relative frequency,10M,0-10 meters above sea level,2011,,15,,PERCENT,percent,,,E,Estimated value,,,This data was estimated based on population census of year 2023,
DATAFLOW,SPC:DF_POP_LECZ(1.0),Population living in low elevation coastal zones (0-10m and 0-20m above sea level),I,A,Annual,WS,Samoa,LECZPOPRF,Population in low elevation coastal zone in relative frequency,10M,0-10 meters above sea level,2012,,15,,PERCENT,percent,,,E,Estimated value,,,This data was estimated based on population census of year 2023,
DATAFLOW,SPC:DF_POP_LECZ(1.0),Population living in low elevation coastal zones (0-10m and 0-20m above sea level),I,A,Annual,WS,Samoa,LECZPOPRF,Population in low elevation coastal zone in relative frequency,10M,0-10 meters above sea level,2013,,15,,PERCENT,percent,,,E,Estimated value,,,This data was estimated based on population census of year 2023,
DATAFLOW,SPC:DF_POP_LECZ(1.0),Population living in low elevation coastal zones (0-10m and 0-20m above sea level),I,A,Annual,WS,Samoa,LECZPOPRF,Population in low elevation coastal zone in relative frequency,10M,0-10 meters above sea level,2014,,15,,PERCENT,percent,,,E,Estimated value,,,This data was estimated based on population census of year 2023,
DATAFLOW,SPC:DF_POP_LECZ(1.0),Population living in low elevation coastal zones (0-10m and 0-20m above sea level),I,A,Annual,WS,Samoa,LECZPOPRF,Population in low elevation coastal zone in relative frequency,10M,0-10 meters above sea level,2015,,15,,PERCENT,percent,,,E,Estimated value,,,This data was estimated based on population census of year 2023,
DATAFLOW,SPC:DF_POP_LECZ(1.0),Population living in low elevation coastal zones (0-10m and 0-20m above sea level),I,A,Annual,WS,Samoa,LECZPOPRF,Population in low elevation coastal zone in relative frequency,10M,0-10 meters above sea level,2016,,15,,PERCENT,percent,,,E,Estimated value,,,This data was estimated based on population census of year 2023,
DATAFLOW,SPC:DF_POP_LECZ(1.0),Population living in low elevation coastal zones (0-10m and 0-20m above sea level),I,A,Annual,WS,Samoa,LECZPOPRF,Population in low elevation coastal zone in relative frequency,10M,0-10 meters above sea level,2017,,15,,PERCENT,percent,,,E,Estimated value,,,This data was estimated based on population census of year 2023,
DATAFLOW,SPC:DF_POP_LECZ(1.0),Population living in low elevation coastal zones (0-10m and 0-20m above sea level),I,A,Annual,WS,Samoa,LECZPOPRF,Population in low elevation coastal zone in relative frequency,10M,0-10 meters above sea level,2018,,15,,PERCENT,percent,,,E,Estimated value,,,This data was estimated based on population census of year 2023,
DATAFLOW,SPC:DF_POP_LECZ(1.0),Population living in low elevation coastal zones (0-10m and 0-20m above sea level),I,A,Annual,WS,Samoa,LECZPOPRF,Population in low elevation coastal zone in relative frequency,10M,0-10 meters above sea level,2019,,15,,PERCENT,percent,,,E,Estimated value,,,This data was estimated based on population census of year 2023,
DATAFLOW,SPC:DF_POP_LECZ(1.0),Population living in low elevation coastal zones (0-10m and 0-20m above sea level),I,A,Annual,WS,Samoa,LECZPOPRF,Population in low elevation coastal zone in relative frequency,10M,0-10 meters above sea level,2020,,15,,PERCENT,percent,,,E,Estimated value,,,This data was estimated based on population census of year 2023,
DATAFLOW,SPC:DF_POP_LECZ(1.0),Population living in low elevation coastal zones (0-10m and 0-20m above sea level),I,A,Annual,WS,Samoa,LECZPOPRF,Population in low elevation coastal zone in relative frequency,10M,0-10 meters above sea level,2021,,15,,PERCENT,percent,,,E,Estimated value,,,This data was estimated based on population census of year 2023,
DATAFLOW,SPC:DF_POP_LECZ(1.0),Population living in low elevation coastal zones (0-10m and 0-20m above sea level),I,A,Annual,WS,Samoa,LECZPOPRF,Population in low elevation coastal zone in relative frequency,10M,0-10 meters above sea level,2022,,13,,PERCENT,percent,,,,,,,This data was estimated based on population census of year 2023,
DATAFLOW,SPC:DF_POP_LECZ(1.0),Population living in low elevation coastal zones (0-10m and 0-20m above sea level),I,A,Annual,WS,Samoa,LECZPOPRF,Population in low elevation coastal zone in relative frequency,10M,0-10 meters above sea level,2023,,13,,PERCENT,percent,,,,,,,This data was estimated based on population census of year 2023,
DATAFLOW,SPC:DF_POP_LECZ(1.0),Population living in low elevation coastal zones (0-10m and 0-20m above sea level),I,A,Annual,WS,Samoa,LECZPOPRF,Population in low elevation coastal zone in relative frequency,10M,0-10 meters above sea level,2024,,13,,PERCENT,percent,,,,,,,This data was estimated based on population census of year 2023,
DATAFLOW,SPC:DF_POP_LECZ(1.0),Population living in low elevation coastal zones (0-10m and 0-20m above sea level),I,A,Annual,NU,Niue,LECZPOPRF,Population in low elevation coastal zone in relative frequency,20M,0-20 meters above sea level,2010,,3,,PERCENT,percent,,,E,Estimated value,,,This data was estimated based on population census of year 2022,
DATAFLOW,SPC:DF_POP_LECZ(1.0),Population living in low elevation coastal zones (0-10m and 0-20m above sea level),I,A,Annual,NU,Niue,LECZPOPRF,Population in low elevation coastal zone in relative frequency,20M,0-20 meters above sea level,2011,,3,,PERCENT,percent,,,E,Estimated value,,,This data was estimated based on population census of year 2022,
DATAFLOW,SPC:DF_POP_LECZ(1.0),Population living in low elevation coastal zones (0-10m and 0-20m above sea level),I,A,Annual,NU,Niue,LECZPOPRF,Population in low elevation coastal zone in relative frequency,20M,0-20 meters above sea level,2012,,3,,PERCENT,percent,,,E,Estimated value,,,This data was estimated based on population census of year 2022,
DATAFLOW,SPC:DF_POP_LECZ(1.0),Population living in low elevation coastal zones (0-10m and 0-20m above sea level),I,A,Annual,NU,Niue,LECZPOPRF,Population in low elevation coastal zone in relative frequency,20M,0-20 meters above sea level,2013,,3,,PERCENT,percent,,,E,Estimated value,,,This data was estimated based on population census of year 2022,
DATAFLOW,SPC:DF_POP_LECZ(1.0),Population living in low elevation coastal zones (0-10m and 0-20m above sea level),I,A,Annual,NU,Niue,LECZPOPRF,Population in low elevation coastal zone in relative frequency,20M,0-20 meters above sea level,2014,,3,,PERCENT,percent,,,E,Estimated value,,,This data was estimated based on population census of year 2022,
DATAFLOW,SPC:DF_POP_LECZ(1.0),Population living in low elevation coastal zones (0-10m and 0-20m above sea level),I,A,Annual,NU,Niue,LECZPOPRF,Population in low elevation coastal zone in relative frequency,20M,0-20 meters above sea level,2015,,3,,PERCENT,percent,,,E,Estimated value,,,This data was estimated based on population census of year 2022,
DATAFLOW,SPC:DF_POP_LECZ(1.0),Population living in low elevation coastal zones (0-10m and 0-20m above sea level),I,A,Annual,NU,Niue,LECZPOPRF,Population in low elevation coastal zone in relative frequency,20M,0-20 meters above sea level,2016,,3,,PERCENT,percent,,,E,Estimated value,,,This data was estimated based on population census of year 2022,
DATAFLOW,SPC:DF_POP_LECZ(1.0),Population living in low elevation coastal zones (0-10m and 0-20m above sea level),I,A,Annual,NU,Niue,LECZPOPRF,Population in low elevation coastal zone in relative frequency,20M,0-20 meters above sea level,2017,,3,,PERCENT,percent,,,E,Estimated value,,,This data was estimated based on population census of year 2022,
DATAFLOW,SPC:DF_POP_LECZ(1.0),Population living in low elevation coastal zones (0-10m and 0-20m above sea level),I,A,Annual,NU,Niue,LECZPOPRF,Population in low elevation coastal zone in relative frequency,20M,0-20 meters above sea level,2018,,3,,PERCENT,percent,,,E,Estimated value,,,This data was estimated based on population census of year 2022,
DATAFLOW,SPC:DF_POP_LECZ(1.0),Population living in low elevation coastal zones (0-10m and 0-20m above sea level),I,A,Annual,NU,Niue,LECZPOPRF,Population in low elevation coastal zone in relative frequency,20M,0-20 meters above sea level,2019,,3,,PERCENT,percent,,,E,Estimated value,,,This data was estimated based on population census of year 2022,
DATAFLOW,SPC:DF_POP_LECZ(1.0),Population living in low elevation coastal zones (0-10m and 0-20m above sea level),I,A,Annual,NU,Niue,LECZPOPRF,Population in low elevation coastal zone in relative frequency,20M,0-20 meters above sea level,2020,,3,,PERCENT,percent,,,E,Estimated value,,,This data was estimated based on population census of year 2022,
DATAFLOW,SPC:DF_POP_LECZ(1.0),Population living in low elevation coastal zones (0-10m and 0-20m above sea level),I,A,Annual,NU,Niue,LECZPOPRF,Population in low elevation coastal zone in relative frequency,20M,0-20 meters above sea level,2021,,3,,PERCENT,percent,,,E,Estimated value,,,This data was estimated based on population census of year 2022,
DATAFLOW,SPC:DF_POP_LECZ(1.0),Population living in low elevation coastal zones (0-10m and 0-20m above sea level),I,A,Annual,NU,Niue,LECZPOPRF,Population in low elevation coastal zone in relative frequency,20M,0-20 meters above sea level,2022,,3,,PERCENT,percent,,,,,,,This data was estimated based on population census of year 2022,
DATAFLOW,SPC:DF_POP_LECZ(1.0),Population living in low elevation coastal zones (0-10m and 0-20m above sea level),I,A,Annual,NU,Niue,LECZPOPRF,Population in low elevation coastal zone in relative frequency,20M,0-20 meters above sea level,2023,,3,,PERCENT,percent,,,,,,,This data was estimated based on population census of year 2022,
DATAFLOW,SPC:DF_POP_LECZ(1.0),Population living in low elevation coastal zones (0-10m and 0-20m above sea level),I,A,Annual,NU,Niue,LECZPOPRF,Population in low elevation coastal zone in relative frequency,20M,0-20 meters above sea level,2024,,3,,PERCENT,percent,,,,,,,This data was estimated based on population census of year 2022,
DATAFLOW,SPC:DF_POP_LECZ(1.0),Population living in low elevation coastal zones (0-10m and 0-20m above sea level),I,A,Annual,CK,Cook Islands,LECZPOPAF,Population in low elevation coastal zone in absolute frequency,_T,Total,2010,,17023,,N,units,,,E,Estimated value,,,Estimated mid-year population for year 2010.,
DATAFLOW,SPC:DF_POP_LECZ(1.0),Population living in low elevation coastal zones (0-10m and 0-20m above sea level),I,A,Annual,CK,Cook Islands,LECZPOPAF,Population in low elevation coastal zone in absolute frequency,_T,Total,2011,,17502,,N,units,,,E,Estimated value,,,Estimated mid-year population for year 2011.,
DATAFLOW,SPC:DF_POP_LECZ(1.0),Population living in low elevation coastal zones (0-10m and 0-20m above sea level),I,A,Annual,CK,Cook Islands,LECZPOPAF,Population in low elevation coastal zone in absolute frequency,_T,Total,2012,,17709,,N,units,,,E,Estimated value,,,Estimated mid-year population for year 2012.,
DATAFLOW,SPC:DF_POP_LECZ(1.0),Population living in low elevation coastal zones (0-10m and 0-20m above sea level),I,A,Annual,CK,Cook Islands,LECZPOPAF,Population in low elevation coastal zone in absolute frequency,_T,Total,2013,,17655,,N,units,,,E,Estimated value,,,Estimated mid-year population for year 2013.,
DATAFLOW,SPC:DF_POP_LECZ(1.0),Population living in low elevation coastal zones (0-10m and 0-20m above sea level),I,A,Annual,CK,Cook Islands,LECZPOPAF,Population in low elevation coastal zone in absolute frequency,_T,Total,2014,,17578,,N,units,,,E,Estimated value,,,Estimated mid-year population for year 2014.,
DATAFLOW,SPC:DF_POP_LECZ(1.0),Population living in low elevation coastal zones (0-10m and 0-20m above sea level),I,A,Annual,CK,Cook Islands,LECZPOPAF,Population in low elevation coastal zone in absolute frequency,_T,Total,2015,,17493,,N,units,,,E,Estimated value,,,Estimated mid-year population for year 2015.,
DATAFLOW,SPC:DF_POP_LECZ(1.0),Population living in low elevation coastal zones (0-10m and 0-20m above sea level),I,A,Annual,CK,Cook Islands,LECZPOPAF,Population in low elevation coastal zone in absolute frequency,_T,Total,2016,,17378,,N,units,,,E,Estimated value,,,Estimated mid-year population for year 2016.,
DATAFLOW,SPC:DF_POP_LECZ(1.0),Population living in low elevation coastal zones (0-10m and 0-20m above sea level),I,A,Annual,CK,Cook Islands,LECZPOPAF,Population in low elevation coastal zone in absolute frequency,_T,Total,2017,,17095,,N,units,,,E,Estimated value,,,Estimated mid-year population for year 2017.,
DATAFLOW,SPC:DF_POP_LECZ(1.0),Population living in low elevation coastal zones (0-10m and 0-20m above sea level),I,A,Annual,CK,Cook Islands,LECZPOPAF,Population in low elevation coastal zone in absolute frequency,_T,Total,2018,,16636,,N,units,,,E,Estimated value,,,Estimated mid-year population for year 2018.,
DATAFLOW,SPC:DF_POP_LECZ(1.0),Population living in low elevation coastal zones (0-10m and 0-20m above sea level),I,A,Annual,CK,Cook Islands,LECZPOPAF,Population in low elevation coastal zone in absolute frequency,_T,Total,2019,,16177,,N,units,,,E,Estimated value,,,Estimated mid-year population for year 2019.,
DATAFLOW,SPC:DF_POP_LECZ(1.0),Population living in low elevation coastal zones (0-10m and 0-20m above sea level),I,A,Annual,CK,Cook Islands,LECZPOPAF,Population in low elevation coastal zone in absolute frequency,_T,Total,2020,,15692,,N,units,,,E,Estimated value,,,Estimated mid-year population for year 2020.,
DATAFLOW,SPC:DF_POP_LECZ(1.0),Population living in low elevation coastal zones (0-10m and 0-20m above sea level),I,A,Annual,CK,Cook Islands,LECZPOPAF,Population in low elevation coastal zone in absolute frequency,_T,Total,2021,,15228,,N,units,,,E,Estimated value,,,Estimated mid-year population for year 2021.,
DATAFLOW,SPC:DF_POP_LECZ(1.0),Population living in low elevation coastal zones (0-10m and 0-20m above sea level),I,A,Annual,AS,American Samoa,LECZPOPAF,Population in low elevation coastal zone in absolute frequency,5M,0-5 meters above sea level,2010,,6180,,N,units,,,,,,,This data was estimated based on population census of year 2023,
DATAFLOW,SPC:DF_POP_LECZ(1.0),Population living in low elevation coastal zones (0-10m and 0-20m above sea level),I,A,Annual,AS,American Samoa,LECZPOPAF,Population in low elevation coastal zone in absolute frequency,5M,0-5 meters above sea level,2011,,6143,,N,units,,,,,,,This data was estimated based on population census of year 2023,
DATAFLOW,SPC:DF_POP_LECZ(1.0),Population living in low elevation coastal zones (0-10m and 0-20m above sea level),I,A,Annual,AS,American Samoa,LECZPOPAF,Population in low elevation coastal zone in absolute frequency,5M,0-5 meters above sea level,2012,,6097,,N,units,,,,,,,This data was estimated based on population census of year 2023,
DATAFLOW,SPC:DF_POP_LECZ(1.0),Population living in low elevation coastal zones (0-10m and 0-20m above sea level),I,A,Annual,AS,American Samoa,LECZPOPAF,Population in low elevation coastal zone in absolute frequency,5M,0-5 meters above sea level,2013,,6043,,N,units,,,,,,,This data was estimated based on population census of year 2023,
DATAFLOW,SPC:DF_POP_LECZ(1.0),Population living in low elevation coastal zones (0-10m and 0-20m above sea level),I,A,Annual,AS,American Samoa,LECZPOPAF,Population in low elevation coastal zone in absolute frequency,5M,0-5 meters above sea level,2014,,5983,,N,units,,,,,,,This data was estimated based on population census of year 2023,
DATAFLOW,SPC:DF_POP_LECZ(1.0),Population living in low elevation coastal zones (0-10m and 0-20m above sea level),I,A,Annual,AS,American Samoa,LECZPOPAF,Population in low elevation coastal zone in absolute frequency,5M,0-5 meters above sea level,2015,,5917,,N,units,,,,,,,This data was estimated based on population census of year 2023,
DATAFLOW,SPC:DF_POP_LECZ(1.0),Population living in low elevation coastal zones (0-10m and 0-20m above sea level),I,A,Annual,AS,American Samoa,LECZPOPAF,Population in low elevation coastal zone in absolute frequency,5M,0-5 meters above sea level,2016,,5846,,N,units,,,,,,,This data was estimated based on population census of year 2023,
DATAFLOW,SPC:DF_POP_LECZ(1.0),Population living in low elevation coastal zones (0-10m and 0-20m above sea level),I,A,Annual,AS,American Samoa,LECZPOPAF,Population in low elevation coastal zone in absolute frequency,5M,0-5 meters above sea level,2017,,5772,,N,units,,,,,,,This data was estimated based on population census of year 2023,
DATAFLOW,SPC:DF_POP_LECZ(1.0),Population living in low elevation coastal zones (0-10m and 0-20m above sea level),I,A,Annual,AS,American Samoa,LECZPOPAF,Population in low elevation coastal zone in absolute frequency,5M,0-5 meters above sea level,2018,,5697,,N,units,,,,,,,This data was estimated based on population census of year 2023,
DATAFLOW,SPC:DF_POP_LECZ(1.0),Population living in low elevation coastal zones (0-10m and 0-20m above sea level),I,A,Annual,AS,American Samoa,LECZPOPAF,Population in low elevation coastal zone in absolute frequency,5M,0-5 meters above sea level,2019,,5618,,N,units,,,,,,,This data was estimated based on population census of year 2023,
DATAFLOW,SPC:DF_POP_LECZ(1.0),Population living in low elevation coastal zones (0-10m and 0-20m above sea level),I,A,Annual,AS,American Samoa,LECZPOPAF,Population in low elevation coastal zone in absolute frequency,5M,0-5 meters above sea level,2020,,5568,,N,units,,,,,,,This data was estimated based on population census of year 2023,
DATAFLOW,SPC:DF_POP_LECZ(1.0),Population living in low elevation coastal zones (0-10m and 0-20m above sea level),I,A,Annual,AS,American Samoa,LECZPOPAF,Population in low elevation coastal zone in absolute frequency,5M,0-5 meters above sea level,2021,,5508,,N,units,,,,,,,This data was estimated based on population census of year 2023,
DATAFLOW,SPC:DF_POP_LECZ(1.0),Population living in low elevation coastal zones (0-10m and 0-20m above sea level),I,A,Annual,AS,American Samoa,LECZPOPAF,Population in low elevation coastal zone in absolute frequency,5M,0-5 meters above sea level,2022,,5409,,N,units,,,,,,,This data was estimated based on population census of year 2023,
DATAFLOW,SPC:DF_POP_LECZ(1.0),Population living in low elevation coastal zones (0-10m and 0-20m above sea level),I,A,Annual,AS,American Samoa,LECZPOPAF,Population in low elevation coastal zone in absolute frequency,5M,0-5 meters above sea level,2023,,5318,,N,units,,,,,,,This data was estimated based on population census of year 2023,
DATAFLOW,SPC:DF_POP_LECZ(1.0),Population living in low elevation coastal zones (0-10m and 0-20m above sea level),I,A,Annual,AS,American Samoa,LECZPOPAF,Population in low elevation coastal zone in absolute frequency,5M,0-5 meters above sea level,2024,,5233,,N,units,,,,,,,This data was estimated based on population census of year 2023,
DATAFLOW,SPC:DF_POP_LECZ(1.0),Population living in low elevation coastal zones (0-10m and 0-20m above sea level),I,A,Annual,PN,Pitcairn,LECZPOPRF,Population in low elevation coastal zone in relative frequency,5M,0-5 meters above sea level,2010,,,,PERCENT,percent,,,O,Missing value,,,,
DATAFLOW,SPC:DF_POP_LECZ(1.0),Population living in low elevation coastal zones (0-10m and 0-20m above sea level),I,A,Annual,PN,Pitcairn,LECZPOPRF,Population in low elevation coastal zone in relative frequency,5M,0-5 meters above sea level,2011,,,,PERCENT,percent,,,O,Missing value,,,,
DATAFLOW,SPC:DF_POP_LECZ(1.0),Population living in low elevation coastal zones (0-10m and 0-20m above sea level),I,A,Annual,PN,Pitcairn,LECZPOPRF,Population in low elevation coastal zone in relative frequency,5M,0-5 meters above sea level,2012,,,,PERCENT,percent,,,O,Missing value,,,,
DATAFLOW,SPC:DF_POP_LECZ(1.0),Population living in low elevation coastal zones (0-10m and 0-20m above sea level),I,A,Annual,PN,Pitcairn,LECZPOPRF,Population in low elevation coastal zone in relative frequency,5M,0-5 meters above sea level,2013,,,,PERCENT,percent,,,O,Missing value,,,,
DATAFLOW,SPC:DF_POP_LECZ(1.0),Population living in low elevation coastal zones (0-10m and 0-20m above sea level),I,A,Annual,PN,Pitcairn,LECZPOPRF,Population in low elevation coastal zone in relative frequency,5M,0-5 meters above sea level,2014,,,,PERCENT,percent,,,O,Missing value,,,,
DATAFLOW,SPC:DF_POP_LECZ(1.0),Population living in low elevation coastal zones (0-10m and 0-20m above sea level),I,A,Annual,PN,Pitcairn,LECZPOPRF,Population in low elevation coastal zone in relative frequency,5M,0-5 meters above sea level,2015,,,,PERCENT,percent,,,O,Missing value,,,,
DATAFLOW,SPC:DF_POP_LECZ(1.0),Population living in low elevation coastal zones (0-10m and 0-20m above sea level),I,A,Annual,PN,Pitcairn,LECZPOPRF,Population in low elevation coastal zone in relative frequency,5M,0-5 meters above sea level,2016,,,,PERCENT,percent,,,O,Missing value,,,,
DATAFLOW,SPC:DF_POP_LECZ(1.0),Population living in low elevation coastal zones (0-10m and 0-20m above sea level),I,A,Annual,PN,Pitcairn,LECZPOPRF,Population in low elevation coastal zone in relative frequency,5M,0-5 meters above sea level,2017,,,,PERCENT,percent,,,O,Missing value,,,,
DATAFLOW,SPC:DF_POP_LECZ(1.0),Population living in low elevation coastal zones (0-10m and 0-20m above sea level),I,A,Annual,PN,Pitcairn,LECZPOPRF,Population in low elevation coastal zone in relative frequency,5M,0-5 meters above sea level,2018,,,,PERCENT,percent,,,O,Missing value,,,,
DATAFLOW,SPC:DF_POP_LECZ(1.0),Population living in low elevation coastal zones (0-10m and 0-20m above sea level),I,A,Annual,PN,Pitcairn,LECZPOPRF,Population in low elevation coastal zone in relative frequency,5M,0-5 meters above sea level,2019,,,,PERCENT,percent,,,O,Missing value,,,,
DATAFLOW,SPC:DF_POP_LECZ(1.0),Population living in low elevation coastal zones (0-10m and 0-20m above sea level),I,A,Annual,PN,Pitcairn,LECZPOPRF,Population in low elevation coastal zone in relative frequency,5M,0-5 meters above sea level,2020,,,,PERCENT,percent,,,O,Missing value,,,,
DATAFLOW,SPC:DF_POP_LECZ(1.0),Population living in low elevation coastal zones (0-10m and 0-20m above sea level),I,A,Annual,PN,Pitcairn,LECZPOPRF,Population in low elevation coastal zone in relative frequency,5M,0-5 meters above sea level,2021,,,,PERCENT,percent,,,O,Missing value,,,,
DATAFLOW,SPC:DF_POP_LECZ(1.0),Population living in low elevation coastal zones (0-10m and 0-20m above sea level),I,A,Annual,PN,Pitcairn,LECZPOPRF,Population in low elevation coastal zone in relative frequency,5M,0-5 meters above sea level,2022,,,,PERCENT,percent,,,O,Missing value,,,,
DATAFLOW,SPC:DF_POP_LECZ(1.0),Population living in low elevation coastal zones (0-10m and 0-20m above sea level),I,A,Annual,PN,Pitcairn,LECZPOPRF,Population in low elevation coastal zone in relative frequency,5M,0-5 meters above sea level,2023,,,,PERCENT,percent,,,O,Missing value,,,,
DATAFLOW,SPC:DF_POP_LECZ(1.0),Population living in low elevation coastal zones (0-10m and 0-20m above sea level),I,A,Annual,PN,Pitcairn,LECZPOPRF,Population in low elevation coastal zone in relative frequency,5M,0-5 meters above sea level,2024,,,,PERCENT,percent,,,O,Missing value,,,,
DATAFLOW,SPC:DF_POP_LECZ(1.0),Population living in low elevation coastal zones (0-10m and 0-20m above sea level),I,A,Annual,WF,Wallis and Futuna,LECZPOPAF,Population in low elevation coastal zone in absolute frequency,20M,0-20 meters above sea level,2010,,8324,,N,units,,,E,Estimated value,,,This data was estimated based on population census of year 2023,
DATAFLOW,SPC:DF_POP_LECZ(1.0),Population living in low elevation coastal zones (0-10m and 0-20m above sea level),I,A,Annual,WF,Wallis and Futuna,LECZPOPAF,Population in low elevation coastal zone in absolute frequency,20M,0-20 meters above sea level,2011,,8171,,N,units,,,E,Estimated value,,,This data was estimated based on population census of year 2023,
DATAFLOW,SPC:DF_POP_LECZ(1.0),Population living in low elevation coastal zones (0-10m and 0-20m above sea level),I,A,Annual,WF,Wallis and Futuna,LECZPOPAF,Population in low elevation coastal zone in absolute frequency,20M,0-20 meters above sea level,2012,,8020,,N,units,,,E,Estimated value,,,This data was estimated based on population census of year 2023,
DATAFLOW,SPC:DF_POP_LECZ(1.0),Population living in low elevation coastal zones (0-10m and 0-20m above sea level),I,A,Annual,WF,Wallis and Futuna,LECZPOPAF,Population in low elevation coastal zone in absolute frequency,20M,0-20 meters above sea level,2013,,7891,,N,units,,,E,Estimated value,,,This data was estimated based on population census of year 2023,
DATAFLOW,SPC:DF_POP_LECZ(1.0),Population living in low elevation coastal zones (0-10m and 0-20m above sea level),I,A,Annual,WF,Wallis and Futuna,LECZPOPAF,Population in low elevation coastal zone in absolute frequency,20M,0-20 meters above sea level,2014,,7781,,N,units,,,E,Estimated value,,,This data was estimated based on population census of year 2023,
DATAFLOW,SPC:DF_POP_LECZ(1.0),Population living in low elevation coastal zones (0-10m and 0-20m above sea level),I,A,Annual,WF,Wallis and Futuna,LECZPOPAF,Population in low elevation coastal zone in absolute frequency,20M,0-20 meters above sea level,2015,,7691,,N,units,,,E,Estimated value,,,This data was estimated based on population census of year 2023,
DATAFLOW,SPC:DF_POP_LECZ(1.0),Population living in low elevation coastal zones (0-10m and 0-20m above sea level),I,A,Annual,WF,Wallis and Futuna,LECZPOPAF,Population in low elevation coastal zone in absolute frequency,20M,0-20 meters above sea level,2016,,7613,,N,units,,,E,Estimated value,,,This data was estimated based on population census of year 2023,
DATAFLOW,SPC:DF_POP_LECZ(1.0),Population living in low elevation coastal zones (0-10m and 0-20m above sea level),I,A,Annual,WF,Wallis and Futuna,LECZPOPAF,Population in low elevation coastal zone in absolute frequency,20M,0-20 meters above sea level,2017,,7541,,N,units,,,E,Estimated value,,,This data was estimated based on population census of year 2023,
DATAFLOW,SPC:DF_POP_LECZ(1.0),Population living in low elevation coastal zones (0-10m and 0-20m above sea level),I,A,Annual,WF,Wallis and Futuna,LECZPOPAF,Population in low elevation coastal zone in absolute frequency,20M,0-20 meters above sea level,2018,,7465,,N,units,,,E,Estimated value,,,This data was estimated based on population census of year 2023,
DATAFLOW,SPC:DF_POP_LECZ(1.0),Population living in low elevation coastal zones (0-10m and 0-20m above sea level),I,A,Annual,WF,Wallis and Futuna,LECZPOPAF,Population in low elevation coastal zone in absolute frequency,20M,0-20 meters above sea level,2019,,7392,,N,units,,,E,Estimated value,,,This data was estimated based on population census of year 2023,
DATAFLOW,SPC:DF_POP_LECZ(1.0),Population living in low elevation coastal zones (0-10m and 0-20m above sea level),I,A,Annual,WF,Wallis and Futuna,LECZPOPAF,Population in low elevation coastal zone in absolute frequency,20M,0-20 meters above sea level,2020,,7348,,N,units,,,E,Estimated value,,,This data was estimated based on population census of year 2023,
DATAFLOW,SPC:DF_POP_LECZ(1.0),Population living in low elevation coastal zones (0-10m and 0-20m above sea level),I,A,Annual,WF,Wallis and Futuna,LECZPOPAF,Population in low elevation coastal zone in absolute frequency,20M,0-20 meters above sea level,2021,,7323,,N,units,,,E,Estimated value,,,This data was estimated based on population census of year 2023,
DATAFLOW,SPC:DF_POP_LECZ(1.0),Population living in low elevation coastal zones (0-10m and 0-20m above sea level),I,A,Annual,WF,Wallis and Futuna,LECZPOPAF,Population in low elevation coastal zone in absolute frequency,20M,0-20 meters above sea level,2022,,7270,,N,units,,,,,,,This data was estimated based on population census of year 2023,
DATAFLOW,SPC:DF_POP_LECZ(1.0),Population living in low elevation coastal zones (0-10m and 0-20m above sea level),I,A,Annual,WF,Wallis and Futuna,LECZPOPAF,Population in low elevation coastal zone in absolute frequency,20M,0-20 meters above sea level,2023,,7202,,N,units,,,,,,,This data was estimated based on population census of year 2023,
DATAFLOW,SPC:DF_POP_LECZ(1.0),Population living in low elevation coastal zones (0-10m and 0-20m above sea level),I,A,Annual,WF,Wallis and Futuna,LECZPOPAF,Population in low elevation coastal zone in absolute frequency,20M,0-20 meters above sea level,2024,,7143,,N,units,,,,,,,This data was estimated based on population census of year 2023,
DATAFLOW,SPC:DF_POP_LECZ(1.0),Population living in low elevation coastal zones (0-10m and 0-20m above sea level),I,A,Annual,FM,Micronesia (Federated States of),LECZPOPAF,Population in low elevation coastal zone in absolute frequency,20M,0-20 meters above sea level,2010,,65624,,N,units,,,E,Estimated value,,,This data was estimated based on population census of year 2023,
DATAFLOW,SPC:DF_POP_LECZ(1.0),Population living in low elevation coastal zones (0-10m and 0-20m above sea level),I,A,Annual,FM,Micronesia (Federated States of),LECZPOPAF,Population in low elevation coastal zone in absolute frequency,20M,0-20 meters above sea level,2011,,65715,,N,units,,,E,Estimated value,,,This data was estimated based on population census of year 2023,
DATAFLOW,SPC:DF_POP_LECZ(1.0),Population living in low elevation coastal zones (0-10m and 0-20m above sea level),I,A,Annual,FM,Micronesia (Federated States of),LECZPOPAF,Population in low elevation coastal zone in absolute frequency,20M,0-20 meters above sea level,2012,,65832,,N,units,,,E,Estimated value,,,This data was estimated based on population census of year 2023,
DATAFLOW,SPC:DF_POP_LECZ(1.0),Population living in low elevation coastal zones (0-10m and 0-20m above sea level),I,A,Annual,FM,Micronesia (Federated States of),LECZPOPAF,Population in low elevation coastal zone in absolute frequency,20M,0-20 meters above sea level,2013,,65977,,N,units,,,E,Estimated value,,,This data was estimated based on population census of year 2023,
DATAFLOW,SPC:DF_POP_LECZ(1.0),Population living in low elevation coastal zones (0-10m and 0-20m above sea level),I,A,Annual,FM,Micronesia (Federated States of),LECZPOPAF,Population in low elevation coastal zone in absolute frequency,20M,0-20 meters above sea level,2014,,66142,,N,units,,,E,Estimated value,,,This data was estimated based on population census of year 2023,
DATAFLOW,SPC:DF_POP_LECZ(1.0),Population living in low elevation coastal zones (0-10m and 0-20m above sea level),I,A,Annual,FM,Micronesia (Federated States of),LECZPOPAF,Population in low elevation coastal zone in absolute frequency,20M,0-20 meters above sea level,2015,,66334,,N,units,,,E,Estimated value,,,This data was estimated based on population census of year 2023,
DATAFLOW,SPC:DF_POP_LECZ(1.0),Population living in low elevation coastal zones (0-10m and 0-20m above sea level),I,A,Annual,FM,Micronesia (Federated States of),LECZPOPAF,Population in low elevation coastal zone in absolute frequency,20M,0-20 meters above sea level,2016,,66552,,N,units,,,E,Estimated value,,,This data was estimated based on population census of year 2023,
DATAFLOW,SPC:DF_POP_LECZ(1.0),Population living in low elevation coastal zones (0-10m and 0-20m above sea level),I,A,Annual,FM,Micronesia (Federated States of),LECZPOPAF,Population in low elevation coastal zone in absolute frequency,20M,0-20 meters above sea level,2017,,66800,,N,units,,,E,Estimated value,,,This data was estimated based on population census of year 2023,
DATAFLOW,SPC:DF_POP_LECZ(1.0),Population living in low elevation coastal zones (0-10m and 0-20m above sea level),I,A,Annual,FM,Micronesia (Federated States of),LECZPOPAF,Population in low elevation coastal zone in absolute frequency,20M,0-20 meters above sea level,2018,,67064,,N,units,,,E,Estimated value,,,This data was estimated based on population census of year 2023,
DATAFLOW,SPC:DF_POP_LECZ(1.0),Population living in low elevation coastal zones (0-10m and 0-20m above sea level),I,A,Annual,FM,Micronesia (Federated States of),LECZPOPAF,Population in low elevation coastal zone in absolute frequency,20M,0-20 meters above sea level,2019,,67296,,N,units,,,E,Estimated value,,,This data was estimated based on population census of year 2023,
DATAFLOW,SPC:DF_POP_LECZ(1.0),Population living in low elevation coastal zones (0-10m and 0-20m above sea level),I,A,Annual,FM,Micronesia (Federated States of),LECZPOPAF,Population in low elevation coastal zone in absolute frequency,20M,0-20 meters above sea level,2020,,67680,,N,units,,,E,Estimated value,,,This data was estimated based on population census of year 2023,
DATAFLOW,SPC:DF_POP_LECZ(1.0),Population living in low elevation coastal zones (0-10m and 0-20m above sea level),I,A,Annual,FM,Micronesia (Federated States of),LECZPOPAF,Population in low elevation coastal zone in absolute frequency,20M,0-20 meters above sea level,2021,,68110,,N,units,,,E,Estimated value,,,This data was estimated based on population census of year 2023,
DATAFLOW,SPC:DF_POP_LECZ(1.0),Population living in low elevation coastal zones (0-10m and 0-20m above sea level),I,A,Annual,FM,Micronesia (Federated States of),LECZPOPAF,Population in low elevation coastal zone in absolute frequency,20M,0-20 meters above sea level,2022,,67537,,N,units,,,,,,,This data was estimated based on population census of year 2023,
DATAFLOW,SPC:DF_POP_LECZ(1.0),Population living in low elevation coastal zones (0-10m and 0-20m above sea level),I,A,Annual,FM,Micronesia (Federated States of),LECZPOPAF,Population in low elevation coastal zone in absolute frequency,20M,0-20 meters above sea level,2023,,67849,,N,units,,,,,,,This data was estimated based on population census of year 2023,
DATAFLOW,SPC:DF_POP_LECZ(1.0),Population living in low elevation coastal zones (0-10m and 0-20m above sea level),I,A,Annual,FM,Micronesia (Federated States of),LECZPOPAF,Population in low elevation coastal zone in absolute frequency,20M,0-20 meters above sea level,2024,,68168,,N,units,,,,,,,This data was estimated based on population census of year 2023,
DATAFLOW,SPC:DF_POP_LECZ(1.0),Population living in low elevation coastal zones (0-10m and 0-20m above sea level),I,A,Annual,KI,Kiribati,LECZPOPRF,Population in low elevation coastal zone in relative frequency,20M,0-20 meters above sea level,2010,,100,,PERCENT,percent,,,E,Estimated value,,,This data was estimated based on population census of year 2023,
DATAFLOW,SPC:DF_POP_LECZ(1.0),Population living in low elevation coastal zones (0-10m and 0-20m above sea level),I,A,Annual,KI,Kiribati,LECZPOPRF,Population in low elevation coastal zone in relative frequency,20M,0-20 meters above sea level,2011,,100,,PERCENT,percent,,,E,Estimated value,,,This data was estimated based on population census of year 2023,
DATAFLOW,SPC:DF_POP_LECZ(1.0),Population living in low elevation coastal zones (0-10m and 0-20m above sea level),I,A,Annual,KI,Kiribati,LECZPOPRF,Population in low elevation coastal zone in relative frequency,20M,0-20 meters above sea level,2012,,100,,PERCENT,percent,,,E,Estimated value,,,This data was estimated based on population census of year 2023,
DATAFLOW,SPC:DF_POP_LECZ(1.0),Population living in low elevation coastal zones (0-10m and 0-20m above sea level),I,A,Annual,KI,Kiribati,LECZPOPRF,Population in low elevation coastal zone in relative frequency,20M,0-20 meters above sea level,2013,,100,,PERCENT,percent,,,E,Estimated value,,,This data was estimated based on population census of year 2023,
DATAFLOW,SPC:DF_POP_LECZ(1.0),Population living in low elevation coastal zones (0-10m and 0-20m above sea level),I,A,Annual,KI,Kiribati,LECZPOPRF,Population in low elevation coastal zone in relative frequency,20M,0-20 meters above sea level,2014,,100,,PERCENT,percent,,,E,Estimated value,,,This data was estimated based on population census of year 2023,
DATAFLOW,SPC:DF_POP_LECZ(1.0),Population living in low elevation coastal zones (0-10m and 0-20m above sea level),I,A,Annual,KI,Kiribati,LECZPOPRF,Population in low elevation coastal zone in relative frequency,20M,0-20 meters above sea level,2015,,100,,PERCENT,percent,,,E,Estimated value,,,This data was estimated based on population census of year 2023,
DATAFLOW,SPC:DF_POP_LECZ(1.0),Population living in low elevation coastal zones (0-10m and 0-20m above sea level),I,A,Annual,KI,Kiribati,LECZPOPRF,Population in low elevation coastal zone in relative frequency,20M,0-20 meters above sea level,2016,,100,,PERCENT,percent,,,E,Estimated value,,,This data was estimated based on population census of year 2023,
DATAFLOW,SPC:DF_POP_LECZ(1.0),Population living in low elevation coastal zones (0-10m and 0-20m above sea level),I,A,Annual,KI,Kiribati,LECZPOPRF,Population in low elevation coastal zone in relative frequency,20M,0-20 meters above sea level,2017,,100,,PERCENT,percent,,,E,Estimated value,,,This data was estimated based on population census of year 2023,
DATAFLOW,SPC:DF_POP_LECZ(1.0),Population living in low elevation coastal zones (0-10m and 0-20m above sea level),I,A,Annual,KI,Kiribati,LECZPOPRF,Population in low elevation coastal zone in relative frequency,20M,0-20 meters above sea level,2018,,100,,PERCENT,percent,,,E,Estimated value,,,This data was estimated based on population census of year 2023,
DATAFLOW,SPC:DF_POP_LECZ(1.0),Population living in low elevation coastal zones (0-10m and 0-20m above sea level),I,A,Annual,KI,Kiribati,LECZPOPRF,Population in low elevation coastal zone in relative frequency,20M,0-20 meters above sea level,2019,,100,,PERCENT,percent,,,E,Estimated value,,,This data was estimated based on population census of year 2023,
DATAFLOW,SPC:DF_POP_LECZ(1.0),Population living in low elevation coastal zones (0-10m and 0-20m above sea level),I,A,Annual,KI,Kiribati,LECZPOPRF,Population in low elevation coastal zone in relative frequency,20M,0-20 meters above sea level,2020,,100,,PERCENT,percent,,,E,Estimated value,,,This data was estimated based on population census of year 2023,
DATAFLOW,SPC:DF_POP_LECZ(1.0),Population living in low elevation coastal zones (0-10m and 0-20m above sea level),I,A,Annual,KI,Kiribati,LECZPOPRF,Population in low elevation coastal zone in relative frequency,20M,0-20 meters above sea level,2021,,100,,PERCENT,percent,,,E,Estimated value,,,This data was estimated based on population census of year 2023,
DATAFLOW,SPC:DF_POP_LECZ(1.0),Population living in low elevation coastal zones (0-10m and 0-20m above sea level),I,A,Annual,KI,Kiribati,LECZPOPRF,Population in low elevation coastal zone in relative frequency,20M,0-20 meters above sea level,2022,,99,,PERCENT,percent,,,,,,,This data was estimated based on population census of year 2023,
DATAFLOW,SPC:DF_POP_LECZ(1.0),Population living in low elevation coastal zones (0-10m and 0-20m above sea level),I,A,Annual,KI,Kiribati,LECZPOPRF,Population in low elevation coastal zone in relative frequency,20M,0-20 meters above sea level,2023,,99,,PERCENT,percent,,,,,,,This data was estimated based on population census of year 2023,
DATAFLOW,SPC:DF_POP_LECZ(1.0),Population living in low elevation coastal zones (0-10m and 0-20m above sea level),I,A,Annual,KI,Kiribati,LECZPOPRF,Population in low elevation coastal zone in relative frequency,20M,0-20 meters above sea level,2024,,99,,PERCENT,percent,,,,,,,This data was estimated based on population census of year 2023,
DATAFLOW,SPC:DF_POP_LECZ(1.0),Population living in low elevation coastal zones (0-10m and 0-20m above sea level),I,A,Annual,NU,Niue,LECZPOPRF,Population in low elevation coastal zone in relative frequency,10M,0-10 meters above sea level,2010,,1,,PERCENT,percent,,,E,Estimated value,,,This data was estimated based on population census of year 2022,
DATAFLOW,SPC:DF_POP_LECZ(1.0),Population living in low elevation coastal zones (0-10m and 0-20m above sea level),I,A,Annual,NU,Niue,LECZPOPRF,Population in low elevation coastal zone in relative frequency,10M,0-10 meters above sea level,2011,,1,,PERCENT,percent,,,E,Estimated value,,,This data was estimated based on population census of year 2022,
DATAFLOW,SPC:DF_POP_LECZ(1.0),Population living in low elevation coastal zones (0-10m and 0-20m above sea level),I,A,Annual,NU,Niue,LECZPOPRF,Population in low elevation coastal zone in relative frequency,10M,0-10 meters above sea level,2012,,1,,PERCENT,percent,,,E,Estimated value,,,This data was estimated based on population census of year 2022,
DATAFLOW,SPC:DF_POP_LECZ(1.0),Population living in low elevation coastal zones (0-10m and 0-20m above sea level),I,A,Annual,NU,Niue,LECZPOPRF,Population in low elevation coastal zone in relative frequency,10M,0-10 meters above sea level,2013,,1,,PERCENT,percent,,,E,Estimated value,,,This data was estimated based on population census of year 2022,
DATAFLOW,SPC:DF_POP_LECZ(1.0),Population living in low elevation coastal zones (0-10m and 0-20m above sea level),I,A,Annual,NU,Niue,LECZPOPRF,Population in low elevation coastal zone in relative frequency,10M,0-10 meters above sea level,2014,,1,,PERCENT,percent,,,E,Estimated value,,,This data was estimated based on population census of year 2022,
DATAFLOW,SPC:DF_POP_LECZ(1.0),Population living in low elevation coastal zones (0-10m and 0-20m above sea level),I,A,Annual,NU,Niue,LECZPOPRF,Population in low elevation coastal zone in relative frequency,10M,0-10 meters above sea level,2015,,1,,PERCENT,percent,,,E,Estimated value,,,This data was estimated based on population census of year 2022,
DATAFLOW,SPC:DF_POP_LECZ(1.0),Population living in low elevation coastal zones (0-10m and 0-20m above sea level),I,A,Annual,NU,Niue,LECZPOPRF,Population in low elevation coastal zone in relative frequency,10M,0-10 meters above sea level,2016,,1,,PERCENT,percent,,,E,Estimated value,,,This data was estimated based on population census of year 2022,
DATAFLOW,SPC:DF_POP_LECZ(1.0),Population living in low elevation coastal zones (0-10m and 0-20m above sea level),I,A,Annual,NU,Niue,LECZPOPRF,Population in low elevation coastal zone in relative frequency,10M,0-10 meters above sea level,2017,,1,,PERCENT,percent,,,E,Estimated value,,,This data was estimated based on population census of year 2022,
DATAFLOW,SPC:DF_POP_LECZ(1.0),Population living in low elevation coastal zones (0-10m and 0-20m above sea level),I,A,Annual,NU,Niue,LECZPOPRF,Population in low elevation coastal zone in relative frequency,10M,0-10 meters above sea level,2018,,1,,PERCENT,percent,,,E,Estimated value,,,This data was estimated based on population census of year 2022,
DATAFLOW,SPC:DF_POP_LECZ(1.0),Population living in low elevation coastal zones (0-10m and 0-20m above sea level),I,A,Annual,NU,Niue,LECZPOPRF,Population in low elevation coastal zone in relative frequency,10M,0-10 meters above sea level,2019,,1,,PERCENT,percent,,,E,Estimated value,,,This data was estimated based on population census of year 2022,
DATAFLOW,SPC:DF_POP_LECZ(1.0),Population living in low elevation coastal zones (0-10m and 0-20m above sea level),I,A,Annual,NU,Niue,LECZPOPRF,Population in low elevation coastal zone in relative frequency,10M,0-10 meters above sea level,2020,,1,,PERCENT,percent,,,E,Estimated value,,,This data was estimated based on population census of year 2022,
DATAFLOW,SPC:DF_POP_LECZ(1.0),Population living in low elevation coastal zones (0-10m and 0-20m above sea level),I,A,Annual,NU,Niue,LECZPOPRF,Population in low elevation coastal zone in relative frequency,10M,0-10 meters above sea level,2021,,1,,PERCENT,percent,,,E,Estimated value,,,This data was estimated based on population census of year 2022,
DATAFLOW,SPC:DF_POP_LECZ(1.0),Population living in low elevation coastal zones (0-10m and 0-20m above sea level),I,A,Annual,NU,Niue,LECZPOPRF,Population in low elevation coastal zone in relative frequency,10M,0-10 meters above sea level,2022,,1,,PERCENT,percent,,,,,,,This data was estimated based on population census of year 2022,
DATAFLOW,SPC:DF_POP_LECZ(1.0),Population living in low elevation coastal zones (0-10m and 0-20m above sea level),I,A,Annual,NU,Niue,LECZPOPRF,Population in low elevation coastal zone in relative frequency,10M,0-10 meters above sea level,2023,,1,,PERCENT,percent,,,,,,,This data was estimated based on population census of year 2022,
DATAFLOW,SPC:DF_POP_LECZ(1.0),Population living in low elevation coastal zones (0-10m and 0-20m above sea level),I,A,Annual,NU,Niue,LECZPOPRF,Population in low elevation coastal zone in relative frequency,10M,0-10 meters above sea level,2024,,1,,PERCENT,percent,,,,,,,This data was estimated based on population census of year 2022,
DATAFLOW,SPC:DF_POP_LECZ(1.0),Population living in low elevation coastal zones (0-10m and 0-20m above sea level),I,A,Annual,NR,Naoero,LECZPOPAF,Population in low elevation coastal zone in absolute frequency,20M,0-20 meters above sea level,2010,,8474,,N,units,,,E,Estimated value,,,This data was estimated based on population census of year 2021,
DATAFLOW,SPC:DF_POP_LECZ(1.0),Population living in low elevation coastal zones (0-10m and 0-20m above sea level),I,A,Annual,NR,Naoero,LECZPOPAF,Population in low elevation coastal zone in absolute frequency,20M,0-20 meters above sea level,2011,,8525,,N,units,,,E,Estimated value,,,This data was estimated based on population census of year 2021,
DATAFLOW,SPC:DF_POP_LECZ(1.0),Population living in low elevation coastal zones (0-10m and 0-20m above sea level),I,A,Annual,NR,Naoero,LECZPOPAF,Population in low elevation coastal zone in absolute frequency,20M,0-20 meters above sea level,2012,,8660,,N,units,,,E,Estimated value,,,This data was estimated based on population census of year 2021,
DATAFLOW,SPC:DF_POP_LECZ(1.0),Population living in low elevation coastal zones (0-10m and 0-20m above sea level),I,A,Annual,NR,Naoero,LECZPOPAF,Population in low elevation coastal zone in absolute frequency,20M,0-20 meters above sea level,2013,,8875,,N,units,,,E,Estimated value,,,This data was estimated based on population census of year 2021,
DATAFLOW,SPC:DF_POP_LECZ(1.0),Population living in low elevation coastal zones (0-10m and 0-20m above sea level),I,A,Annual,NR,Naoero,LECZPOPAF,Population in low elevation coastal zone in absolute frequency,20M,0-20 meters above sea level,2014,,9063,,N,units,,,E,Estimated value,,,This data was estimated based on population census of year 2021,
DATAFLOW,SPC:DF_POP_LECZ(1.0),Population living in low elevation coastal zones (0-10m and 0-20m above sea level),I,A,Annual,NR,Naoero,LECZPOPAF,Population in low elevation coastal zone in absolute frequency,20M,0-20 meters above sea level,2015,,9243,,N,units,,,E,Estimated value,,,This data was estimated based on population census of year 2021,
DATAFLOW,SPC:DF_POP_LECZ(1.0),Population living in low elevation coastal zones (0-10m and 0-20m above sea level),I,A,Annual,NR,Naoero,LECZPOPAF,Population in low elevation coastal zone in absolute frequency,20M,0-20 meters above sea level,2016,,9400,,N,units,,,E,Estimated value,,,This data was estimated based on population census of year 2021,
DATAFLOW,SPC:DF_POP_LECZ(1.0),Population living in low elevation coastal zones (0-10m and 0-20m above sea level),I,A,Annual,NR,Naoero,LECZPOPAF,Population in low elevation coastal zone in absolute frequency,20M,0-20 meters above sea level,2017,,9552,,N,units,,,E,Estimated value,,,This data was estimated based on population census of year 2021,
DATAFLOW,SPC:DF_POP_LECZ(1.0),Population living in low elevation coastal zones (0-10m and 0-20m above sea level),I,A,Annual,NR,Naoero,LECZPOPAF,Population in low elevation coastal zone in absolute frequency,20M,0-20 meters above sea level,2018,,9678,,N,units,,,E,Estimated value,,,This data was estimated based on population census of year 2021,
DATAFLOW,SPC:DF_POP_LECZ(1.0),Population living in low elevation coastal zones (0-10m and 0-20m above sea level),I,A,Annual,NR,Naoero,LECZPOPAF,Population in low elevation coastal zone in absolute frequency,20M,0-20 meters above sea level,2019,,9775,,N,units,,,E,Estimated value,,,This data was estimated based on population census of year 2021,
DATAFLOW,SPC:DF_POP_LECZ(1.0),Population living in low elevation coastal zones (0-10m and 0-20m above sea level),I,A,Annual,NR,Naoero,LECZPOPAF,Population in low elevation coastal zone in absolute frequency,20M,0-20 meters above sea level,2020,,9815,,N,units,,,E,Estimated value,,,This data was estimated based on population census of year 2021,
DATAFLOW,SPC:DF_POP_LECZ(1.0),Population living in low elevation coastal zones (0-10m and 0-20m above sea level),I,A,Annual,NR,Naoero,LECZPOPAF,Population in low elevation coastal zone in absolute frequency,20M,0-20 meters above sea level,2021,,9873,,N,units,,,E,Estimated value,,,This data was estimated based on population census of year 2021,
DATAFLOW,SPC:DF_POP_LECZ(1.0),Population living in low elevation coastal zones (0-10m and 0-20m above sea level),I,A,Annual,NR,Naoero,LECZPOPAF,Population in low elevation coastal zone in absolute frequency,20M,0-20 meters above sea level,2022,,9912,,N,units,,,,,,,This data was estimated based on population census of year 2021,
DATAFLOW,SPC:DF_POP_LECZ(1.0),Population living in low elevation coastal zones (0-10m and 0-20m above sea level),I,A,Annual,NR,Naoero,LECZPOPAF,Population in low elevation coastal zone in absolute frequency,20M,0-20 meters above sea level,2023,,9974,,N,units,,,,,,,This data was estimated based on population census of year 2021,
DATAFLOW,SPC:DF_POP_LECZ(1.0),Population living in low elevation coastal zones (0-10m and 0-20m above sea level),I,A,Annual,NR,Naoero,LECZPOPAF,Population in low elevation coastal zone in absolute frequency,20M,0-20 meters above sea level,2024,,10034,,N,units,,,,,,,This data was estimated based on population census of year 2021,
DATAFLOW,SPC:DF_POP_LECZ(1.0),Population living in low elevation coastal zones (0-10m and 0-20m above sea level),I,A,Annual,TK,Tokelau,LECZPOPRF,Population in low elevation coastal zone in relative frequency,20M,0-20 meters above sea level,2010,,,,PERCENT,percent,,,O,Missing value,,,,
DATAFLOW,SPC:DF_POP_LECZ(1.0),Population living in low elevation coastal zones (0-10m and 0-20m above sea level),I,A,Annual,TK,Tokelau,LECZPOPRF,Population in low elevation coastal zone in relative frequency,20M,0-20 meters above sea level,2011,,,,PERCENT,percent,,,O,Missing value,,,,
DATAFLOW,SPC:DF_POP_LECZ(1.0),Population living in low elevation coastal zones (0-10m and 0-20m above sea level),I,A,Annual,TK,Tokelau,LECZPOPRF,Population in low elevation coastal zone in relative frequency,20M,0-20 meters above sea level,2012,,,,PERCENT,percent,,,O,Missing value,,,,
DATAFLOW,SPC:DF_POP_LECZ(1.0),Population living in low elevation coastal zones (0-10m and 0-20m above sea level),I,A,Annual,TK,Tokelau,LECZPOPRF,Population in low elevation coastal zone in relative frequency,20M,0-20 meters above sea level,2013,,,,PERCENT,percent,,,O,Missing value,,,,
DATAFLOW,SPC:DF_POP_LECZ(1.0),Population living in low elevation coastal zones (0-10m and 0-20m above sea level),I,A,Annual,TK,Tokelau,LECZPOPRF,Population in low elevation coastal zone in relative frequency,20M,0-20 meters above sea level,2014,,,,PERCENT,percent,,,O,Missing value,,,,
DATAFLOW,SPC:DF_POP_LECZ(1.0),Population living in low elevation coastal zones (0-10m and 0-20m above sea level),I,A,Annual,TK,Tokelau,LECZPOPRF,Population in low elevation coastal zone in relative frequency,20M,0-20 meters above sea level,2015,,,,PERCENT,percent,,,O,Missing value,,,,
DATAFLOW,SPC:DF_POP_LECZ(1.0),Population living in low elevation coastal zones (0-10m and 0-20m above sea level),I,A,Annual,TK,Tokelau,LECZPOPRF,Population in low elevation coastal zone in relative frequency,20M,0-20 meters above sea level,2016,,,,PERCENT,percent,,,O,Missing value,,,,
DATAFLOW,SPC:DF_POP_LECZ(1.0),Population living in low elevation coastal zones (0-10m and 0-20m above sea level),I,A,Annual,TK,Tokelau,LECZPOPRF,Population in low elevation coastal zone in relative frequency,20M,0-20 meters above sea level,2017,,,,PERCENT,percent,,,O,Missing value,,,,
DATAFLOW,SPC:DF_POP_LECZ(1.0),Population living in low elevation coastal zones (0-10m and 0-20m above sea level),I,A,Annual,TK,Tokelau,LECZPOPRF,Population in low elevation coastal zone in relative frequency,20M,0-20 meters above sea level,2018,,,,PERCENT,percent,,,O,Missing value,,,,
DATAFLOW,SPC:DF_POP_LECZ(1.0),Population living in low elevation coastal zones (0-10m and 0-20m above sea level),I,A,Annual,TK,Tokelau,LECZPOPRF,Population in low elevation coastal zone in relative frequency,20M,0-20 meters above sea level,2019,,,,PERCENT,percent,,,O,Missing value,,,,
DATAFLOW,SPC:DF_POP_LECZ(1.0),Population living in low elevation coastal zones (0-10m and 0-20m above sea level),I,A,Annual,TK,Tokelau,LECZPOPRF,Population in low elevation coastal zone in relative frequency,20M,0-20 meters above sea level,2020,,,,PERCENT,percent,,,O,Missing value,,,,
DATAFLOW,SPC:DF_POP_LECZ(1.0),Population living in low elevation coastal zones (0-10m and 0-20m above sea level),I,A,Annual,TK,Tokelau,LECZPOPRF,Population in low elevation coastal zone in relative frequency,20M,0-20 meters above sea level,2021,,,,PERCENT,percent,,,O,Missing value,,,,
DATAFLOW,SPC:DF_POP_LECZ(1.0),Population living in low elevation coastal zones (0-10m and 0-20m above sea level),I,A,Annual,TK,Tokelau,LECZPOPRF,Population in low elevation coastal zone in relative frequency,20M,0-20 meters above sea level,2022,,,,PERCENT,percent,,,O,Missing value,,,,
DATAFLOW,SPC:DF_POP_LECZ(1.0),Population living in low elevation coastal zones (0-10m and 0-20m above sea level),I,A,Annual,TK,Tokelau,LECZPOPRF,Population in low elevation coastal zone in relative frequency,20M,0-20 meters above sea level,2023,,,,PERCENT,percent,,,O,Missing value,,,,
DATAFLOW,SPC:DF_POP_LECZ(1.0),Population living in low elevation coastal zones (0-10m and 0-20m above sea level),I,A,Annual,TK,Tokelau,LECZPOPRF,Population in low elevation coastal zone in relative frequency,20M,0-20 meters above sea level,2024,,,,PERCENT,percent,,,O,Missing value,,,,
DATAFLOW,SPC:DF_POP_LECZ(1.0),Population living in low elevation coastal zones (0-10m and 0-20m above sea level),I,A,Annual,VU,Vanuatu,LECZPOPAF,Population in low elevation coastal zone in absolute frequency,10M,0-10 meters above sea level,2010,,27593,,N,units,,,E,Estimated value,,,This data was estimated based on population census of year 2020,
DATAFLOW,SPC:DF_POP_LECZ(1.0),Population living in low elevation coastal zones (0-10m and 0-20m above sea level),I,A,Annual,VU,Vanuatu,LECZPOPAF,Population in low elevation coastal zone in absolute frequency,10M,0-10 meters above sea level,2011,,28198,,N,units,,,E,Estimated value,,,This data was estimated based on population census of year 2020,
DATAFLOW,SPC:DF_POP_LECZ(1.0),Population living in low elevation coastal zones (0-10m and 0-20m above sea level),I,A,Annual,VU,Vanuatu,LECZPOPAF,Population in low elevation coastal zone in absolute frequency,10M,0-10 meters above sea level,2012,,28825,,N,units,,,E,Estimated value,,,This data was estimated based on population census of year 2020,
DATAFLOW,SPC:DF_POP_LECZ(1.0),Population living in low elevation coastal zones (0-10m and 0-20m above sea level),I,A,Annual,VU,Vanuatu,LECZPOPAF,Population in low elevation coastal zone in absolute frequency,10M,0-10 meters above sea level,2013,,29472,,N,units,,,E,Estimated value,,,This data was estimated based on population census of year 2020,
DATAFLOW,SPC:DF_POP_LECZ(1.0),Population living in low elevation coastal zones (0-10m and 0-20m above sea level),I,A,Annual,VU,Vanuatu,LECZPOPAF,Population in low elevation coastal zone in absolute frequency,10M,0-10 meters above sea level,2014,,30138,,N,units,,,E,Estimated value,,,This data was estimated based on population census of year 2020,
DATAFLOW,SPC:DF_POP_LECZ(1.0),Population living in low elevation coastal zones (0-10m and 0-20m above sea level),I,A,Annual,VU,Vanuatu,LECZPOPAF,Population in low elevation coastal zone in absolute frequency,10M,0-10 meters above sea level,2015,,30817,,N,units,,,E,Estimated value,,,This data was estimated based on population census of year 2020,
DATAFLOW,SPC:DF_POP_LECZ(1.0),Population living in low elevation coastal zones (0-10m and 0-20m above sea level),I,A,Annual,VU,Vanuatu,LECZPOPAF,Population in low elevation coastal zone in absolute frequency,10M,0-10 meters above sea level,2016,,31511,,N,units,,,E,Estimated value,,,This data was estimated based on population census of year 2020,
DATAFLOW,SPC:DF_POP_LECZ(1.0),Population living in low elevation coastal zones (0-10m and 0-20m above sea level),I,A,Annual,VU,Vanuatu,LECZPOPAF,Population in low elevation coastal zone in absolute frequency,10M,0-10 meters above sea level,2017,,32255,,N,units,,,E,Estimated value,,,This data was estimated based on population census of year 2020,
DATAFLOW,SPC:DF_POP_LECZ(1.0),Population living in low elevation coastal zones (0-10m and 0-20m above sea level),I,A,Annual,VU,Vanuatu,LECZPOPAF,Population in low elevation coastal zone in absolute frequency,10M,0-10 meters above sea level,2018,,33037,,N,units,,,E,Estimated value,,,This data was estimated based on population census of year 2020,
DATAFLOW,SPC:DF_POP_LECZ(1.0),Population living in low elevation coastal zones (0-10m and 0-20m above sea level),I,A,Annual,VU,Vanuatu,LECZPOPAF,Population in low elevation coastal zone in absolute frequency,10M,0-10 meters above sea level,2019,,33814,,N,units,,,E,Estimated value,,,This data was estimated based on population census of year 2020,
DATAFLOW,SPC:DF_POP_LECZ(1.0),Population living in low elevation coastal zones (0-10m and 0-20m above sea level),I,A,Annual,VU,Vanuatu,LECZPOPAF,Population in low elevation coastal zone in absolute frequency,10M,0-10 meters above sea level,2020,,34610,,N,units,,,E,Estimated value,,,This data was estimated based on population census of year 2020,
DATAFLOW,SPC:DF_POP_LECZ(1.0),Population living in low elevation coastal zones (0-10m and 0-20m above sea level),I,A,Annual,VU,Vanuatu,LECZPOPAF,Population in low elevation coastal zone in absolute frequency,10M,0-10 meters above sea level,2021,,35423,,N,units,,,E,Estimated value,,,This data was estimated based on population census of year 2020,
DATAFLOW,SPC:DF_POP_LECZ(1.0),Population living in low elevation coastal zones (0-10m and 0-20m above sea level),I,A,Annual,VU,Vanuatu,LECZPOPAF,Population in low elevation coastal zone in absolute frequency,10M,0-10 meters above sea level,2022,,36251,,N,units,,,,,,,This data was estimated based on population census of year 2020,
DATAFLOW,SPC:DF_POP_LECZ(1.0),Population living in low elevation coastal zones (0-10m and 0-20m above sea level),I,A,Annual,VU,Vanuatu,LECZPOPAF,Population in low elevation coastal zone in absolute frequency,10M,0-10 meters above sea level,2023,,37103,,N,units,,,,,,,This data was estimated based on population census of year 2020,
DATAFLOW,SPC:DF_POP_LECZ(1.0),Population living in low elevation coastal zones (0-10m and 0-20m above sea level),I,A,Annual,VU,Vanuatu,LECZPOPAF,Population in low elevation coastal zone in absolute frequency,10M,0-10 meters above sea level,2024,,37957,,N,units,,,,,,,This data was estimated based on population census of year 2020,
DATAFLOW,SPC:DF_POP_LECZ(1.0),Population living in low elevation coastal zones (0-10m and 0-20m above sea level),I,A,Annual,FM,Micronesia (Federated States of),LECZPOPRF,Population in low elevation coastal zone in relative frequency,20M,0-20 meters above sea level,2010,,61,,PERCENT,percent,,,E,Estimated value,,,This data was estimated based on population census of year 2023,
DATAFLOW,SPC:DF_POP_LECZ(1.0),Population living in low elevation coastal zones (0-10m and 0-20m above sea level),I,A,Annual,FM,Micronesia (Federated States of),LECZPOPRF,Population in low elevation coastal zone in relative frequency,20M,0-20 meters above sea level,2011,,61,,PERCENT,percent,,,E,Estimated value,,,This data was estimated based on population census of year 2023,
DATAFLOW,SPC:DF_POP_LECZ(1.0),Population living in low elevation coastal zones (0-10m and 0-20m above sea level),I,A,Annual,FM,Micronesia (Federated States of),LECZPOPRF,Population in low elevation coastal zone in relative frequency,20M,0-20 meters above sea level,2012,,61,,PERCENT,percent,,,E,Estimated value,,,This data was estimated based on population census of year 2023,
DATAFLOW,SPC:DF_POP_LECZ(1.0),Population living in low elevation coastal zones (0-10m and 0-20m above sea level),I,A,Annual,FM,Micronesia (Federated States of),LECZPOPRF,Population in low elevation coastal zone in relative frequency,20M,0-20 meters above sea level,2013,,61,,PERCENT,percent,,,E,Estimated value,,,This data was estimated based on population census of year 2023,
DATAFLOW,SPC:DF_POP_LECZ(1.0),Population living in low elevation coastal zones (0-10m and 0-20m above sea level),I,A,Annual,FM,Micronesia (Federated States of),LECZPOPRF,Population in low elevation coastal zone in relative frequency,20M,0-20 meters above sea level,2014,,61,,PERCENT,percent,,,E,Estimated value,,,This data was estimated based on population census of year 2023,
DATAFLOW,SPC:DF_POP_LECZ(1.0),Population living in low elevation coastal zones (0-10m and 0-20m above sea level),I,A,Annual,FM,Micronesia (Federated States of),LECZPOPRF,Population in low elevation coastal zone in relative frequency,20M,0-20 meters above sea level,2015,,61,,PERCENT,percent,,,E,Estimated value,,,This data was estimated based on population census of year 2023,
DATAFLOW,SPC:DF_POP_LECZ(1.0),Population living in low elevation coastal zones (0-10m and 0-20m above sea level),I,A,Annual,FM,Micronesia (Federated States of),LECZPOPRF,Population in low elevation coastal zone in relative frequency,20M,0-20 meters above sea level,2016,,61,,PERCENT,percent,,,E,Estimated value,,,This data was estimated based on population census of year 2023,
DATAFLOW,SPC:DF_POP_LECZ(1.0),Population living in low elevation coastal zones (0-10m and 0-20m above sea level),I,A,Annual,FM,Micronesia (Federated States of),LECZPOPRF,Population in low elevation coastal zone in relative frequency,20M,0-20 meters above sea level,2017,,61,,PERCENT,percent,,,E,Estimated value,,,This data was estimated based on population census of year 2023,
DATAFLOW,SPC:DF_POP_LECZ(1.0),Population living in low elevation coastal zones (0-10m and 0-20m above sea level),I,A,Annual,FM,Micronesia (Federated States of),LECZPOPRF,Population in low elevation coastal zone in relative frequency,20M,0-20 meters above sea level,2018,,61,,PERCENT,percent,,,E,Estimated value,,,This data was estimated based on population census of year 2023,
DATAFLOW,SPC:DF_POP_LECZ(1.0),Population living in low elevation coastal zones (0-10m and 0-20m above sea level),I,A,Annual,FM,Micronesia (Federated States of),LECZPOPRF,Population in low elevation coastal zone in relative frequency,20M,0-20 meters above sea level,2019,,61,,PERCENT,percent,,,E,Estimated value,,,This data was estimated based on population census of year 2023,
DATAFLOW,SPC:DF_POP_LECZ(1.0),Population living in low elevation coastal zones (0-10m and 0-20m above sea level),I,A,Annual,FM,Micronesia (Federated States of),LECZPOPRF,Population in low elevation coastal zone in relative frequency,20M,0-20 meters above sea level,2020,,61,,PERCENT,percent,,,E,Estimated value,,,This data was estimated based on population census of year 2023,
DATAFLOW,SPC:DF_POP_LECZ(1.0),Population living in low elevation coastal zones (0-10m and 0-20m above sea level),I,A,Annual,FM,Micronesia (Federated States of),LECZPOPRF,Population in low elevation coastal zone in relative frequency,20M,0-20 meters above sea level,2021,,61,,PERCENT,percent,,,E,Estimated value,,,This data was estimated based on population census of year 2023,
DATAFLOW,SPC:DF_POP_LECZ(1.0),Population living in low elevation coastal zones (0-10m and 0-20m above sea level),I,A,Annual,FM,Micronesia (Federated States of),LECZPOPRF,Population in low elevation coastal zone in relative frequency,20M,0-20 meters above sea level,2022,,60,,PERCENT,percent,,,,,,,This data was estimated based on population census of year 2023,
DATAFLOW,SPC:DF_POP_LECZ(1.0),Population living in low elevation coastal zones (0-10m and 0-20m above sea level),I,A,Annual,FM,Micronesia (Federated States of),LECZPOPRF,Population in low elevation coastal zone in relative frequency,20M,0-20 meters above sea level,2023,,60,,PERCENT,percent,,,,,,,This data was estimated based on population census of year 2023,
DATAFLOW,SPC:DF_POP_LECZ(1.0),Population living in low elevation coastal zones (0-10m and 0-20m above sea level),I,A,Annual,FM,Micronesia (Federated States of),LECZPOPRF,Population in low elevation coastal zone in relative frequency,20M,0-20 meters above sea level,2024,,60,,PERCENT,percent,,,,,,,This data was estimated based on population census of year 2023,
DATAFLOW,SPC:DF_POP_LECZ(1.0),Population living in low elevation coastal zones (0-10m and 0-20m above sea level),I,A,Annual,FM,Micronesia (Federated States of),LECZPOPAF,Population in low elevation coastal zone in absolute frequency,10M,0-10 meters above sea level,2010,,44108,,N,units,,,E,Estimated value,,,This data was estimated based on population census of year 2023,
DATAFLOW,SPC:DF_POP_LECZ(1.0),Population living in low elevation coastal zones (0-10m and 0-20m above sea level),I,A,Annual,FM,Micronesia (Federated States of),LECZPOPAF,Population in low elevation coastal zone in absolute frequency,10M,0-10 meters above sea level,2011,,44169,,N,units,,,E,Estimated value,,,This data was estimated based on population census of year 2023,
DATAFLOW,SPC:DF_POP_LECZ(1.0),Population living in low elevation coastal zones (0-10m and 0-20m above sea level),I,A,Annual,FM,Micronesia (Federated States of),LECZPOPAF,Population in low elevation coastal zone in absolute frequency,10M,0-10 meters above sea level,2012,,44248,,N,units,,,E,Estimated value,,,This data was estimated based on population census of year 2023,
DATAFLOW,SPC:DF_POP_LECZ(1.0),Population living in low elevation coastal zones (0-10m and 0-20m above sea level),I,A,Annual,FM,Micronesia (Federated States of),LECZPOPAF,Population in low elevation coastal zone in absolute frequency,10M,0-10 meters above sea level,2013,,44345,,N,units,,,E,Estimated value,,,This data was estimated based on population census of year 2023,
DATAFLOW,SPC:DF_POP_LECZ(1.0),Population living in low elevation coastal zones (0-10m and 0-20m above sea level),I,A,Annual,FM,Micronesia (Federated States of),LECZPOPAF,Population in low elevation coastal zone in absolute frequency,10M,0-10 meters above sea level,2014,,44456,,N,units,,,E,Estimated value,,,This data was estimated based on population census of year 2023,
DATAFLOW,SPC:DF_POP_LECZ(1.0),Population living in low elevation coastal zones (0-10m and 0-20m above sea level),I,A,Annual,FM,Micronesia (Federated States of),LECZPOPAF,Population in low elevation coastal zone in absolute frequency,10M,0-10 meters above sea level,2015,,44585,,N,units,,,E,Estimated value,,,This data was estimated based on population census of year 2023,
DATAFLOW,SPC:DF_POP_LECZ(1.0),Population living in low elevation coastal zones (0-10m and 0-20m above sea level),I,A,Annual,FM,Micronesia (Federated States of),LECZPOPAF,Population in low elevation coastal zone in absolute frequency,10M,0-10 meters above sea level,2016,,44732,,N,units,,,E,Estimated value,,,This data was estimated based on population census of year 2023,
DATAFLOW,SPC:DF_POP_LECZ(1.0),Population living in low elevation coastal zones (0-10m and 0-20m above sea level),I,A,Annual,FM,Micronesia (Federated States of),LECZPOPAF,Population in low elevation coastal zone in absolute frequency,10M,0-10 meters above sea level,2017,,44898,,N,units,,,E,Estimated value,,,This data was estimated based on population census of year 2023,
DATAFLOW,SPC:DF_POP_LECZ(1.0),Population living in low elevation coastal zones (0-10m and 0-20m above sea level),I,A,Annual,FM,Micronesia (Federated States of),LECZPOPAF,Population in low elevation coastal zone in absolute frequency,10M,0-10 meters above sea level,2018,,45076,,N,units,,,E,Estimated value,,,This data was estimated based on population census of year 2023,
DATAFLOW,SPC:DF_POP_LECZ(1.0),Population living in low elevation coastal zones (0-10m and 0-20m above sea level),I,A,Annual,FM,Micronesia (Federated States of),LECZPOPAF,Population in low elevation coastal zone in absolute frequency,10M,0-10 meters above sea level,2019,,45232,,N,units,,,E,Estimated value,,,This data was estimated based on population census of year 2023,
DATAFLOW,SPC:DF_POP_LECZ(1.0),Population living in low elevation coastal zones (0-10m and 0-20m above sea level),I,A,Annual,FM,Micronesia (Federated States of),LECZPOPAF,Population in low elevation coastal zone in absolute frequency,10M,0-10 meters above sea level,2020,,45490,,N,units,,,E,Estimated value,,,This data was estimated based on population census of year 2023,
DATAFLOW,SPC:DF_POP_LECZ(1.0),Population living in low elevation coastal zones (0-10m and 0-20m above sea level),I,A,Annual,FM,Micronesia (Federated States of),LECZPOPAF,Population in low elevation coastal zone in absolute frequency,10M,0-10 meters above sea level,2021,,45779,,N,units,,,E,Estimated value,,,This data was estimated based on population census of year 2023,
DATAFLOW,SPC:DF_POP_LECZ(1.0),Population living in low elevation coastal zones (0-10m and 0-20m above sea level),I,A,Annual,FM,Micronesia (Federated States of),LECZPOPAF,Population in low elevation coastal zone in absolute frequency,10M,0-10 meters above sea level,2022,,45372,,N,units,,,,,,,This data was estimated based on population census of year 2023,
DATAFLOW,SPC:DF_POP_LECZ(1.0),Population living in low elevation coastal zones (0-10m and 0-20m above sea level),I,A,Annual,FM,Micronesia (Federated States of),LECZPOPAF,Population in low elevation coastal zone in absolute frequency,10M,0-10 meters above sea level,2023,,45582,,N,units,,,,,,,This data was estimated based on population census of year 2023,
DATAFLOW,SPC:DF_POP_LECZ(1.0),Population living in low elevation coastal zones (0-10m and 0-20m above sea level),I,A,Annual,FM,Micronesia (Federated States of),LECZPOPAF,Population in low elevation coastal zone in absolute frequency,10M,0-10 meters above sea level,2024,,45796,,N,units,,,,,,,This data was estimated based on population census of year 2023,
DATAFLOW,SPC:DF_POP_LECZ(1.0),Population living in low elevation coastal zones (0-10m and 0-20m above sea level),I,A,Annual,TV,Tuvalu,LECZPOPRF,Population in low elevation coastal zone in relative frequency,5M,0-5 meters above sea level,2010,,41,,PERCENT,percent,,,,,,,This data was estimated based on population census of year 2023,
DATAFLOW,SPC:DF_POP_LECZ(1.0),Population living in low elevation coastal zones (0-10m and 0-20m above sea level),I,A,Annual,TV,Tuvalu,LECZPOPRF,Population in low elevation coastal zone in relative frequency,5M,0-5 meters above sea level,2011,,41,,PERCENT,percent,,,,,,,This data was estimated based on population census of year 2023,
DATAFLOW,SPC:DF_POP_LECZ(1.0),Population living in low elevation coastal zones (0-10m and 0-20m above sea level),I,A,Annual,TV,Tuvalu,LECZPOPRF,Population in low elevation coastal zone in relative frequency,5M,0-5 meters above sea level,2012,,41,,PERCENT,percent,,,,,,,This data was estimated based on population census of year 2023,
DATAFLOW,SPC:DF_POP_LECZ(1.0),Population living in low elevation coastal zones (0-10m and 0-20m above sea level),I,A,Annual,TV,Tuvalu,LECZPOPRF,Population in low elevation coastal zone in relative frequency,5M,0-5 meters above sea level,2013,,41,,PERCENT,percent,,,,,,,This data was estimated based on population census of year 2023,
DATAFLOW,SPC:DF_POP_LECZ(1.0),Population living in low elevation coastal zones (0-10m and 0-20m above sea level),I,A,Annual,TV,Tuvalu,LECZPOPRF,Population in low elevation coastal zone in relative frequency,5M,0-5 meters above sea level,2014,,41,,PERCENT,percent,,,,,,,This data was estimated based on population census of year 2023,
DATAFLOW,SPC:DF_POP_LECZ(1.0),Population living in low elevation coastal zones (0-10m and 0-20m above sea level),I,A,Annual,TV,Tuvalu,LECZPOPRF,Population in low elevation coastal zone in relative frequency,5M,0-5 meters above sea level,2015,,41,,PERCENT,percent,,,,,,,This data was estimated based on population census of year 2023,
DATAFLOW,SPC:DF_POP_LECZ(1.0),Population living in low elevation coastal zones (0-10m and 0-20m above sea level),I,A,Annual,TV,Tuvalu,LECZPOPRF,Population in low elevation coastal zone in relative frequency,5M,0-5 meters above sea level,2016,,41,,PERCENT,percent,,,,,,,This data was estimated based on population census of year 2023,
DATAFLOW,SPC:DF_POP_LECZ(1.0),Population living in low elevation coastal zones (0-10m and 0-20m above sea level),I,A,Annual,TV,Tuvalu,LECZPOPRF,Population in low elevation coastal zone in relative frequency,5M,0-5 meters above sea level,2017,,41,,PERCENT,percent,,,,,,,This data was estimated based on population census of year 2023,
DATAFLOW,SPC:DF_POP_LECZ(1.0),Population living in low elevation coastal zones (0-10m and 0-20m above sea level),I,A,Annual,TV,Tuvalu,LECZPOPRF,Population in low elevation coastal zone in relative frequency,5M,0-5 meters above sea level,2018,,41,,PERCENT,percent,,,,,,,This data was estimated based on population census of year 2023,
DATAFLOW,SPC:DF_POP_LECZ(1.0),Population living in low elevation coastal zones (0-10m and 0-20m above sea level),I,A,Annual,TV,Tuvalu,LECZPOPRF,Population in low elevation coastal zone in relative frequency,5M,0-5 meters above sea level,2019,,41,,PERCENT,percent,,,,,,,This data was estimated based on population census of year 2023,
DATAFLOW,SPC:DF_POP_LECZ(1.0),Population living in low elevation coastal zones (0-10m and 0-20m above sea level),I,A,Annual,TV,Tuvalu,LECZPOPRF,Population in low elevation coastal zone in relative frequency,5M,0-5 meters above sea level,2020,,41,,PERCENT,percent,,,,,,,This data was estimated based on population census of year 2023,
DATAFLOW,SPC:DF_POP_LECZ(1.0),Population living in low elevation coastal zones (0-10m and 0-20m above sea level),I,A,Annual,TV,Tuvalu,LECZPOPRF,Population in low elevation coastal zone in relative frequency,5M,0-5 meters above sea level,2021,,41,,PERCENT,percent,,,,,,,This data was estimated based on population census of year 2023,
DATAFLOW,SPC:DF_POP_LECZ(1.0),Population living in low elevation coastal zones (0-10m and 0-20m above sea level),I,A,Annual,TV,Tuvalu,LECZPOPRF,Population in low elevation coastal zone in relative frequency,5M,0-5 meters above sea level,2022,,41,,PERCENT,percent,,,,,,,This data was estimated based on population census of year 2023,
DATAFLOW,SPC:DF_POP_LECZ(1.0),Population living in low elevation coastal zones (0-10m and 0-20m above sea level),I,A,Annual,TV,Tuvalu,LECZPOPRF,Population in low elevation coastal zone in relative frequency,5M,0-5 meters above sea level,2023,,41,,PERCENT,percent,,,,,,,This data was estimated based on population census of year 2023,
DATAFLOW,SPC:DF_POP_LECZ(1.0),Population living in low elevation coastal zones (0-10m and 0-20m above sea level),I,A,Annual,TV,Tuvalu,LECZPOPRF,Population in low elevation coastal zone in relative frequency,5M,0-5 meters above sea level,2024,,41,,PERCENT,percent,,,,,,,This data was estimated based on population census of year 2023,
DATAFLOW,SPC:DF_POP_LECZ(1.0),Population living in low elevation coastal zones (0-10m and 0-20m above sea level),I,A,Annual,FJ,Fiji,LECZPOPRF,Population in low elevation coastal zone in relative frequency,5M,0-5 meters above sea level,2010,,9,,PERCENT,percent,,,,,,,This data was estimated based on population census of year 2017,
DATAFLOW,SPC:DF_POP_LECZ(1.0),Population living in low elevation coastal zones (0-10m and 0-20m above sea level),I,A,Annual,FJ,Fiji,LECZPOPRF,Population in low elevation coastal zone in relative frequency,5M,0-5 meters above sea level,2011,,9,,PERCENT,percent,,,,,,,This data was estimated based on population census of year 2017,
DATAFLOW,SPC:DF_POP_LECZ(1.0),Population living in low elevation coastal zones (0-10m and 0-20m above sea level),I,A,Annual,FJ,Fiji,LECZPOPRF,Population in low elevation coastal zone in relative frequency,5M,0-5 meters above sea level,2012,,9,,PERCENT,percent,,,,,,,This data was estimated based on population census of year 2017,
DATAFLOW,SPC:DF_POP_LECZ(1.0),Population living in low elevation coastal zones (0-10m and 0-20m above sea level),I,A,Annual,FJ,Fiji,LECZPOPRF,Population in low elevation coastal zone in relative frequency,5M,0-5 meters above sea level,2013,,9,,PERCENT,percent,,,,,,,This data was estimated based on population census of year 2017,
DATAFLOW,SPC:DF_POP_LECZ(1.0),Population living in low elevation coastal zones (0-10m and 0-20m above sea level),I,A,Annual,FJ,Fiji,LECZPOPRF,Population in low elevation coastal zone in relative frequency,5M,0-5 meters above sea level,2014,,9,,PERCENT,percent,,,,,,,This data was estimated based on population census of year 2017,
DATAFLOW,SPC:DF_POP_LECZ(1.0),Population living in low elevation coastal zones (0-10m and 0-20m above sea level),I,A,Annual,FJ,Fiji,LECZPOPRF,Population in low elevation coastal zone in relative frequency,5M,0-5 meters above sea level,2015,,9,,PERCENT,percent,,,,,,,This data was estimated based on population census of year 2017,
DATAFLOW,SPC:DF_POP_LECZ(1.0),Population living in low elevation coastal zones (0-10m and 0-20m above sea level),I,A,Annual,FJ,Fiji,LECZPOPRF,Population in low elevation coastal zone in relative frequency,5M,0-5 meters above sea level,2016,,9,,PERCENT,percent,,,,,,,This data was estimated based on population census of year 2017,
DATAFLOW,SPC:DF_POP_LECZ(1.0),Population living in low elevation coastal zones (0-10m and 0-20m above sea level),I,A,Annual,FJ,Fiji,LECZPOPRF,Population in low elevation coastal zone in relative frequency,5M,0-5 meters above sea level,2017,,9,,PERCENT,percent,,,,,,,This data was estimated based on population census of year 2017,
DATAFLOW,SPC:DF_POP_LECZ(1.0),Population living in low elevation coastal zones (0-10m and 0-20m above sea level),I,A,Annual,FJ,Fiji,LECZPOPRF,Population in low elevation coastal zone in relative frequency,5M,0-5 meters above sea level,2018,,9,,PERCENT,percent,,,,,,,This data was estimated based on population census of year 2017,
DATAFLOW,SPC:DF_POP_LECZ(1.0),Population living in low elevation coastal zones (0-10m and 0-20m above sea level),I,A,Annual,FJ,Fiji,LECZPOPRF,Population in low elevation coastal zone in relative frequency,5M,0-5 meters above sea level,2019,,9,,PERCENT,percent,,,,,,,This data was estimated based on population census of year 2017,
DATAFLOW,SPC:DF_POP_LECZ(1.0),Population living in low elevation coastal zones (0-10m and 0-20m above sea level),I,A,Annual,FJ,Fiji,LECZPOPRF,Population in low elevation coastal zone in relative frequency,5M,0-5 meters above sea level,2020,,9,,PERCENT,percent,,,,,,,This data was estimated based on population census of year 2017,
DATAFLOW,SPC:DF_POP_LECZ(1.0),Population living in low elevation coastal zones (0-10m and 0-20m above sea level),I,A,Annual,FJ,Fiji,LECZPOPRF,Population in low elevation coastal zone in relative frequency,5M,0-5 meters above sea level,2021,,9,,PERCENT,percent,,,,,,,This data was estimated based on population census of year 2017,
DATAFLOW,SPC:DF_POP_LECZ(1.0),Population living in low elevation coastal zones (0-10m and 0-20m above sea level),I,A,Annual,FJ,Fiji,LECZPOPRF,Population in low elevation coastal zone in relative frequency,5M,0-5 meters above sea level,2022,,9,,PERCENT,percent,,,,,,,This data was estimated based on population census of year 2017,
DATAFLOW,SPC:DF_POP_LECZ(1.0),Population living in low elevation coastal zones (0-10m and 0-20m above sea level),I,A,Annual,FJ,Fiji,LECZPOPRF,Population in low elevation coastal zone in relative frequency,5M,0-5 meters above sea level,2023,,9,,PERCENT,percent,,,,,,,This data was estimated based on population census of year 2017,
DATAFLOW,SPC:DF_POP_LECZ(1.0),Population living in low elevation coastal zones (0-10m and 0-20m above sea level),I,A,Annual,FJ,Fiji,LECZPOPRF,Population in low elevation coastal zone in relative frequency,5M,0-5 meters above sea level,2024,,9,,PERCENT,percent,,,,,,,This data was estimated based on population census of year 2017,
DATAFLOW,SPC:DF_POP_LECZ(1.0),Population living in low elevation coastal zones (0-10m and 0-20m above sea level),I,A,Annual,PG,Papua New Guinea,LECZPOPAF,Population in low elevation coastal zone in absolute frequency,_T,Total,2010,,7633526,,N,units,,,E,Estimated value,,,Estimated mid-year population for year 2010.,
DATAFLOW,SPC:DF_POP_LECZ(1.0),Population living in low elevation coastal zones (0-10m and 0-20m above sea level),I,A,Annual,PG,Papua New Guinea,LECZPOPAF,Population in low elevation coastal zone in absolute frequency,_T,Total,2011,,7859351,,N,units,,,E,Estimated value,,,Estimated mid-year population for year 2011.,
DATAFLOW,SPC:DF_POP_LECZ(1.0),Population living in low elevation coastal zones (0-10m and 0-20m above sea level),I,A,Annual,PG,Papua New Guinea,LECZPOPAF,Population in low elevation coastal zone in absolute frequency,_T,Total,2012,,8081399,,N,units,,,E,Estimated value,,,Estimated mid-year population for year 2012.,
DATAFLOW,SPC:DF_POP_LECZ(1.0),Population living in low elevation coastal zones (0-10m and 0-20m above sea level),I,A,Annual,PG,Papua New Guinea,LECZPOPAF,Population in low elevation coastal zone in absolute frequency,_T,Total,2013,,8302710,,N,units,,,E,Estimated value,,,Estimated mid-year population for year 2013.,
DATAFLOW,SPC:DF_POP_LECZ(1.0),Population living in low elevation coastal zones (0-10m and 0-20m above sea level),I,A,Annual,PG,Papua New Guinea,LECZPOPAF,Population in low elevation coastal zone in absolute frequency,_T,Total,2014,,8523447,,N,units,,,E,Estimated value,,,Estimated mid-year population for year 2014.,
DATAFLOW,SPC:DF_POP_LECZ(1.0),Population living in low elevation coastal zones (0-10m and 0-20m above sea level),I,A,Annual,PG,Papua New Guinea,LECZPOPAF,Population in low elevation coastal zone in absolute frequency,_T,Total,2015,,8743260,,N,units,,,E,Estimated value,,,Estimated mid-year population for year 2015.,
DATAFLOW,SPC:DF_POP_LECZ(1.0),Population living in low elevation coastal zones (0-10m and 0-20m above sea level),I,A,Annual,PG,Papua New Guinea,LECZPOPAF,Population in low elevation coastal zone in absolute frequency,_T,Total,2016,,8961730,,N,units,,,E,Estimated value,,,Estimated mid-year population for year 2016.,
DATAFLOW,SPC:DF_POP_LECZ(1.0),Population living in low elevation coastal zones (0-10m and 0-20m above sea level),I,A,Annual,PG,Papua New Guinea,LECZPOPAF,Population in low elevation coastal zone in absolute frequency,_T,Total,2017,,9178719,,N,units,,,E,Estimated value,,,Estimated mid-year population for year 2017.,
DATAFLOW,SPC:DF_POP_LECZ(1.0),Population living in low elevation coastal zones (0-10m and 0-20m above sea level),I,A,Annual,PG,Papua New Guinea,LECZPOPAF,Population in low elevation coastal zone in absolute frequency,_T,Total,2018,,9394523,,N,units,,,E,Estimated value,,,Estimated mid-year population for year 2018.,
DATAFLOW,SPC:DF_POP_LECZ(1.0),Population living in low elevation coastal zones (0-10m and 0-20m above sea level),I,A,Annual,PG,Papua New Guinea,LECZPOPAF,Population in low elevation coastal zone in absolute frequency,_T,Total,2019,,9609025,,N,units,,,E,Estimated value,,,Estimated mid-year population for year 2019.,
DATAFLOW,SPC:DF_POP_LECZ(1.0),Population living in low elevation coastal zones (0-10m and 0-20m above sea level),I,A,Annual,PG,Papua New Guinea,LECZPOPAF,Population in low elevation coastal zone in absolute frequency,_T,Total,2020,,9815754,,N,units,,,E,Estimated value,,,Estimated mid-year population for year 2020.,
DATAFLOW,SPC:DF_POP_LECZ(1.0),Population living in low elevation coastal zones (0-10m and 0-20m above sea level),I,A,Annual,PG,Papua New Guinea,LECZPOPAF,Population in low elevation coastal zone in absolute frequency,_T,Total,2021,,10012911,,N,units,,,E,Estimated value,,,Estimated mid-year population for year 2021.,
DATAFLOW,SPC:DF_POP_LECZ(1.0),Population living in low elevation coastal zones (0-10m and 0-20m above sea level),I,A,Annual,PF,French Polynesia,LECZPOPAF,Population in low elevation coastal zone in absolute frequency,5M,0-5 meters above sea level,2010,,82040,,N,units,,,,,,,This data was estimated based on population census of year 2023,
DATAFLOW,SPC:DF_POP_LECZ(1.0),Population living in low elevation coastal zones (0-10m and 0-20m above sea level),I,A,Annual,PF,French Polynesia,LECZPOPAF,Population in low elevation coastal zone in absolute frequency,5M,0-5 meters above sea level,2011,,82388,,N,units,,,,,,,This data was estimated based on population census of year 2023,
DATAFLOW,SPC:DF_POP_LECZ(1.0),Population living in low elevation coastal zones (0-10m and 0-20m above sea level),I,A,Annual,PF,French Polynesia,LECZPOPAF,Population in low elevation coastal zone in absolute frequency,5M,0-5 meters above sea level,2012,,82799,,N,units,,,,,,,This data was estimated based on population census of year 2023,
DATAFLOW,SPC:DF_POP_LECZ(1.0),Population living in low elevation coastal zones (0-10m and 0-20m above sea level),I,A,Annual,PF,French Polynesia,LECZPOPAF,Population in low elevation coastal zone in absolute frequency,5M,0-5 meters above sea level,2013,,83297,,N,units,,,,,,,This data was estimated based on population census of year 2023,
DATAFLOW,SPC:DF_POP_LECZ(1.0),Population living in low elevation coastal zones (0-10m and 0-20m above sea level),I,A,Annual,PF,French Polynesia,LECZPOPAF,Population in low elevation coastal zone in absolute frequency,5M,0-5 meters above sea level,2014,,83801,,N,units,,,,,,,This data was estimated based on population census of year 2023,
DATAFLOW,SPC:DF_POP_LECZ(1.0),Population living in low elevation coastal zones (0-10m and 0-20m above sea level),I,A,Annual,PF,French Polynesia,LECZPOPAF,Population in low elevation coastal zone in absolute frequency,5M,0-5 meters above sea level,2015,,84249,,N,units,,,,,,,This data was estimated based on population census of year 2023,
DATAFLOW,SPC:DF_POP_LECZ(1.0),Population living in low elevation coastal zones (0-10m and 0-20m above sea level),I,A,Annual,PF,French Polynesia,LECZPOPAF,Population in low elevation coastal zone in absolute frequency,5M,0-5 meters above sea level,2016,,84647,,N,units,,,,,,,This data was estimated based on population census of year 2023,
DATAFLOW,SPC:DF_POP_LECZ(1.0),Population living in low elevation coastal zones (0-10m and 0-20m above sea level),I,A,Annual,PF,French Polynesia,LECZPOPAF,Population in low elevation coastal zone in absolute frequency,5M,0-5 meters above sea level,2017,,84922,,N,units,,,,,,,This data was estimated based on population census of year 2023,
DATAFLOW,SPC:DF_POP_LECZ(1.0),Population living in low elevation coastal zones (0-10m and 0-20m above sea level),I,A,Annual,PF,French Polynesia,LECZPOPAF,Population in low elevation coastal zone in absolute frequency,5M,0-5 meters above sea level,2018,,84840,,N,units,,,,,,,This data was estimated based on population census of year 2023,
DATAFLOW,SPC:DF_POP_LECZ(1.0),Population living in low elevation coastal zones (0-10m and 0-20m above sea level),I,A,Annual,PF,French Polynesia,LECZPOPAF,Population in low elevation coastal zone in absolute frequency,5M,0-5 meters above sea level,2019,,84603,,N,units,,,,,,,This data was estimated based on population census of year 2023,
DATAFLOW,SPC:DF_POP_LECZ(1.0),Population living in low elevation coastal zones (0-10m and 0-20m above sea level),I,A,Annual,PF,French Polynesia,LECZPOPAF,Population in low elevation coastal zone in absolute frequency,5M,0-5 meters above sea level,2020,,84656,,N,units,,,,,,,This data was estimated based on population census of year 2023,
DATAFLOW,SPC:DF_POP_LECZ(1.0),Population living in low elevation coastal zones (0-10m and 0-20m above sea level),I,A,Annual,PF,French Polynesia,LECZPOPAF,Population in low elevation coastal zone in absolute frequency,5M,0-5 meters above sea level,2021,,84833,,N,units,,,,,,,This data was estimated based on population census of year 2023,
DATAFLOW,SPC:DF_POP_LECZ(1.0),Population living in low elevation coastal zones (0-10m and 0-20m above sea level),I,A,Annual,PF,French Polynesia,LECZPOPAF,Population in low elevation coastal zone in absolute frequency,5M,0-5 meters above sea level,2022,,85011,,N,units,,,,,,,This data was estimated based on population census of year 2023,
DATAFLOW,SPC:DF_POP_LECZ(1.0),Population living in low elevation coastal zones (0-10m and 0-20m above sea level),I,A,Annual,PF,French Polynesia,LECZPOPAF,Population in low elevation coastal zone in absolute frequency,5M,0-5 meters above sea level,2023,,85235,,N,units,,,,,,,This data was estimated based on population census of year 2023,
DATAFLOW,SPC:DF_POP_LECZ(1.0),Population living in low elevation coastal zones (0-10m and 0-20m above sea level),I,A,Annual,PF,French Polynesia,LECZPOPAF,Population in low elevation coastal zone in absolute frequency,5M,0-5 meters above sea level,2024,,85444,,N,units,,,,,,,This data was estimated based on population census of year 2023,
DATAFLOW,SPC:DF_POP_LECZ(1.0),Population living in low elevation coastal zones (0-10m and 0-20m above sea level),I,A,Annual,WS,Samoa,LECZPOPAF,Population in low elevation coastal zone in absolute frequency,20M,0-20 meters above sea level,2010,,79154,,N,units,,,E,Estimated value,,,This data was estimated based on population census of year 2023,
DATAFLOW,SPC:DF_POP_LECZ(1.0),Population living in low elevation coastal zones (0-10m and 0-20m above sea level),I,A,Annual,WS,Samoa,LECZPOPAF,Population in low elevation coastal zone in absolute frequency,20M,0-20 meters above sea level,2011,,79845,,N,units,,,E,Estimated value,,,This data was estimated based on population census of year 2023,
DATAFLOW,SPC:DF_POP_LECZ(1.0),Population living in low elevation coastal zones (0-10m and 0-20m above sea level),I,A,Annual,WS,Samoa,LECZPOPAF,Population in low elevation coastal zone in absolute frequency,20M,0-20 meters above sea level,2012,,80579,,N,units,,,E,Estimated value,,,This data was estimated based on population census of year 2023,
DATAFLOW,SPC:DF_POP_LECZ(1.0),Population living in low elevation coastal zones (0-10m and 0-20m above sea level),I,A,Annual,WS,Samoa,LECZPOPAF,Population in low elevation coastal zone in absolute frequency,20M,0-20 meters above sea level,2013,,81304,,N,units,,,E,Estimated value,,,This data was estimated based on population census of year 2023,
DATAFLOW,SPC:DF_POP_LECZ(1.0),Population living in low elevation coastal zones (0-10m and 0-20m above sea level),I,A,Annual,WS,Samoa,LECZPOPAF,Population in low elevation coastal zone in absolute frequency,20M,0-20 meters above sea level,2014,,82030,,N,units,,,E,Estimated value,,,This data was estimated based on population census of year 2023,
DATAFLOW,SPC:DF_POP_LECZ(1.0),Population living in low elevation coastal zones (0-10m and 0-20m above sea level),I,A,Annual,WS,Samoa,LECZPOPAF,Population in low elevation coastal zone in absolute frequency,20M,0-20 meters above sea level,2015,,82745,,N,units,,,E,Estimated value,,,This data was estimated based on population census of year 2023,
DATAFLOW,SPC:DF_POP_LECZ(1.0),Population living in low elevation coastal zones (0-10m and 0-20m above sea level),I,A,Annual,WS,Samoa,LECZPOPAF,Population in low elevation coastal zone in absolute frequency,20M,0-20 meters above sea level,2016,,83448,,N,units,,,E,Estimated value,,,This data was estimated based on population census of year 2023,
DATAFLOW,SPC:DF_POP_LECZ(1.0),Population living in low elevation coastal zones (0-10m and 0-20m above sea level),I,A,Annual,WS,Samoa,LECZPOPAF,Population in low elevation coastal zone in absolute frequency,20M,0-20 meters above sea level,2017,,84230,,N,units,,,E,Estimated value,,,This data was estimated based on population census of year 2023,
DATAFLOW,SPC:DF_POP_LECZ(1.0),Population living in low elevation coastal zones (0-10m and 0-20m above sea level),I,A,Annual,WS,Samoa,LECZPOPAF,Population in low elevation coastal zone in absolute frequency,20M,0-20 meters above sea level,2018,,85123,,N,units,,,E,Estimated value,,,This data was estimated based on population census of year 2023,
DATAFLOW,SPC:DF_POP_LECZ(1.0),Population living in low elevation coastal zones (0-10m and 0-20m above sea level),I,A,Annual,WS,Samoa,LECZPOPAF,Population in low elevation coastal zone in absolute frequency,20M,0-20 meters above sea level,2019,,86023,,N,units,,,E,Estimated value,,,This data was estimated based on population census of year 2023,
DATAFLOW,SPC:DF_POP_LECZ(1.0),Population living in low elevation coastal zones (0-10m and 0-20m above sea level),I,A,Annual,WS,Samoa,LECZPOPAF,Population in low elevation coastal zone in absolute frequency,20M,0-20 meters above sea level,2020,,86910,,N,units,,,E,Estimated value,,,This data was estimated based on population census of year 2023,
DATAFLOW,SPC:DF_POP_LECZ(1.0),Population living in low elevation coastal zones (0-10m and 0-20m above sea level),I,A,Annual,WS,Samoa,LECZPOPAF,Population in low elevation coastal zone in absolute frequency,20M,0-20 meters above sea level,2021,,87661,,N,units,,,E,Estimated value,,,This data was estimated based on population census of year 2023,
DATAFLOW,SPC:DF_POP_LECZ(1.0),Population living in low elevation coastal zones (0-10m and 0-20m above sea level),I,A,Annual,WS,Samoa,LECZPOPAF,Population in low elevation coastal zone in absolute frequency,20M,0-20 meters above sea level,2022,,79560,,N,units,,,,,,,This data was estimated based on population census of year 2023,
DATAFLOW,SPC:DF_POP_LECZ(1.0),Population living in low elevation coastal zones (0-10m and 0-20m above sea level),I,A,Annual,WS,Samoa,LECZPOPAF,Population in low elevation coastal zone in absolute frequency,20M,0-20 meters above sea level,2023,,80079,,N,units,,,,,,,This data was estimated based on population census of year 2023,
DATAFLOW,SPC:DF_POP_LECZ(1.0),Population living in low elevation coastal zones (0-10m and 0-20m above sea level),I,A,Annual,WS,Samoa,LECZPOPAF,Population in low elevation coastal zone in absolute frequency,20M,0-20 meters above sea level,2024,,80580,,N,units,,,,,,,This data was estimated based on population census of year 2023,
DATAFLOW,SPC:DF_POP_LECZ(1.0),Population living in low elevation coastal zones (0-10m and 0-20m above sea level),I,A,Annual,FM,Micronesia (Federated States of),LECZPOPRF,Population in low elevation coastal zone in relative frequency,5M,0-5 meters above sea level,2010,,22,,PERCENT,percent,,,,,,,This data was estimated based on population census of year 2023,
DATAFLOW,SPC:DF_POP_LECZ(1.0),Population living in low elevation coastal zones (0-10m and 0-20m above sea level),I,A,Annual,FM,Micronesia (Federated States of),LECZPOPRF,Population in low elevation coastal zone in relative frequency,5M,0-5 meters above sea level,2011,,22,,PERCENT,percent,,,,,,,This data was estimated based on population census of year 2023,
DATAFLOW,SPC:DF_POP_LECZ(1.0),Population living in low elevation coastal zones (0-10m and 0-20m above sea level),I,A,Annual,FM,Micronesia (Federated States of),LECZPOPRF,Population in low elevation coastal zone in relative frequency,5M,0-5 meters above sea level,2012,,22,,PERCENT,percent,,,,,,,This data was estimated based on population census of year 2023,
DATAFLOW,SPC:DF_POP_LECZ(1.0),Population living in low elevation coastal zones (0-10m and 0-20m above sea level),I,A,Annual,FM,Micronesia (Federated States of),LECZPOPRF,Population in low elevation coastal zone in relative frequency,5M,0-5 meters above sea level,2013,,22,,PERCENT,percent,,,,,,,This data was estimated based on population census of year 2023,
DATAFLOW,SPC:DF_POP_LECZ(1.0),Population living in low elevation coastal zones (0-10m and 0-20m above sea level),I,A,Annual,FM,Micronesia (Federated States of),LECZPOPRF,Population in low elevation coastal zone in relative frequency,5M,0-5 meters above sea level,2014,,22,,PERCENT,percent,,,,,,,This data was estimated based on population census of year 2023,
DATAFLOW,SPC:DF_POP_LECZ(1.0),Population living in low elevation coastal zones (0-10m and 0-20m above sea level),I,A,Annual,FM,Micronesia (Federated States of),LECZPOPRF,Population in low elevation coastal zone in relative frequency,5M,0-5 meters above sea level,2015,,22,,PERCENT,percent,,,,,,,This data was estimated based on population census of year 2023,
DATAFLOW,SPC:DF_POP_LECZ(1.0),Population living in low elevation coastal zones (0-10m and 0-20m above sea level),I,A,Annual,FM,Micronesia (Federated States of),LECZPOPRF,Population in low elevation coastal zone in relative frequency,5M,0-5 meters above sea level,2016,,22,,PERCENT,percent,,,,,,,This data was estimated based on population census of year 2023,
DATAFLOW,SPC:DF_POP_LECZ(1.0),Population living in low elevation coastal zones (0-10m and 0-20m above sea level),I,A,Annual,FM,Micronesia (Federated States of),LECZPOPRF,Population in low elevation coastal zone in relative frequency,5M,0-5 meters above sea level,2017,,22,,PERCENT,percent,,,,,,,This data was estimated based on population census of year 2023,
DATAFLOW,SPC:DF_POP_LECZ(1.0),Population living in low elevation coastal zones (0-10m and 0-20m above sea level),I,A,Annual,FM,Micronesia (Federated States of),LECZPOPRF,Population in low elevation coastal zone in relative frequency,5M,0-5 meters above sea level,2018,,22,,PERCENT,percent,,,,,,,This data was estimated based on population census of year 2023,
DATAFLOW,SPC:DF_POP_LECZ(1.0),Population living in low elevation coastal zones (0-10m and 0-20m above sea level),I,A,Annual,FM,Micronesia (Federated States of),LECZPOPRF,Population in low elevation coastal zone in relative frequency,5M,0-5 meters above sea level,2019,,22,,PERCENT,percent,,,,,,,This data was estimated based on population census of year 2023,
DATAFLOW,SPC:DF_POP_LECZ(1.0),Population living in low elevation coastal zones (0-10m and 0-20m above sea level),I,A,Annual,FM,Micronesia (Federated States of),LECZPOPRF,Population in low elevation coastal zone in relative frequency,5M,0-5 meters above sea level,2020,,22,,PERCENT,percent,,,,,,,This data was estimated based on population census of year 2023,
DATAFLOW,SPC:DF_POP_LECZ(1.0),Population living in low elevation coastal zones (0-10m and 0-20m above sea level),I,A,Annual,FM,Micronesia (Federated States of),LECZPOPRF,Population in low elevation coastal zone in relative frequency,5M,0-5 meters above sea level,2021,,22,,PERCENT,percent,,,,,,,This data was estimated based on population census of year 2023,
DATAFLOW,SPC:DF_POP_LECZ(1.0),Population living in low elevation coastal zones (0-10m and 0-20m above sea level),I,A,Annual,FM,Micronesia (Federated States of),LECZPOPRF,Population in low elevation coastal zone in relative frequency,5M,0-5 meters above sea level,2022,,22,,PERCENT,percent,,,,,,,This data was estimated based on population census of year 2023,
DATAFLOW,SPC:DF_POP_LECZ(1.0),Population living in low elevation coastal zones (0-10m and 0-20m above sea level),I,A,Annual,FM,Micronesia (Federated States of),LECZPOPRF,Population in low elevation coastal zone in relative frequency,5M,0-5 meters above sea level,2023,,22,,PERCENT,percent,,,,,,,This data was estimated based on population census of year 2023,
DATAFLOW,SPC:DF_POP_LECZ(1.0),Population living in low elevation coastal zones (0-10m and 0-20m above sea level),I,A,Annual,FM,Micronesia (Federated States of),LECZPOPRF,Population in low elevation coastal zone in relative frequency,5M,0-5 meters above sea level,2024,,22,,PERCENT,percent,,,,,,,This data was estimated based on population census of year 2023,
DATAFLOW,SPC:DF_POP_LECZ(1.0),Population living in low elevation coastal zones (0-10m and 0-20m above sea level),I,A,Annual,TO,Tonga,LECZPOPRF,Population in low elevation coastal zone in relative frequency,5M,0-5 meters above sea level,2010,,3,,PERCENT,percent,,,,,,,This data was estimated based on population census of year 2021,
DATAFLOW,SPC:DF_POP_LECZ(1.0),Population living in low elevation coastal zones (0-10m and 0-20m above sea level),I,A,Annual,TO,Tonga,LECZPOPRF,Population in low elevation coastal zone in relative frequency,5M,0-5 meters above sea level,2011,,3,,PERCENT,percent,,,,,,,This data was estimated based on population census of year 2021,
DATAFLOW,SPC:DF_POP_LECZ(1.0),Population living in low elevation coastal zones (0-10m and 0-20m above sea level),I,A,Annual,TO,Tonga,LECZPOPRF,Population in low elevation coastal zone in relative frequency,5M,0-5 meters above sea level,2012,,3,,PERCENT,percent,,,,,,,This data was estimated based on population census of year 2021,
DATAFLOW,SPC:DF_POP_LECZ(1.0),Population living in low elevation coastal zones (0-10m and 0-20m above sea level),I,A,Annual,TO,Tonga,LECZPOPRF,Population in low elevation coastal zone in relative frequency,5M,0-5 meters above sea level,2013,,3,,PERCENT,percent,,,,,,,This data was estimated based on population census of year 2021,
DATAFLOW,SPC:DF_POP_LECZ(1.0),Population living in low elevation coastal zones (0-10m and 0-20m above sea level),I,A,Annual,TO,Tonga,LECZPOPRF,Population in low elevation coastal zone in relative frequency,5M,0-5 meters above sea level,2014,,3,,PERCENT,percent,,,,,,,This data was estimated based on population census of year 2021,
DATAFLOW,SPC:DF_POP_LECZ(1.0),Population living in low elevation coastal zones (0-10m and 0-20m above sea level),I,A,Annual,TO,Tonga,LECZPOPRF,Population in low elevation coastal zone in relative frequency,5M,0-5 meters above sea level,2015,,3,,PERCENT,percent,,,,,,,This data was estimated based on population census of year 2021,
DATAFLOW,SPC:DF_POP_LECZ(1.0),Population living in low elevation coastal zones (0-10m and 0-20m above sea level),I,A,Annual,TO,Tonga,LECZPOPRF,Population in low elevation coastal zone in relative frequency,5M,0-5 meters above sea level,2016,,3,,PERCENT,percent,,,,,,,This data was estimated based on population census of year 2021,
DATAFLOW,SPC:DF_POP_LECZ(1.0),Population living in low elevation coastal zones (0-10m and 0-20m above sea level),I,A,Annual,TO,Tonga,LECZPOPRF,Population in low elevation coastal zone in relative frequency,5M,0-5 meters above sea level,2017,,3,,PERCENT,percent,,,,,,,This data was estimated based on population census of year 2021,
DATAFLOW,SPC:DF_POP_LECZ(1.0),Population living in low elevation coastal zones (0-10m and 0-20m above sea level),I,A,Annual,TO,Tonga,LECZPOPRF,Population in low elevation coastal zone in relative frequency,5M,0-5 meters above sea level,2018,,3,,PERCENT,percent,,,,,,,This data was estimated based on population census of year 2021,
DATAFLOW,SPC:DF_POP_LECZ(1.0),Population living in low elevation coastal zones (0-10m and 0-20m above sea level),I,A,Annual,TO,Tonga,LECZPOPRF,Population in low elevation coastal zone in relative frequency,5M,0-5 meters above sea level,2019,,3,,PERCENT,percent,,,,,,,This data was estimated based on population census of year 2021,
DATAFLOW,SPC:DF_POP_LECZ(1.0),Population living in low elevation coastal zones (0-10m and 0-20m above sea level),I,A,Annual,TO,Tonga,LECZPOPRF,Population in low elevation coastal zone in relative frequency,5M,0-5 meters above sea level,2020,,3,,PERCENT,percent,,,,,,,This data was estimated based on population census of year 2021,
DATAFLOW,SPC:DF_POP_LECZ(1.0),Population living in low elevation coastal zones (0-10m and 0-20m above sea level),I,A,Annual,TO,Tonga,LECZPOPRF,Population in low elevation coastal zone in relative frequency,5M,0-5 meters above sea level,2021,,3,,PERCENT,percent,,,,,,,This data was estimated based on population census of year 2021,
DATAFLOW,SPC:DF_POP_LECZ(1.0),Population living in low elevation coastal zones (0-10m and 0-20m above sea level),I,A,Annual,TO,Tonga,LECZPOPRF,Population in low elevation coastal zone in relative frequency,5M,0-5 meters above sea level,2022,,3,,PERCENT,percent,,,,,,,This data was estimated based on population census of year 2021,
DATAFLOW,SPC:DF_POP_LECZ(1.0),Population living in low elevation coastal zones (0-10m and 0-20m above sea level),I,A,Annual,TO,Tonga,LECZPOPRF,Population in low elevation coastal zone in relative frequency,5M,0-5 meters above sea level,2023,,3,,PERCENT,percent,,,,,,,This data was estimated based on population census of year 2021,
DATAFLOW,SPC:DF_POP_LECZ(1.0),Population living in low elevation coastal zones (0-10m and 0-20m above sea level),I,A,Annual,TO,Tonga,LECZPOPRF,Population in low elevation coastal zone in relative frequency,5M,0-5 meters above sea level,2024,,3,,PERCENT,percent,,,,,,,This data was estimated based on population census of year 2021,
DATAFLOW,SPC:DF_POP_LECZ(1.0),Population living in low elevation coastal zones (0-10m and 0-20m above sea level),I,A,Annual,WS,Samoa,LECZPOPAF,Population in low elevation coastal zone in absolute frequency,10M,0-10 meters above sea level,2010,,28959,,N,units,,,E,Estimated value,,,This data was estimated based on population census of year 2023,
DATAFLOW,SPC:DF_POP_LECZ(1.0),Population living in low elevation coastal zones (0-10m and 0-20m above sea level),I,A,Annual,WS,Samoa,LECZPOPAF,Population in low elevation coastal zone in absolute frequency,10M,0-10 meters above sea level,2011,,29212,,N,units,,,E,Estimated value,,,This data was estimated based on population census of year 2023,
DATAFLOW,SPC:DF_POP_LECZ(1.0),Population living in low elevation coastal zones (0-10m and 0-20m above sea level),I,A,Annual,WS,Samoa,LECZPOPAF,Population in low elevation coastal zone in absolute frequency,10M,0-10 meters above sea level,2012,,29480,,N,units,,,E,Estimated value,,,This data was estimated based on population census of year 2023,
DATAFLOW,SPC:DF_POP_LECZ(1.0),Population living in low elevation coastal zones (0-10m and 0-20m above sea level),I,A,Annual,WS,Samoa,LECZPOPAF,Population in low elevation coastal zone in absolute frequency,10M,0-10 meters above sea level,2013,,29745,,N,units,,,E,Estimated value,,,This data was estimated based on population census of year 2023,
DATAFLOW,SPC:DF_POP_LECZ(1.0),Population living in low elevation coastal zones (0-10m and 0-20m above sea level),I,A,Annual,WS,Samoa,LECZPOPAF,Population in low elevation coastal zone in absolute frequency,10M,0-10 meters above sea level,2014,,30011,,N,units,,,E,Estimated value,,,This data was estimated based on population census of year 2023,
DATAFLOW,SPC:DF_POP_LECZ(1.0),Population living in low elevation coastal zones (0-10m and 0-20m above sea level),I,A,Annual,WS,Samoa,LECZPOPAF,Population in low elevation coastal zone in absolute frequency,10M,0-10 meters above sea level,2015,,30273,,N,units,,,E,Estimated value,,,This data was estimated based on population census of year 2023,
DATAFLOW,SPC:DF_POP_LECZ(1.0),Population living in low elevation coastal zones (0-10m and 0-20m above sea level),I,A,Annual,WS,Samoa,LECZPOPAF,Population in low elevation coastal zone in absolute frequency,10M,0-10 meters above sea level,2016,,30530,,N,units,,,E,Estimated value,,,This data was estimated based on population census of year 2023,
DATAFLOW,SPC:DF_POP_LECZ(1.0),Population living in low elevation coastal zones (0-10m and 0-20m above sea level),I,A,Annual,WS,Samoa,LECZPOPAF,Population in low elevation coastal zone in absolute frequency,10M,0-10 meters above sea level,2017,,30816,,N,units,,,E,Estimated value,,,This data was estimated based on population census of year 2023,
DATAFLOW,SPC:DF_POP_LECZ(1.0),Population living in low elevation coastal zones (0-10m and 0-20m above sea level),I,A,Annual,WS,Samoa,LECZPOPAF,Population in low elevation coastal zone in absolute frequency,10M,0-10 meters above sea level,2018,,31143,,N,units,,,E,Estimated value,,,This data was estimated based on population census of year 2023,
DATAFLOW,SPC:DF_POP_LECZ(1.0),Population living in low elevation coastal zones (0-10m and 0-20m above sea level),I,A,Annual,WS,Samoa,LECZPOPAF,Population in low elevation coastal zone in absolute frequency,10M,0-10 meters above sea level,2019,,31472,,N,units,,,E,Estimated value,,,This data was estimated based on population census of year 2023,
DATAFLOW,SPC:DF_POP_LECZ(1.0),Population living in low elevation coastal zones (0-10m and 0-20m above sea level),I,A,Annual,WS,Samoa,LECZPOPAF,Population in low elevation coastal zone in absolute frequency,10M,0-10 meters above sea level,2020,,31796,,N,units,,,E,Estimated value,,,This data was estimated based on population census of year 2023,
DATAFLOW,SPC:DF_POP_LECZ(1.0),Population living in low elevation coastal zones (0-10m and 0-20m above sea level),I,A,Annual,WS,Samoa,LECZPOPAF,Population in low elevation coastal zone in absolute frequency,10M,0-10 meters above sea level,2021,,32071,,N,units,,,E,Estimated value,,,This data was estimated based on population census of year 2023,
DATAFLOW,SPC:DF_POP_LECZ(1.0),Population living in low elevation coastal zones (0-10m and 0-20m above sea level),I,A,Annual,WS,Samoa,LECZPOPAF,Population in low elevation coastal zone in absolute frequency,10M,0-10 meters above sea level,2022,,28221,,N,units,,,,,,,This data was estimated based on population census of year 2023,
DATAFLOW,SPC:DF_POP_LECZ(1.0),Population living in low elevation coastal zones (0-10m and 0-20m above sea level),I,A,Annual,WS,Samoa,LECZPOPAF,Population in low elevation coastal zone in absolute frequency,10M,0-10 meters above sea level,2023,,28405,,N,units,,,,,,,This data was estimated based on population census of year 2023,
DATAFLOW,SPC:DF_POP_LECZ(1.0),Population living in low elevation coastal zones (0-10m and 0-20m above sea level),I,A,Annual,WS,Samoa,LECZPOPAF,Population in low elevation coastal zone in absolute frequency,10M,0-10 meters above sea level,2024,,28582,,N,units,,,,,,,This data was estimated based on population census of year 2023,
DATAFLOW,SPC:DF_POP_LECZ(1.0),Population living in low elevation coastal zones (0-10m and 0-20m above sea level),I,A,Annual,NC,New Caledonia,LECZPOPAF,Population in low elevation coastal zone in absolute frequency,_T,Total,2010,,261598,,N,units,,,E,Estimated value,,,Estimated mid-year population for year 2010.,
DATAFLOW,SPC:DF_POP_LECZ(1.0),Population living in low elevation coastal zones (0-10m and 0-20m above sea level),I,A,Annual,NC,New Caledonia,LECZPOPAF,Population in low elevation coastal zone in absolute frequency,_T,Total,2011,,266561,,N,units,,,E,Estimated value,,,Estimated mid-year population for year 2011.,
DATAFLOW,SPC:DF_POP_LECZ(1.0),Population living in low elevation coastal zones (0-10m and 0-20m above sea level),I,A,Annual,NC,New Caledonia,LECZPOPAF,Population in low elevation coastal zone in absolute frequency,_T,Total,2012,,271657,,N,units,,,E,Estimated value,,,Estimated mid-year population for year 2012.,
DATAFLOW,SPC:DF_POP_LECZ(1.0),Population living in low elevation coastal zones (0-10m and 0-20m above sea level),I,A,Annual,NC,New Caledonia,LECZPOPAF,Population in low elevation coastal zone in absolute frequency,_T,Total,2013,,276850,,N,units,,,E,Estimated value,,,Estimated mid-year population for year 2013.,
DATAFLOW,SPC:DF_POP_LECZ(1.0),Population living in low elevation coastal zones (0-10m and 0-20m above sea level),I,A,Annual,NC,New Caledonia,LECZPOPAF,Population in low elevation coastal zone in absolute frequency,_T,Total,2014,,281250,,N,units,,,E,Estimated value,,,Estimated mid-year population for year 2014.,
DATAFLOW,SPC:DF_POP_LECZ(1.0),Population living in low elevation coastal zones (0-10m and 0-20m above sea level),I,A,Annual,NC,New Caledonia,LECZPOPAF,Population in low elevation coastal zone in absolute frequency,_T,Total,2015,,283193,,N,units,,,E,Estimated value,,,Estimated mid-year population for year 2015.,
DATAFLOW,SPC:DF_POP_LECZ(1.0),Population living in low elevation coastal zones (0-10m and 0-20m above sea level),I,A,Annual,NC,New Caledonia,LECZPOPAF,Population in low elevation coastal zone in absolute frequency,_T,Total,2016,,283442,,N,units,,,E,Estimated value,,,Estimated mid-year population for year 2016.,
DATAFLOW,SPC:DF_POP_LECZ(1.0),Population living in low elevation coastal zones (0-10m and 0-20m above sea level),I,A,Annual,NC,New Caledonia,LECZPOPAF,Population in low elevation coastal zone in absolute frequency,_T,Total,2017,,283569,,N,units,,,E,Estimated value,,,Estimated mid-year population for year 2017.,
DATAFLOW,SPC:DF_POP_LECZ(1.0),Population living in low elevation coastal zones (0-10m and 0-20m above sea level),I,A,Annual,NC,New Caledonia,LECZPOPAF,Population in low elevation coastal zone in absolute frequency,_T,Total,2018,,283565,,N,units,,,E,Estimated value,,,Estimated mid-year population for year 2018.,
DATAFLOW,SPC:DF_POP_LECZ(1.0),Population living in low elevation coastal zones (0-10m and 0-20m above sea level),I,A,Annual,NC,New Caledonia,LECZPOPAF,Population in low elevation coastal zone in absolute frequency,_T,Total,2019,,283619,,N,units,,,E,Estimated value,,,Estimated mid-year population for year 2019.,
DATAFLOW,SPC:DF_POP_LECZ(1.0),Population living in low elevation coastal zones (0-10m and 0-20m above sea level),I,A,Annual,NC,New Caledonia,LECZPOPAF,Population in low elevation coastal zone in absolute frequency,_T,Total,2020,,284200,,N,units,,,E,Estimated value,,,Estimated mid-year population for year 2020.,
DATAFLOW,SPC:DF_POP_LECZ(1.0),Population living in low elevation coastal zones (0-10m and 0-20m above sea level),I,A,Annual,NC,New Caledonia,LECZPOPAF,Population in low elevation coastal zone in absolute frequency,_T,Total,2021,,285233,,N,units,,,E,Estimated value,,,Estimated mid-year population for year 2021.,
DATAFLOW,SPC:DF_POP_LECZ(1.0),Population living in low elevation coastal zones (0-10m and 0-20m above sea level),I,A,Annual,PF,French Polynesia,LECZPOPRF,Population in low elevation coastal zone in relative frequency,10M,0-10 meters above sea level,2010,,39,,PERCENT,percent,,,E,Estimated value,,,This data was estimated based on population census of year 2023,
DATAFLOW,SPC:DF_POP_LECZ(1.0),Population living in low elevation coastal zones (0-10m and 0-20m above sea level),I,A,Annual,PF,French Polynesia,LECZPOPRF,Population in low elevation coastal zone in relative frequency,10M,0-10 meters above sea level,2011,,39,,PERCENT,percent,,,E,Estimated value,,,This data was estimated based on population census of year 2023,
DATAFLOW,SPC:DF_POP_LECZ(1.0),Population living in low elevation coastal zones (0-10m and 0-20m above sea level),I,A,Annual,PF,French Polynesia,LECZPOPRF,Population in low elevation coastal zone in relative frequency,10M,0-10 meters above sea level,2012,,39,,PERCENT,percent,,,E,Estimated value,,,This data was estimated based on population census of year 2023,
DATAFLOW,SPC:DF_POP_LECZ(1.0),Population living in low elevation coastal zones (0-10m and 0-20m above sea level),I,A,Annual,PF,French Polynesia,LECZPOPRF,Population in low elevation coastal zone in relative frequency,10M,0-10 meters above sea level,2013,,39,,PERCENT,percent,,,E,Estimated value,,,This data was estimated based on population census of year 2023,
DATAFLOW,SPC:DF_POP_LECZ(1.0),Population living in low elevation coastal zones (0-10m and 0-20m above sea level),I,A,Annual,PF,French Polynesia,LECZPOPRF,Population in low elevation coastal zone in relative frequency,10M,0-10 meters above sea level,2014,,39,,PERCENT,percent,,,E,Estimated value,,,This data was estimated based on population census of year 2023,
DATAFLOW,SPC:DF_POP_LECZ(1.0),Population living in low elevation coastal zones (0-10m and 0-20m above sea level),I,A,Annual,PF,French Polynesia,LECZPOPRF,Population in low elevation coastal zone in relative frequency,10M,0-10 meters above sea level,2015,,39,,PERCENT,percent,,,E,Estimated value,,,This data was estimated based on population census of year 2023,
DATAFLOW,SPC:DF_POP_LECZ(1.0),Population living in low elevation coastal zones (0-10m and 0-20m above sea level),I,A,Annual,PF,French Polynesia,LECZPOPRF,Population in low elevation coastal zone in relative frequency,10M,0-10 meters above sea level,2016,,39,,PERCENT,percent,,,E,Estimated value,,,This data was estimated based on population census of year 2023,
DATAFLOW,SPC:DF_POP_LECZ(1.0),Population living in low elevation coastal zones (0-10m and 0-20m above sea level),I,A,Annual,PF,French Polynesia,LECZPOPRF,Population in low elevation coastal zone in relative frequency,10M,0-10 meters above sea level,2017,,39,,PERCENT,percent,,,E,Estimated value,,,This data was estimated based on population census of year 2023,
DATAFLOW,SPC:DF_POP_LECZ(1.0),Population living in low elevation coastal zones (0-10m and 0-20m above sea level),I,A,Annual,PF,French Polynesia,LECZPOPRF,Population in low elevation coastal zone in relative frequency,10M,0-10 meters above sea level,2018,,39,,PERCENT,percent,,,E,Estimated value,,,This data was estimated based on population census of year 2023,
DATAFLOW,SPC:DF_POP_LECZ(1.0),Population living in low elevation coastal zones (0-10m and 0-20m above sea level),I,A,Annual,PF,French Polynesia,LECZPOPRF,Population in low elevation coastal zone in relative frequency,10M,0-10 meters above sea level,2019,,39,,PERCENT,percent,,,E,Estimated value,,,This data was estimated based on population census of year 2023,
DATAFLOW,SPC:DF_POP_LECZ(1.0),Population living in low elevation coastal zones (0-10m and 0-20m above sea level),I,A,Annual,PF,French Polynesia,LECZPOPRF,Population in low elevation coastal zone in relative frequency,10M,0-10 meters above sea level,2020,,39,,PERCENT,percent,,,E,Estimated value,,,This data was estimated based on population census of year 2023,
DATAFLOW,SPC:DF_POP_LECZ(1.0),Population living in low elevation coastal zones (0-10m and 0-20m above sea level),I,A,Annual,PF,French Polynesia,LECZPOPRF,Population in low elevation coastal zone in relative frequency,10M,0-10 meters above sea level,2021,,39,,PERCENT,percent,,,E,Estimated value,,,This data was estimated based on population census of year 2023,
DATAFLOW,SPC:DF_POP_LECZ(1.0),Population living in low elevation coastal zones (0-10m and 0-20m above sea level),I,A,Annual,PF,French Polynesia,LECZPOPRF,Population in low elevation coastal zone in relative frequency,10M,0-10 meters above sea level,2022,,55,,PERCENT,percent,,,,,,,This data was estimated based on population census of year 2023,
DATAFLOW,SPC:DF_POP_LECZ(1.0),Population living in low elevation coastal zones (0-10m and 0-20m above sea level),I,A,Annual,PF,French Polynesia,LECZPOPRF,Population in low elevation coastal zone in relative frequency,10M,0-10 meters above sea level,2023,,55,,PERCENT,percent,,,,,,,This data was estimated based on population census of year 2023,
DATAFLOW,SPC:DF_POP_LECZ(1.0),Population living in low elevation coastal zones (0-10m and 0-20m above sea level),I,A,Annual,PF,French Polynesia,LECZPOPRF,Population in low elevation coastal zone in relative frequency,10M,0-10 meters above sea level,2024,,55,,PERCENT,percent,,,,,,,This data was estimated based on population census of year 2023,
DATAFLOW,SPC:DF_POP_LECZ(1.0),Population living in low elevation coastal zones (0-10m and 0-20m above sea level),I,A,Annual,PW,Palau,LECZPOPRF,Population in low elevation coastal zone in relative frequency,20M,0-20 meters above sea level,2010,,46,,PERCENT,percent,,,E,Estimated value,,,This data was estimated based on population census of year 2023,
DATAFLOW,SPC:DF_POP_LECZ(1.0),Population living in low elevation coastal zones (0-10m and 0-20m above sea level),I,A,Annual,PW,Palau,LECZPOPRF,Population in low elevation coastal zone in relative frequency,20M,0-20 meters above sea level,2011,,46,,PERCENT,percent,,,E,Estimated value,,,This data was estimated based on population census of year 2023,
DATAFLOW,SPC:DF_POP_LECZ(1.0),Population living in low elevation coastal zones (0-10m and 0-20m above sea level),I,A,Annual,PW,Palau,LECZPOPRF,Population in low elevation coastal zone in relative frequency,20M,0-20 meters above sea level,2012,,46,,PERCENT,percent,,,E,Estimated value,,,This data was estimated based on population census of year 2023,
DATAFLOW,SPC:DF_POP_LECZ(1.0),Population living in low elevation coastal zones (0-10m and 0-20m above sea level),I,A,Annual,PW,Palau,LECZPOPRF,Population in low elevation coastal zone in relative frequency,20M,0-20 meters above sea level,2013,,46,,PERCENT,percent,,,E,Estimated value,,,This data was estimated based on population census of year 2023,
DATAFLOW,SPC:DF_POP_LECZ(1.0),Population living in low elevation coastal zones (0-10m and 0-20m above sea level),I,A,Annual,PW,Palau,LECZPOPRF,Population in low elevation coastal zone in relative frequency,20M,0-20 meters above sea level,2014,,46,,PERCENT,percent,,,E,Estimated value,,,This data was estimated based on population census of year 2023,
DATAFLOW,SPC:DF_POP_LECZ(1.0),Population living in low elevation coastal zones (0-10m and 0-20m above sea level),I,A,Annual,PW,Palau,LECZPOPRF,Population in low elevation coastal zone in relative frequency,20M,0-20 meters above sea level,2015,,46,,PERCENT,percent,,,E,Estimated value,,,This data was estimated based on population census of year 2023,
DATAFLOW,SPC:DF_POP_LECZ(1.0),Population living in low elevation coastal zones (0-10m and 0-20m above sea level),I,A,Annual,PW,Palau,LECZPOPRF,Population in low elevation coastal zone in relative frequency,20M,0-20 meters above sea level,2016,,46,,PERCENT,percent,,,E,Estimated value,,,This data was estimated based on population census of year 2023,
DATAFLOW,SPC:DF_POP_LECZ(1.0),Population living in low elevation coastal zones (0-10m and 0-20m above sea level),I,A,Annual,PW,Palau,LECZPOPRF,Population in low elevation coastal zone in relative frequency,20M,0-20 meters above sea level,2017,,46,,PERCENT,percent,,,E,Estimated value,,,This data was estimated based on population census of year 2023,
DATAFLOW,SPC:DF_POP_LECZ(1.0),Population living in low elevation coastal zones (0-10m and 0-20m above sea level),I,A,Annual,PW,Palau,LECZPOPRF,Population in low elevation coastal zone in relative frequency,20M,0-20 meters above sea level,2018,,46,,PERCENT,percent,,,E,Estimated value,,,This data was estimated based on population census of year 2023,
DATAFLOW,SPC:DF_POP_LECZ(1.0),Population living in low elevation coastal zones (0-10m and 0-20m above sea level),I,A,Annual,PW,Palau,LECZPOPRF,Population in low elevation coastal zone in relative frequency,20M,0-20 meters above sea level,2019,,46,,PERCENT,percent,,,E,Estimated value,,,This data was estimated based on population census of year 2023,
DATAFLOW,SPC:DF_POP_LECZ(1.0),Population living in low elevation coastal zones (0-10m and 0-20m above sea level),I,A,Annual,PW,Palau,LECZPOPRF,Population in low elevation coastal zone in relative frequency,20M,0-20 meters above sea level,2020,,46,,PERCENT,percent,,,E,Estimated value,,,This data was estimated based on population census of year 2023,
DATAFLOW,SPC:DF_POP_LECZ(1.0),Population living in low elevation coastal zones (0-10m and 0-20m above sea level),I,A,Annual,PW,Palau,LECZPOPRF,Population in low elevation coastal zone in relative frequency,20M,0-20 meters above sea level,2021,,46,,PERCENT,percent,,,E,Estimated value,,,This data was estimated based on population census of year 2023,
DATAFLOW,SPC:DF_POP_LECZ(1.0),Population living in low elevation coastal zones (0-10m and 0-20m above sea level),I,A,Annual,PW,Palau,LECZPOPRF,Population in low elevation coastal zone in relative frequency,20M,0-20 meters above sea level,2022,,48,,PERCENT,percent,,,,,,,This data was estimated based on population census of year 2023,
DATAFLOW,SPC:DF_POP_LECZ(1.0),Population living in low elevation coastal zones (0-10m and 0-20m above sea level),I,A,Annual,PW,Palau,LECZPOPRF,Population in low elevation coastal zone in relative frequency,20M,0-20 meters above sea level,2023,,48,,PERCENT,percent,,,,,,,This data was estimated based on population census of year 2023,
DATAFLOW,SPC:DF_POP_LECZ(1.0),Population living in low elevation coastal zones (0-10m and 0-20m above sea level),I,A,Annual,PW,Palau,LECZPOPRF,Population in low elevation coastal zone in relative frequency,20M,0-20 meters above sea level,2024,,48,,PERCENT,percent,,,,,,,This data was estimated based on population census of year 2023,
DATAFLOW,SPC:DF_POP_LECZ(1.0),Population living in low elevation coastal zones (0-10m and 0-20m above sea level),I,A,Annual,GU,Guam,LECZPOPAF,Population in low elevation coastal zone in absolute frequency,20M,0-20 meters above sea level,2010,,18321,,N,units,,,E,Estimated value,,,This data was estimated based on population census of year 2023,
DATAFLOW,SPC:DF_POP_LECZ(1.0),Population living in low elevation coastal zones (0-10m and 0-20m above sea level),I,A,Annual,GU,Guam,LECZPOPAF,Population in low elevation coastal zone in absolute frequency,20M,0-20 meters above sea level,2011,,18322,,N,units,,,E,Estimated value,,,This data was estimated based on population census of year 2023,
DATAFLOW,SPC:DF_POP_LECZ(1.0),Population living in low elevation coastal zones (0-10m and 0-20m above sea level),I,A,Annual,GU,Guam,LECZPOPAF,Population in low elevation coastal zone in absolute frequency,20M,0-20 meters above sea level,2012,,18300,,N,units,,,E,Estimated value,,,This data was estimated based on population census of year 2023,
DATAFLOW,SPC:DF_POP_LECZ(1.0),Population living in low elevation coastal zones (0-10m and 0-20m above sea level),I,A,Annual,GU,Guam,LECZPOPAF,Population in low elevation coastal zone in absolute frequency,20M,0-20 meters above sea level,2013,,18259,,N,units,,,E,Estimated value,,,This data was estimated based on population census of year 2023,
DATAFLOW,SPC:DF_POP_LECZ(1.0),Population living in low elevation coastal zones (0-10m and 0-20m above sea level),I,A,Annual,GU,Guam,LECZPOPAF,Population in low elevation coastal zone in absolute frequency,20M,0-20 meters above sea level,2014,,18206,,N,units,,,E,Estimated value,,,This data was estimated based on population census of year 2023,
DATAFLOW,SPC:DF_POP_LECZ(1.0),Population living in low elevation coastal zones (0-10m and 0-20m above sea level),I,A,Annual,GU,Guam,LECZPOPAF,Population in low elevation coastal zone in absolute frequency,20M,0-20 meters above sea level,2015,,18143,,N,units,,,E,Estimated value,,,This data was estimated based on population census of year 2023,
DATAFLOW,SPC:DF_POP_LECZ(1.0),Population living in low elevation coastal zones (0-10m and 0-20m above sea level),I,A,Annual,GU,Guam,LECZPOPAF,Population in low elevation coastal zone in absolute frequency,20M,0-20 meters above sea level,2016,,18068,,N,units,,,E,Estimated value,,,This data was estimated based on population census of year 2023,
DATAFLOW,SPC:DF_POP_LECZ(1.0),Population living in low elevation coastal zones (0-10m and 0-20m above sea level),I,A,Annual,GU,Guam,LECZPOPAF,Population in low elevation coastal zone in absolute frequency,20M,0-20 meters above sea level,2017,,17987,,N,units,,,E,Estimated value,,,This data was estimated based on population census of year 2023,
DATAFLOW,SPC:DF_POP_LECZ(1.0),Population living in low elevation coastal zones (0-10m and 0-20m above sea level),I,A,Annual,GU,Guam,LECZPOPAF,Population in low elevation coastal zone in absolute frequency,20M,0-20 meters above sea level,2018,,17898,,N,units,,,E,Estimated value,,,This data was estimated based on population census of year 2023,
DATAFLOW,SPC:DF_POP_LECZ(1.0),Population living in low elevation coastal zones (0-10m and 0-20m above sea level),I,A,Annual,GU,Guam,LECZPOPAF,Population in low elevation coastal zone in absolute frequency,20M,0-20 meters above sea level,2019,,17802,,N,units,,,E,Estimated value,,,This data was estimated based on population census of year 2023,
DATAFLOW,SPC:DF_POP_LECZ(1.0),Population living in low elevation coastal zones (0-10m and 0-20m above sea level),I,A,Annual,GU,Guam,LECZPOPAF,Population in low elevation coastal zone in absolute frequency,20M,0-20 meters above sea level,2020,,17840,,N,units,,,E,Estimated value,,,This data was estimated based on population census of year 2023,
DATAFLOW,SPC:DF_POP_LECZ(1.0),Population living in low elevation coastal zones (0-10m and 0-20m above sea level),I,A,Annual,GU,Guam,LECZPOPAF,Population in low elevation coastal zone in absolute frequency,20M,0-20 meters above sea level,2021,,18014,,N,units,,,E,Estimated value,,,This data was estimated based on population census of year 2023,
DATAFLOW,SPC:DF_POP_LECZ(1.0),Population living in low elevation coastal zones (0-10m and 0-20m above sea level),I,A,Annual,GU,Guam,LECZPOPAF,Population in low elevation coastal zone in absolute frequency,20M,0-20 meters above sea level,2022,,15147,,N,units,,,,,,,This data was estimated based on population census of year 2023,
DATAFLOW,SPC:DF_POP_LECZ(1.0),Population living in low elevation coastal zones (0-10m and 0-20m above sea level),I,A,Annual,GU,Guam,LECZPOPAF,Population in low elevation coastal zone in absolute frequency,20M,0-20 meters above sea level,2023,,15269,,N,units,,,,,,,This data was estimated based on population census of year 2023,
DATAFLOW,SPC:DF_POP_LECZ(1.0),Population living in low elevation coastal zones (0-10m and 0-20m above sea level),I,A,Annual,GU,Guam,LECZPOPAF,Population in low elevation coastal zone in absolute frequency,20M,0-20 meters above sea level,2024,,15385,,N,units,,,,,,,This data was estimated based on population census of year 2023,
DATAFLOW,SPC:DF_POP_LECZ(1.0),Population living in low elevation coastal zones (0-10m and 0-20m above sea level),I,A,Annual,AS,American Samoa,LECZPOPRF,Population in low elevation coastal zone in relative frequency,20M,0-20 meters above sea level,2010,,42,,PERCENT,percent,,,E,Estimated value,,,This data was estimated based on population census of year 2023,
DATAFLOW,SPC:DF_POP_LECZ(1.0),Population living in low elevation coastal zones (0-10m and 0-20m above sea level),I,A,Annual,AS,American Samoa,LECZPOPRF,Population in low elevation coastal zone in relative frequency,20M,0-20 meters above sea level,2011,,42,,PERCENT,percent,,,E,Estimated value,,,This data was estimated based on population census of year 2023,
DATAFLOW,SPC:DF_POP_LECZ(1.0),Population living in low elevation coastal zones (0-10m and 0-20m above sea level),I,A,Annual,AS,American Samoa,LECZPOPRF,Population in low elevation coastal zone in relative frequency,20M,0-20 meters above sea level,2012,,42,,PERCENT,percent,,,E,Estimated value,,,This data was estimated based on population census of year 2023,
DATAFLOW,SPC:DF_POP_LECZ(1.0),Population living in low elevation coastal zones (0-10m and 0-20m above sea level),I,A,Annual,AS,American Samoa,LECZPOPRF,Population in low elevation coastal zone in relative frequency,20M,0-20 meters above sea level,2013,,42,,PERCENT,percent,,,E,Estimated value,,,This data was estimated based on population census of year 2023,
DATAFLOW,SPC:DF_POP_LECZ(1.0),Population living in low elevation coastal zones (0-10m and 0-20m above sea level),I,A,Annual,AS,American Samoa,LECZPOPRF,Population in low elevation coastal zone in relative frequency,20M,0-20 meters above sea level,2014,,42,,PERCENT,percent,,,E,Estimated value,,,This data was estimated based on population census of year 2023,
DATAFLOW,SPC:DF_POP_LECZ(1.0),Population living in low elevation coastal zones (0-10m and 0-20m above sea level),I,A,Annual,AS,American Samoa,LECZPOPRF,Population in low elevation coastal zone in relative frequency,20M,0-20 meters above sea level,2015,,42,,PERCENT,percent,,,E,Estimated value,,,This data was estimated based on population census of year 2023,
DATAFLOW,SPC:DF_POP_LECZ(1.0),Population living in low elevation coastal zones (0-10m and 0-20m above sea level),I,A,Annual,AS,American Samoa,LECZPOPRF,Population in low elevation coastal zone in relative frequency,20M,0-20 meters above sea level,2016,,42,,PERCENT,percent,,,E,Estimated value,,,This data was estimated based on population census of year 2023,
DATAFLOW,SPC:DF_POP_LECZ(1.0),Population living in low elevation coastal zones (0-10m and 0-20m above sea level),I,A,Annual,AS,American Samoa,LECZPOPRF,Population in low elevation coastal zone in relative frequency,20M,0-20 meters above sea level,2017,,42,,PERCENT,percent,,,E,Estimated value,,,This data was estimated based on population census of year 2023,
DATAFLOW,SPC:DF_POP_LECZ(1.0),Population living in low elevation coastal zones (0-10m and 0-20m above sea level),I,A,Annual,AS,American Samoa,LECZPOPRF,Population in low elevation coastal zone in relative frequency,20M,0-20 meters above sea level,2018,,42,,PERCENT,percent,,,E,Estimated value,,,This data was estimated based on population census of year 2023,
DATAFLOW,SPC:DF_POP_LECZ(1.0),Population living in low elevation coastal zones (0-10m and 0-20m above sea level),I,A,Annual,AS,American Samoa,LECZPOPRF,Population in low elevation coastal zone in relative frequency,20M,0-20 meters above sea level,2019,,42,,PERCENT,percent,,,E,Estimated value,,,This data was estimated based on population census of year 2023,
DATAFLOW,SPC:DF_POP_LECZ(1.0),Population living in low elevation coastal zones (0-10m and 0-20m above sea level),I,A,Annual,AS,American Samoa,LECZPOPRF,Population in low elevation coastal zone in relative frequency,20M,0-20 meters above sea level,2020,,42,,PERCENT,percent,,,E,Estimated value,,,This data was estimated based on population census of year 2023,
DATAFLOW,SPC:DF_POP_LECZ(1.0),Population living in low elevation coastal zones (0-10m and 0-20m above sea level),I,A,Annual,AS,American Samoa,LECZPOPRF,Population in low elevation coastal zone in relative frequency,20M,0-20 meters above sea level,2021,,42,,PERCENT,percent,,,E,Estimated value,,,This data was estimated based on population census of year 2023,
DATAFLOW,SPC:DF_POP_LECZ(1.0),Population living in low elevation coastal zones (0-10m and 0-20m above sea level),I,A,Annual,AS,American Samoa,LECZPOPRF,Population in low elevation coastal zone in relative frequency,20M,0-20 meters above sea level,2022,,42,,PERCENT,percent,,,,,,,This data was estimated based on population census of year 2023,
DATAFLOW,SPC:DF_POP_LECZ(1.0),Population living in low elevation coastal zones (0-10m and 0-20m above sea level),I,A,Annual,AS,American Samoa,LECZPOPRF,Population in low elevation coastal zone in relative frequency,20M,0-20 meters above sea level,2023,,42,,PERCENT,percent,,,,,,,This data was estimated based on population census of year 2023,
DATAFLOW,SPC:DF_POP_LECZ(1.0),Population living in low elevation coastal zones (0-10m and 0-20m above sea level),I,A,Annual,AS,American Samoa,LECZPOPRF,Population in low elevation coastal zone in relative frequency,20M,0-20 meters above sea level,2024,,42,,PERCENT,percent,,,,,,,This data was estimated based on population census of year 2023,
DATAFLOW,SPC:DF_POP_LECZ(1.0),Population living in low elevation coastal zones (0-10m and 0-20m above sea level),I,A,Annual,MP,Northern Mariana Islands,LECZPOPAF,Population in low elevation coastal zone in absolute frequency,10M,0-10 meters above sea level,2010,,14618,,N,units,,,E,Estimated value,,,This data was estimated based on population census of year 2023,
DATAFLOW,SPC:DF_POP_LECZ(1.0),Population living in low elevation coastal zones (0-10m and 0-20m above sea level),I,A,Annual,MP,Northern Mariana Islands,LECZPOPAF,Population in low elevation coastal zone in absolute frequency,10M,0-10 meters above sea level,2011,,14488,,N,units,,,E,Estimated value,,,This data was estimated based on population census of year 2023,
DATAFLOW,SPC:DF_POP_LECZ(1.0),Population living in low elevation coastal zones (0-10m and 0-20m above sea level),I,A,Annual,MP,Northern Mariana Islands,LECZPOPAF,Population in low elevation coastal zone in absolute frequency,10M,0-10 meters above sea level,2012,,14385,,N,units,,,E,Estimated value,,,This data was estimated based on population census of year 2023,
DATAFLOW,SPC:DF_POP_LECZ(1.0),Population living in low elevation coastal zones (0-10m and 0-20m above sea level),I,A,Annual,MP,Northern Mariana Islands,LECZPOPAF,Population in low elevation coastal zone in absolute frequency,10M,0-10 meters above sea level,2013,,14256,,N,units,,,E,Estimated value,,,This data was estimated based on population census of year 2023,
DATAFLOW,SPC:DF_POP_LECZ(1.0),Population living in low elevation coastal zones (0-10m and 0-20m above sea level),I,A,Annual,MP,Northern Mariana Islands,LECZPOPAF,Population in low elevation coastal zone in absolute frequency,10M,0-10 meters above sea level,2014,,14099,,N,units,,,E,Estimated value,,,This data was estimated based on population census of year 2023,
DATAFLOW,SPC:DF_POP_LECZ(1.0),Population living in low elevation coastal zones (0-10m and 0-20m above sea level),I,A,Annual,MP,Northern Mariana Islands,LECZPOPAF,Population in low elevation coastal zone in absolute frequency,10M,0-10 meters above sea level,2015,,13921,,N,units,,,E,Estimated value,,,This data was estimated based on population census of year 2023,
DATAFLOW,SPC:DF_POP_LECZ(1.0),Population living in low elevation coastal zones (0-10m and 0-20m above sea level),I,A,Annual,MP,Northern Mariana Islands,LECZPOPAF,Population in low elevation coastal zone in absolute frequency,10M,0-10 meters above sea level,2016,,13721,,N,units,,,E,Estimated value,,,This data was estimated based on population census of year 2023,
DATAFLOW,SPC:DF_POP_LECZ(1.0),Population living in low elevation coastal zones (0-10m and 0-20m above sea level),I,A,Annual,MP,Northern Mariana Islands,LECZPOPAF,Population in low elevation coastal zone in absolute frequency,10M,0-10 meters above sea level,2017,,13502,,N,units,,,E,Estimated value,,,This data was estimated based on population census of year 2023,
DATAFLOW,SPC:DF_POP_LECZ(1.0),Population living in low elevation coastal zones (0-10m and 0-20m above sea level),I,A,Annual,MP,Northern Mariana Islands,LECZPOPAF,Population in low elevation coastal zone in absolute frequency,10M,0-10 meters above sea level,2018,,13263,,N,units,,,E,Estimated value,,,This data was estimated based on population census of year 2023,
DATAFLOW,SPC:DF_POP_LECZ(1.0),Population living in low elevation coastal zones (0-10m and 0-20m above sea level),I,A,Annual,MP,Northern Mariana Islands,LECZPOPAF,Population in low elevation coastal zone in absolute frequency,10M,0-10 meters above sea level,2019,,13008,,N,units,,,E,Estimated value,,,This data was estimated based on population census of year 2023,
DATAFLOW,SPC:DF_POP_LECZ(1.0),Population living in low elevation coastal zones (0-10m and 0-20m above sea level),I,A,Annual,MP,Northern Mariana Islands,LECZPOPAF,Population in low elevation coastal zone in absolute frequency,10M,0-10 meters above sea level,2020,,12845,,N,units,,,E,Estimated value,,,This data was estimated based on population census of year 2023,
DATAFLOW,SPC:DF_POP_LECZ(1.0),Population living in low elevation coastal zones (0-10m and 0-20m above sea level),I,A,Annual,MP,Northern Mariana Islands,LECZPOPAF,Population in low elevation coastal zone in absolute frequency,10M,0-10 meters above sea level,2021,,12699,,N,units,,,E,Estimated value,,,This data was estimated based on population census of year 2023,
DATAFLOW,SPC:DF_POP_LECZ(1.0),Population living in low elevation coastal zones (0-10m and 0-20m above sea level),I,A,Annual,MP,Northern Mariana Islands,LECZPOPAF,Population in low elevation coastal zone in absolute frequency,10M,0-10 meters above sea level,2022,,12713,,N,units,,,,,,,This data was estimated based on population census of year 2023,
DATAFLOW,SPC:DF_POP_LECZ(1.0),Population living in low elevation coastal zones (0-10m and 0-20m above sea level),I,A,Annual,MP,Northern Mariana Islands,LECZPOPAF,Population in low elevation coastal zone in absolute frequency,10M,0-10 meters above sea level,2023,,12455,,N,units,,,,,,,This data was estimated based on population census of year 2023,
DATAFLOW,SPC:DF_POP_LECZ(1.0),Population living in low elevation coastal zones (0-10m and 0-20m above sea level),I,A,Annual,MP,Northern Mariana Islands,LECZPOPAF,Population in low elevation coastal zone in absolute frequency,10M,0-10 meters above sea level,2024,,12216,,N,units,,,,,,,This data was estimated based on population census of year 2023,
DATAFLOW,SPC:DF_POP_LECZ(1.0),Population living in low elevation coastal zones (0-10m and 0-20m above sea level),I,A,Annual,TV,Tuvalu,LECZPOPAF,Population in low elevation coastal zone in absolute frequency,20M,0-20 meters above sea level,2010,,10549,,N,units,,,E,Estimated value,,,This data was estimated based on population census of year 2023,
DATAFLOW,SPC:DF_POP_LECZ(1.0),Population living in low elevation coastal zones (0-10m and 0-20m above sea level),I,A,Annual,TV,Tuvalu,LECZPOPAF,Population in low elevation coastal zone in absolute frequency,20M,0-20 meters above sea level,2011,,10717,,N,units,,,E,Estimated value,,,This data was estimated based on population census of year 2023,
DATAFLOW,SPC:DF_POP_LECZ(1.0),Population living in low elevation coastal zones (0-10m and 0-20m above sea level),I,A,Annual,TV,Tuvalu,LECZPOPAF,Population in low elevation coastal zone in absolute frequency,20M,0-20 meters above sea level,2012,,10864,,N,units,,,E,Estimated value,,,This data was estimated based on population census of year 2023,
DATAFLOW,SPC:DF_POP_LECZ(1.0),Population living in low elevation coastal zones (0-10m and 0-20m above sea level),I,A,Annual,TV,Tuvalu,LECZPOPAF,Population in low elevation coastal zone in absolute frequency,20M,0-20 meters above sea level,2013,,10931,,N,units,,,E,Estimated value,,,This data was estimated based on population census of year 2023,
DATAFLOW,SPC:DF_POP_LECZ(1.0),Population living in low elevation coastal zones (0-10m and 0-20m above sea level),I,A,Annual,TV,Tuvalu,LECZPOPAF,Population in low elevation coastal zone in absolute frequency,20M,0-20 meters above sea level,2014,,10917,,N,units,,,E,Estimated value,,,This data was estimated based on population census of year 2023,
DATAFLOW,SPC:DF_POP_LECZ(1.0),Population living in low elevation coastal zones (0-10m and 0-20m above sea level),I,A,Annual,TV,Tuvalu,LECZPOPAF,Population in low elevation coastal zone in absolute frequency,20M,0-20 meters above sea level,2015,,10892,,N,units,,,E,Estimated value,,,This data was estimated based on population census of year 2023,
DATAFLOW,SPC:DF_POP_LECZ(1.0),Population living in low elevation coastal zones (0-10m and 0-20m above sea level),I,A,Annual,TV,Tuvalu,LECZPOPAF,Population in low elevation coastal zone in absolute frequency,20M,0-20 meters above sea level,2016,,10863,,N,units,,,E,Estimated value,,,This data was estimated based on population census of year 2023,
DATAFLOW,SPC:DF_POP_LECZ(1.0),Population living in low elevation coastal zones (0-10m and 0-20m above sea level),I,A,Annual,TV,Tuvalu,LECZPOPAF,Population in low elevation coastal zone in absolute frequency,20M,0-20 meters above sea level,2017,,10804,,N,units,,,E,Estimated value,,,This data was estimated based on population census of year 2023,
DATAFLOW,SPC:DF_POP_LECZ(1.0),Population living in low elevation coastal zones (0-10m and 0-20m above sea level),I,A,Annual,TV,Tuvalu,LECZPOPAF,Population in low elevation coastal zone in absolute frequency,20M,0-20 meters above sea level,2018,,10685,,N,units,,,E,Estimated value,,,This data was estimated based on population census of year 2023,
DATAFLOW,SPC:DF_POP_LECZ(1.0),Population living in low elevation coastal zones (0-10m and 0-20m above sea level),I,A,Annual,TV,Tuvalu,LECZPOPAF,Population in low elevation coastal zone in absolute frequency,20M,0-20 meters above sea level,2019,,10520,,N,units,,,E,Estimated value,,,This data was estimated based on population census of year 2023,
DATAFLOW,SPC:DF_POP_LECZ(1.0),Population living in low elevation coastal zones (0-10m and 0-20m above sea level),I,A,Annual,TV,Tuvalu,LECZPOPAF,Population in low elevation coastal zone in absolute frequency,20M,0-20 meters above sea level,2020,,10342,,N,units,,,E,Estimated value,,,This data was estimated based on population census of year 2023,
DATAFLOW,SPC:DF_POP_LECZ(1.0),Population living in low elevation coastal zones (0-10m and 0-20m above sea level),I,A,Annual,TV,Tuvalu,LECZPOPAF,Population in low elevation coastal zone in absolute frequency,20M,0-20 meters above sea level,2021,,10140,,N,units,,,E,Estimated value,,,This data was estimated based on population census of year 2023,
DATAFLOW,SPC:DF_POP_LECZ(1.0),Population living in low elevation coastal zones (0-10m and 0-20m above sea level),I,A,Annual,TV,Tuvalu,LECZPOPAF,Population in low elevation coastal zone in absolute frequency,20M,0-20 meters above sea level,2022,,9839,,N,units,,,,,,,This data was estimated based on population census of year 2023,
DATAFLOW,SPC:DF_POP_LECZ(1.0),Population living in low elevation coastal zones (0-10m and 0-20m above sea level),I,A,Annual,TV,Tuvalu,LECZPOPAF,Population in low elevation coastal zone in absolute frequency,20M,0-20 meters above sea level,2023,,9665,,N,units,,,,,,,This data was estimated based on population census of year 2023,
DATAFLOW,SPC:DF_POP_LECZ(1.0),Population living in low elevation coastal zones (0-10m and 0-20m above sea level),I,A,Annual,TV,Tuvalu,LECZPOPAF,Population in low elevation coastal zone in absolute frequency,20M,0-20 meters above sea level,2024,,9498,,N,units,,,,,,,This data was estimated based on population census of year 2023,
DATAFLOW,SPC:DF_POP_LECZ(1.0),Population living in low elevation coastal zones (0-10m and 0-20m above sea level),I,A,Annual,NC,New Caledonia,LECZPOPRF,Population in low elevation coastal zone in relative frequency,20M,0-20 meters above sea level,2010,,45,,PERCENT,percent,,,E,Estimated value,,,This data was estimated based on population census of year 2023,
DATAFLOW,SPC:DF_POP_LECZ(1.0),Population living in low elevation coastal zones (0-10m and 0-20m above sea level),I,A,Annual,NC,New Caledonia,LECZPOPRF,Population in low elevation coastal zone in relative frequency,20M,0-20 meters above sea level,2011,,45,,PERCENT,percent,,,E,Estimated value,,,This data was estimated based on population census of year 2023,
DATAFLOW,SPC:DF_POP_LECZ(1.0),Population living in low elevation coastal zones (0-10m and 0-20m above sea level),I,A,Annual,NC,New Caledonia,LECZPOPRF,Population in low elevation coastal zone in relative frequency,20M,0-20 meters above sea level,2012,,45,,PERCENT,percent,,,E,Estimated value,,,This data was estimated based on population census of year 2023,
DATAFLOW,SPC:DF_POP_LECZ(1.0),Population living in low elevation coastal zones (0-10m and 0-20m above sea level),I,A,Annual,NC,New Caledonia,LECZPOPRF,Population in low elevation coastal zone in relative frequency,20M,0-20 meters above sea level,2013,,45,,PERCENT,percent,,,E,Estimated value,,,This data was estimated based on population census of year 2023,
DATAFLOW,SPC:DF_POP_LECZ(1.0),Population living in low elevation coastal zones (0-10m and 0-20m above sea level),I,A,Annual,NC,New Caledonia,LECZPOPRF,Population in low elevation coastal zone in relative frequency,20M,0-20 meters above sea level,2014,,45,,PERCENT,percent,,,E,Estimated value,,,This data was estimated based on population census of year 2023,
DATAFLOW,SPC:DF_POP_LECZ(1.0),Population living in low elevation coastal zones (0-10m and 0-20m above sea level),I,A,Annual,NC,New Caledonia,LECZPOPRF,Population in low elevation coastal zone in relative frequency,20M,0-20 meters above sea level,2015,,45,,PERCENT,percent,,,E,Estimated value,,,This data was estimated based on population census of year 2023,
DATAFLOW,SPC:DF_POP_LECZ(1.0),Population living in low elevation coastal zones (0-10m and 0-20m above sea level),I,A,Annual,NC,New Caledonia,LECZPOPRF,Population in low elevation coastal zone in relative frequency,20M,0-20 meters above sea level,2016,,45,,PERCENT,percent,,,E,Estimated value,,,This data was estimated based on population census of year 2023,
DATAFLOW,SPC:DF_POP_LECZ(1.0),Population living in low elevation coastal zones (0-10m and 0-20m above sea level),I,A,Annual,NC,New Caledonia,LECZPOPRF,Population in low elevation coastal zone in relative frequency,20M,0-20 meters above sea level,2017,,45,,PERCENT,percent,,,E,Estimated value,,,This data was estimated based on population census of year 2023,
DATAFLOW,SPC:DF_POP_LECZ(1.0),Population living in low elevation coastal zones (0-10m and 0-20m above sea level),I,A,Annual,NC,New Caledonia,LECZPOPRF,Population in low elevation coastal zone in relative frequency,20M,0-20 meters above sea level,2018,,45,,PERCENT,percent,,,E,Estimated value,,,This data was estimated based on population census of year 2023,
DATAFLOW,SPC:DF_POP_LECZ(1.0),Population living in low elevation coastal zones (0-10m and 0-20m above sea level),I,A,Annual,NC,New Caledonia,LECZPOPRF,Population in low elevation coastal zone in relative frequency,20M,0-20 meters above sea level,2019,,45,,PERCENT,percent,,,E,Estimated value,,,This data was estimated based on population census of year 2023,
DATAFLOW,SPC:DF_POP_LECZ(1.0),Population living in low elevation coastal zones (0-10m and 0-20m above sea level),I,A,Annual,NC,New Caledonia,LECZPOPRF,Population in low elevation coastal zone in relative frequency,20M,0-20 meters above sea level,2020,,45,,PERCENT,percent,,,E,Estimated value,,,This data was estimated based on population census of year 2023,
DATAFLOW,SPC:DF_POP_LECZ(1.0),Population living in low elevation coastal zones (0-10m and 0-20m above sea level),I,A,Annual,NC,New Caledonia,LECZPOPRF,Population in low elevation coastal zone in relative frequency,20M,0-20 meters above sea level,2021,,45,,PERCENT,percent,,,E,Estimated value,,,This data was estimated based on population census of year 2023,
DATAFLOW,SPC:DF_POP_LECZ(1.0),Population living in low elevation coastal zones (0-10m and 0-20m above sea level),I,A,Annual,NC,New Caledonia,LECZPOPRF,Population in low elevation coastal zone in relative frequency,20M,0-20 meters above sea level,2022,,56,,PERCENT,percent,,,,,,,This data was estimated based on population census of year 2023,
DATAFLOW,SPC:DF_POP_LECZ(1.0),Population living in low elevation coastal zones (0-10m and 0-20m above sea level),I,A,Annual,NC,New Caledonia,LECZPOPRF,Population in low elevation coastal zone in relative frequency,20M,0-20 meters above sea level,2023,,56,,PERCENT,percent,,,,,,,This data was estimated based on population census of year 2023,
DATAFLOW,SPC:DF_POP_LECZ(1.0),Population living in low elevation coastal zones (0-10m and 0-20m above sea level),I,A,Annual,NC,New Caledonia,LECZPOPRF,Population in low elevation coastal zone in relative frequency,20M,0-20 meters above sea level,2024,,56,,PERCENT,percent,,,,,,,This data was estimated based on population census of year 2023,
DATAFLOW,SPC:DF_POP_LECZ(1.0),Population living in low elevation coastal zones (0-10m and 0-20m above sea level),I,A,Annual,AS,American Samoa,LECZPOPAF,Population in low elevation coastal zone in absolute frequency,_T,Total,2010,,55275,,N,units,,,E,Estimated value,,,Estimated mid-year population for year 2010.,
DATAFLOW,SPC:DF_POP_LECZ(1.0),Population living in low elevation coastal zones (0-10m and 0-20m above sea level),I,A,Annual,AS,American Samoa,LECZPOPAF,Population in low elevation coastal zone in absolute frequency,_T,Total,2011,,54944,,N,units,,,E,Estimated value,,,Estimated mid-year population for year 2011.,
DATAFLOW,SPC:DF_POP_LECZ(1.0),Population living in low elevation coastal zones (0-10m and 0-20m above sea level),I,A,Annual,AS,American Samoa,LECZPOPAF,Population in low elevation coastal zone in absolute frequency,_T,Total,2012,,54542,,N,units,,,E,Estimated value,,,Estimated mid-year population for year 2012.,
DATAFLOW,SPC:DF_POP_LECZ(1.0),Population living in low elevation coastal zones (0-10m and 0-20m above sea level),I,A,Annual,AS,American Samoa,LECZPOPAF,Population in low elevation coastal zone in absolute frequency,_T,Total,2013,,54058,,N,units,,,E,Estimated value,,,Estimated mid-year population for year 2013.,
DATAFLOW,SPC:DF_POP_LECZ(1.0),Population living in low elevation coastal zones (0-10m and 0-20m above sea level),I,A,Annual,AS,American Samoa,LECZPOPAF,Population in low elevation coastal zone in absolute frequency,_T,Total,2014,,53511,,N,units,,,E,Estimated value,,,Estimated mid-year population for year 2014.,
DATAFLOW,SPC:DF_POP_LECZ(1.0),Population living in low elevation coastal zones (0-10m and 0-20m above sea level),I,A,Annual,AS,American Samoa,LECZPOPAF,Population in low elevation coastal zone in absolute frequency,_T,Total,2015,,52922,,N,units,,,E,Estimated value,,,Estimated mid-year population for year 2015.,
DATAFLOW,SPC:DF_POP_LECZ(1.0),Population living in low elevation coastal zones (0-10m and 0-20m above sea level),I,A,Annual,AS,American Samoa,LECZPOPAF,Population in low elevation coastal zone in absolute frequency,_T,Total,2016,,52292,,N,units,,,E,Estimated value,,,Estimated mid-year population for year 2016.,
DATAFLOW,SPC:DF_POP_LECZ(1.0),Population living in low elevation coastal zones (0-10m and 0-20m above sea level),I,A,Annual,AS,American Samoa,LECZPOPAF,Population in low elevation coastal zone in absolute frequency,_T,Total,2017,,51632,,N,units,,,E,Estimated value,,,Estimated mid-year population for year 2017.,
DATAFLOW,SPC:DF_POP_LECZ(1.0),Population living in low elevation coastal zones (0-10m and 0-20m above sea level),I,A,Annual,AS,American Samoa,LECZPOPAF,Population in low elevation coastal zone in absolute frequency,_T,Total,2018,,50955,,N,units,,,E,Estimated value,,,Estimated mid-year population for year 2018.,
DATAFLOW,SPC:DF_POP_LECZ(1.0),Population living in low elevation coastal zones (0-10m and 0-20m above sea level),I,A,Annual,AS,American Samoa,LECZPOPAF,Population in low elevation coastal zone in absolute frequency,_T,Total,2019,,50253,,N,units,,,E,Estimated value,,,Estimated mid-year population for year 2019.,
DATAFLOW,SPC:DF_POP_LECZ(1.0),Population living in low elevation coastal zones (0-10m and 0-20m above sea level),I,A,Annual,AS,American Samoa,LECZPOPAF,Population in low elevation coastal zone in absolute frequency,_T,Total,2020,,49806,,N,units,,,E,Estimated value,,,Estimated mid-year population for year 2020.,
DATAFLOW,SPC:DF_POP_LECZ(1.0),Population living in low elevation coastal zones (0-10m and 0-20m above sea level),I,A,Annual,AS,American Samoa,LECZPOPAF,Population in low elevation coastal zone in absolute frequency,_T,Total,2021,,49271,,N,units,,,E,Estimated value,,,Estimated mid-year population for year 2021.,
DATAFLOW,SPC:DF_POP_LECZ(1.0),Population living in low elevation coastal zones (0-10m and 0-20m above sea level),I,A,Annual,MP,Northern Mariana Islands,LECZPOPAF,Population in low elevation coastal zone in absolute frequency,5M,0-5 meters above sea level,2010,,1466,,N,units,,,,,,,This data was estimated based on population census of year 2023,
DATAFLOW,SPC:DF_POP_LECZ(1.0),Population living in low elevation coastal zones (0-10m and 0-20m above sea level),I,A,Annual,MP,Northern Mariana Islands,LECZPOPAF,Population in low elevation coastal zone in absolute frequency,5M,0-5 meters above sea level,2011,,1453,,N,units,,,,,,,This data was estimated based on population census of year 2023,
DATAFLOW,SPC:DF_POP_LECZ(1.0),Population living in low elevation coastal zones (0-10m and 0-20m above sea level),I,A,Annual,MP,Northern Mariana Islands,LECZPOPAF,Population in low elevation coastal zone in absolute frequency,5M,0-5 meters above sea level,2012,,1443,,N,units,,,,,,,This data was estimated based on population census of year 2023,
DATAFLOW,SPC:DF_POP_LECZ(1.0),Population living in low elevation coastal zones (0-10m and 0-20m above sea level),I,A,Annual,MP,Northern Mariana Islands,LECZPOPAF,Population in low elevation coastal zone in absolute frequency,5M,0-5 meters above sea level,2013,,1430,,N,units,,,,,,,This data was estimated based on population census of year 2023,
DATAFLOW,SPC:DF_POP_LECZ(1.0),Population living in low elevation coastal zones (0-10m and 0-20m above sea level),I,A,Annual,MP,Northern Mariana Islands,LECZPOPAF,Population in low elevation coastal zone in absolute frequency,5M,0-5 meters above sea level,2014,,1414,,N,units,,,,,,,This data was estimated based on population census of year 2023,
DATAFLOW,SPC:DF_POP_LECZ(1.0),Population living in low elevation coastal zones (0-10m and 0-20m above sea level),I,A,Annual,MP,Northern Mariana Islands,LECZPOPAF,Population in low elevation coastal zone in absolute frequency,5M,0-5 meters above sea level,2015,,1396,,N,units,,,,,,,This data was estimated based on population census of year 2023,
DATAFLOW,SPC:DF_POP_LECZ(1.0),Population living in low elevation coastal zones (0-10m and 0-20m above sea level),I,A,Annual,MP,Northern Mariana Islands,LECZPOPAF,Population in low elevation coastal zone in absolute frequency,5M,0-5 meters above sea level,2016,,1376,,N,units,,,,,,,This data was estimated based on population census of year 2023,
DATAFLOW,SPC:DF_POP_LECZ(1.0),Population living in low elevation coastal zones (0-10m and 0-20m above sea level),I,A,Annual,MP,Northern Mariana Islands,LECZPOPAF,Population in low elevation coastal zone in absolute frequency,5M,0-5 meters above sea level,2017,,1354,,N,units,,,,,,,This data was estimated based on population census of year 2023,
DATAFLOW,SPC:DF_POP_LECZ(1.0),Population living in low elevation coastal zones (0-10m and 0-20m above sea level),I,A,Annual,MP,Northern Mariana Islands,LECZPOPAF,Population in low elevation coastal zone in absolute frequency,5M,0-5 meters above sea level,2018,,1330,,N,units,,,,,,,This data was estimated based on population census of year 2023,
DATAFLOW,SPC:DF_POP_LECZ(1.0),Population living in low elevation coastal zones (0-10m and 0-20m above sea level),I,A,Annual,MP,Northern Mariana Islands,LECZPOPAF,Population in low elevation coastal zone in absolute frequency,5M,0-5 meters above sea level,2019,,1304,,N,units,,,,,,,This data was estimated based on population census of year 2023,
DATAFLOW,SPC:DF_POP_LECZ(1.0),Population living in low elevation coastal zones (0-10m and 0-20m above sea level),I,A,Annual,MP,Northern Mariana Islands,LECZPOPAF,Population in low elevation coastal zone in absolute frequency,5M,0-5 meters above sea level,2020,,1288,,N,units,,,,,,,This data was estimated based on population census of year 2023,
DATAFLOW,SPC:DF_POP_LECZ(1.0),Population living in low elevation coastal zones (0-10m and 0-20m above sea level),I,A,Annual,MP,Northern Mariana Islands,LECZPOPAF,Population in low elevation coastal zone in absolute frequency,5M,0-5 meters above sea level,2021,,1273,,N,units,,,,,,,This data was estimated based on population census of year 2023,
DATAFLOW,SPC:DF_POP_LECZ(1.0),Population living in low elevation coastal zones (0-10m and 0-20m above sea level),I,A,Annual,MP,Northern Mariana Islands,LECZPOPAF,Population in low elevation coastal zone in absolute frequency,5M,0-5 meters above sea level,2022,,1249,,N,units,,,,,,,This data was estimated based on population census of year 2023,
DATAFLOW,SPC:DF_POP_LECZ(1.0),Population living in low elevation coastal zones (0-10m and 0-20m above sea level),I,A,Annual,MP,Northern Mariana Islands,LECZPOPAF,Population in low elevation coastal zone in absolute frequency,5M,0-5 meters above sea level,2023,,1223,,N,units,,,,,,,This data was estimated based on population census of year 2023,
DATAFLOW,SPC:DF_POP_LECZ(1.0),Population living in low elevation coastal zones (0-10m and 0-20m above sea level),I,A,Annual,MP,Northern Mariana Islands,LECZPOPAF,Population in low elevation coastal zone in absolute frequency,5M,0-5 meters above sea level,2024,,1200,,N,units,,,,,,,This data was estimated based on population census of year 2023,
DATAFLOW,SPC:DF_POP_LECZ(1.0),Population living in low elevation coastal zones (0-10m and 0-20m above sea level),I,A,Annual,SB,Solomon Islands,LECZPOPAF,Population in low elevation coastal zone in absolute frequency,10M,0-10 meters above sea level,2010,,186549,,N,units,,,E,Estimated value,,,This data was estimated based on population census of year 2023,
DATAFLOW,SPC:DF_POP_LECZ(1.0),Population living in low elevation coastal zones (0-10m and 0-20m above sea level),I,A,Annual,SB,Solomon Islands,LECZPOPAF,Population in low elevation coastal zone in absolute frequency,10M,0-10 meters above sea level,2011,,193542,,N,units,,,E,Estimated value,,,This data was estimated based on population census of year 2023,
DATAFLOW,SPC:DF_POP_LECZ(1.0),Population living in low elevation coastal zones (0-10m and 0-20m above sea level),I,A,Annual,SB,Solomon Islands,LECZPOPAF,Population in low elevation coastal zone in absolute frequency,10M,0-10 meters above sea level,2012,,200769,,N,units,,,E,Estimated value,,,This data was estimated based on population census of year 2023,
DATAFLOW,SPC:DF_POP_LECZ(1.0),Population living in low elevation coastal zones (0-10m and 0-20m above sea level),I,A,Annual,SB,Solomon Islands,LECZPOPAF,Population in low elevation coastal zone in absolute frequency,10M,0-10 meters above sea level,2013,,208240,,N,units,,,E,Estimated value,,,This data was estimated based on population census of year 2023,
DATAFLOW,SPC:DF_POP_LECZ(1.0),Population living in low elevation coastal zones (0-10m and 0-20m above sea level),I,A,Annual,SB,Solomon Islands,LECZPOPAF,Population in low elevation coastal zone in absolute frequency,10M,0-10 meters above sea level,2014,,215924,,N,units,,,E,Estimated value,,,This data was estimated based on population census of year 2023,
DATAFLOW,SPC:DF_POP_LECZ(1.0),Population living in low elevation coastal zones (0-10m and 0-20m above sea level),I,A,Annual,SB,Solomon Islands,LECZPOPAF,Population in low elevation coastal zone in absolute frequency,10M,0-10 meters above sea level,2015,,223803,,N,units,,,E,Estimated value,,,This data was estimated based on population census of year 2023,
DATAFLOW,SPC:DF_POP_LECZ(1.0),Population living in low elevation coastal zones (0-10m and 0-20m above sea level),I,A,Annual,SB,Solomon Islands,LECZPOPAF,Population in low elevation coastal zone in absolute frequency,10M,0-10 meters above sea level,2016,,231841,,N,units,,,E,Estimated value,,,This data was estimated based on population census of year 2023,
DATAFLOW,SPC:DF_POP_LECZ(1.0),Population living in low elevation coastal zones (0-10m and 0-20m above sea level),I,A,Annual,SB,Solomon Islands,LECZPOPAF,Population in low elevation coastal zone in absolute frequency,10M,0-10 meters above sea level,2017,,239994,,N,units,,,E,Estimated value,,,This data was estimated based on population census of year 2023,
DATAFLOW,SPC:DF_POP_LECZ(1.0),Population living in low elevation coastal zones (0-10m and 0-20m above sea level),I,A,Annual,SB,Solomon Islands,LECZPOPAF,Population in low elevation coastal zone in absolute frequency,10M,0-10 meters above sea level,2018,,248194,,N,units,,,E,Estimated value,,,This data was estimated based on population census of year 2023,
DATAFLOW,SPC:DF_POP_LECZ(1.0),Population living in low elevation coastal zones (0-10m and 0-20m above sea level),I,A,Annual,SB,Solomon Islands,LECZPOPAF,Population in low elevation coastal zone in absolute frequency,10M,0-10 meters above sea level,2019,,254859,,N,units,,,E,Estimated value,,,This data was estimated based on population census of year 2023,
DATAFLOW,SPC:DF_POP_LECZ(1.0),Population living in low elevation coastal zones (0-10m and 0-20m above sea level),I,A,Annual,SB,Solomon Islands,LECZPOPAF,Population in low elevation coastal zone in absolute frequency,10M,0-10 meters above sea level,2020,,260580,,N,units,,,E,Estimated value,,,This data was estimated based on population census of year 2023,
DATAFLOW,SPC:DF_POP_LECZ(1.0),Population living in low elevation coastal zones (0-10m and 0-20m above sea level),I,A,Annual,SB,Solomon Islands,LECZPOPAF,Population in low elevation coastal zone in absolute frequency,10M,0-10 meters above sea level,2021,,266916,,N,units,,,E,Estimated value,,,This data was estimated based on population census of year 2023,
DATAFLOW,SPC:DF_POP_LECZ(1.0),Population living in low elevation coastal zones (0-10m and 0-20m above sea level),I,A,Annual,SB,Solomon Islands,LECZPOPAF,Population in low elevation coastal zone in absolute frequency,10M,0-10 meters above sea level,2022,,261267,,N,units,,,,,,,This data was estimated based on population census of year 2023,
DATAFLOW,SPC:DF_POP_LECZ(1.0),Population living in low elevation coastal zones (0-10m and 0-20m above sea level),I,A,Annual,SB,Solomon Islands,LECZPOPAF,Population in low elevation coastal zone in absolute frequency,10M,0-10 meters above sea level,2023,,267602,,N,units,,,,,,,This data was estimated based on population census of year 2023,
DATAFLOW,SPC:DF_POP_LECZ(1.0),Population living in low elevation coastal zones (0-10m and 0-20m above sea level),I,A,Annual,SB,Solomon Islands,LECZPOPAF,Population in low elevation coastal zone in absolute frequency,10M,0-10 meters above sea level,2024,,274022,,N,units,,,,,,,This data was estimated based on population census of year 2023,
DATAFLOW,SPC:DF_POP_LECZ(1.0),Population living in low elevation coastal zones (0-10m and 0-20m above sea level),I,A,Annual,NR,Naoero,LECZPOPRF,Population in low elevation coastal zone in relative frequency,20M,0-20 meters above sea level,2010,,84,,PERCENT,percent,,,E,Estimated value,,,This data was estimated based on population census of year 2021,
DATAFLOW,SPC:DF_POP_LECZ(1.0),Population living in low elevation coastal zones (0-10m and 0-20m above sea level),I,A,Annual,NR,Naoero,LECZPOPRF,Population in low elevation coastal zone in relative frequency,20M,0-20 meters above sea level,2011,,84,,PERCENT,percent,,,E,Estimated value,,,This data was estimated based on population census of year 2021,
DATAFLOW,SPC:DF_POP_LECZ(1.0),Population living in low elevation coastal zones (0-10m and 0-20m above sea level),I,A,Annual,NR,Naoero,LECZPOPRF,Population in low elevation coastal zone in relative frequency,20M,0-20 meters above sea level,2012,,84,,PERCENT,percent,,,E,Estimated value,,,This data was estimated based on population census of year 2021,
DATAFLOW,SPC:DF_POP_LECZ(1.0),Population living in low elevation coastal zones (0-10m and 0-20m above sea level),I,A,Annual,NR,Naoero,LECZPOPRF,Population in low elevation coastal zone in relative frequency,20M,0-20 meters above sea level,2013,,84,,PERCENT,percent,,,E,Estimated value,,,This data was estimated based on population census of year 2021,
DATAFLOW,SPC:DF_POP_LECZ(1.0),Population living in low elevation coastal zones (0-10m and 0-20m above sea level),I,A,Annual,NR,Naoero,LECZPOPRF,Population in low elevation coastal zone in relative frequency,20M,0-20 meters above sea level,2014,,84,,PERCENT,percent,,,E,Estimated value,,,This data was estimated based on population census of year 2021,
DATAFLOW,SPC:DF_POP_LECZ(1.0),Population living in low elevation coastal zones (0-10m and 0-20m above sea level),I,A,Annual,NR,Naoero,LECZPOPRF,Population in low elevation coastal zone in relative frequency,20M,0-20 meters above sea level,2015,,84,,PERCENT,percent,,,E,Estimated value,,,This data was estimated based on population census of year 2021,
DATAFLOW,SPC:DF_POP_LECZ(1.0),Population living in low elevation coastal zones (0-10m and 0-20m above sea level),I,A,Annual,NR,Naoero,LECZPOPRF,Population in low elevation coastal zone in relative frequency,20M,0-20 meters above sea level,2016,,84,,PERCENT,percent,,,E,Estimated value,,,This data was estimated based on population census of year 2021,
DATAFLOW,SPC:DF_POP_LECZ(1.0),Population living in low elevation coastal zones (0-10m and 0-20m above sea level),I,A,Annual,NR,Naoero,LECZPOPRF,Population in low elevation coastal zone in relative frequency,20M,0-20 meters above sea level,2017,,84,,PERCENT,percent,,,E,Estimated value,,,This data was estimated based on population census of year 2021,
DATAFLOW,SPC:DF_POP_LECZ(1.0),Population living in low elevation coastal zones (0-10m and 0-20m above sea level),I,A,Annual,NR,Naoero,LECZPOPRF,Population in low elevation coastal zone in relative frequency,20M,0-20 meters above sea level,2018,,84,,PERCENT,percent,,,E,Estimated value,,,This data was estimated based on population census of year 2021,
DATAFLOW,SPC:DF_POP_LECZ(1.0),Population living in low elevation coastal zones (0-10m and 0-20m above sea level),I,A,Annual,NR,Naoero,LECZPOPRF,Population in low elevation coastal zone in relative frequency,20M,0-20 meters above sea level,2019,,84,,PERCENT,percent,,,E,Estimated value,,,This data was estimated based on population census of year 2021,
DATAFLOW,SPC:DF_POP_LECZ(1.0),Population living in low elevation coastal zones (0-10m and 0-20m above sea level),I,A,Annual,NR,Naoero,LECZPOPRF,Population in low elevation coastal zone in relative frequency,20M,0-20 meters above sea level,2020,,84,,PERCENT,percent,,,E,Estimated value,,,This data was estimated based on population census of year 2021,
DATAFLOW,SPC:DF_POP_LECZ(1.0),Population living in low elevation coastal zones (0-10m and 0-20m above sea level),I,A,Annual,NR,Naoero,LECZPOPRF,Population in low elevation coastal zone in relative frequency,20M,0-20 meters above sea level,2021,,84,,PERCENT,percent,,,E,Estimated value,,,This data was estimated based on population census of year 2021,
DATAFLOW,SPC:DF_POP_LECZ(1.0),Population living in low elevation coastal zones (0-10m and 0-20m above sea level),I,A,Annual,NR,Naoero,LECZPOPRF,Population in low elevation coastal zone in relative frequency,20M,0-20 meters above sea level,2022,,84,,PERCENT,percent,,,,,,,This data was estimated based on population census of year 2021,
DATAFLOW,SPC:DF_POP_LECZ(1.0),Population living in low elevation coastal zones (0-10m and 0-20m above sea level),I,A,Annual,NR,Naoero,LECZPOPRF,Population in low elevation coastal zone in relative frequency,20M,0-20 meters above sea level,2023,,84,,PERCENT,percent,,,,,,,This data was estimated based on population census of year 2021,
DATAFLOW,SPC:DF_POP_LECZ(1.0),Population living in low elevation coastal zones (0-10m and 0-20m above sea level),I,A,Annual,NR,Naoero,LECZPOPRF,Population in low elevation coastal zone in relative frequency,20M,0-20 meters above sea level,2024,,84,,PERCENT,percent,,,,,,,This data was estimated based on population census of year 2021,
DATAFLOW,SPC:DF_POP_LECZ(1.0),Population living in low elevation coastal zones (0-10m and 0-20m above sea level),I,A,Annual,PN,Pitcairn,LECZPOPAF,Population in low elevation coastal zone in absolute frequency,20M,0-20 meters above sea level,2010,,,,N,units,,,O,Missing value,,,,
DATAFLOW,SPC:DF_POP_LECZ(1.0),Population living in low elevation coastal zones (0-10m and 0-20m above sea level),I,A,Annual,PN,Pitcairn,LECZPOPAF,Population in low elevation coastal zone in absolute frequency,20M,0-20 meters above sea level,2011,,,,N,units,,,O,Missing value,,,,
DATAFLOW,SPC:DF_POP_LECZ(1.0),Population living in low elevation coastal zones (0-10m and 0-20m above sea level),I,A,Annual,PN,Pitcairn,LECZPOPAF,Population in low elevation coastal zone in absolute frequency,20M,0-20 meters above sea level,2012,,,,N,units,,,O,Missing value,,,,
DATAFLOW,SPC:DF_POP_LECZ(1.0),Population living in low elevation coastal zones (0-10m and 0-20m above sea level),I,A,Annual,PN,Pitcairn,LECZPOPAF,Population in low elevation coastal zone in absolute frequency,20M,0-20 meters above sea level,2013,,,,N,units,,,O,Missing value,,,,
DATAFLOW,SPC:DF_POP_LECZ(1.0),Population living in low elevation coastal zones (0-10m and 0-20m above sea level),I,A,Annual,PN,Pitcairn,LECZPOPAF,Population in low elevation coastal zone in absolute frequency,20M,0-20 meters above sea level,2014,,,,N,units,,,O,Missing value,,,,
DATAFLOW,SPC:DF_POP_LECZ(1.0),Population living in low elevation coastal zones (0-10m and 0-20m above sea level),I,A,Annual,PN,Pitcairn,LECZPOPAF,Population in low elevation coastal zone in absolute frequency,20M,0-20 meters above sea level,2015,,,,N,units,,,O,Missing value,,,,
DATAFLOW,SPC:DF_POP_LECZ(1.0),Population living in low elevation coastal zones (0-10m and 0-20m above sea level),I,A,Annual,PN,Pitcairn,LECZPOPAF,Population in low elevation coastal zone in absolute frequency,20M,0-20 meters above sea level,2016,,,,N,units,,,O,Missing value,,,,
DATAFLOW,SPC:DF_POP_LECZ(1.0),Population living in low elevation coastal zones (0-10m and 0-20m above sea level),I,A,Annual,PN,Pitcairn,LECZPOPAF,Population in low elevation coastal zone in absolute frequency,20M,0-20 meters above sea level,2017,,,,N,units,,,O,Missing value,,,,
DATAFLOW,SPC:DF_POP_LECZ(1.0),Population living in low elevation coastal zones (0-10m and 0-20m above sea level),I,A,Annual,PN,Pitcairn,LECZPOPAF,Population in low elevation coastal zone in absolute frequency,20M,0-20 meters above sea level,2018,,,,N,units,,,O,Missing value,,,,
DATAFLOW,SPC:DF_POP_LECZ(1.0),Population living in low elevation coastal zones (0-10m and 0-20m above sea level),I,A,Annual,PN,Pitcairn,LECZPOPAF,Population in low elevation coastal zone in absolute frequency,20M,0-20 meters above sea level,2019,,,,N,units,,,O,Missing value,,,,
DATAFLOW,SPC:DF_POP_LECZ(1.0),Population living in low elevation coastal zones (0-10m and 0-20m above sea level),I,A,Annual,PN,Pitcairn,LECZPOPAF,Population in low elevation coastal zone in absolute frequency,20M,0-20 meters above sea level,2020,,,,N,units,,,O,Missing value,,,,
DATAFLOW,SPC:DF_POP_LECZ(1.0),Population living in low elevation coastal zones (0-10m and 0-20m above sea level),I,A,Annual,PN,Pitcairn,LECZPOPAF,Population in low elevation coastal zone in absolute frequency,20M,0-20 meters above sea level,2021,,,,N,units,,,O,Missing value,,,,
DATAFLOW,SPC:DF_POP_LECZ(1.0),Population living in low elevation coastal zones (0-10m and 0-20m above sea level),I,A,Annual,PN,Pitcairn,LECZPOPAF,Population in low elevation coastal zone in absolute frequency,20M,0-20 meters above sea level,2022,,,,N,units,,,O,Missing value,,,,
DATAFLOW,SPC:DF_POP_LECZ(1.0),Population living in low elevation coastal zones (0-10m and 0-20m above sea level),I,A,Annual,PN,Pitcairn,LECZPOPAF,Population in low elevation coastal zone in absolute frequency,20M,0-20 meters above sea level,2023,,,,N,units,,,O,Missing value,,,,
DATAFLOW,SPC:DF_POP_LECZ(1.0),Population living in low elevation coastal zones (0-10m and 0-20m above sea level),I,A,Annual,PN,Pitcairn,LECZPOPAF,Population in low elevation coastal zone in absolute frequency,20M,0-20 meters above sea level,2024,,,,N,units,,,O,Missing value,,,,
DATAFLOW,SPC:DF_POP_LECZ(1.0),Population living in low elevation coastal zones (0-10m and 0-20m above sea level),I,A,Annual,TO,Tonga,LECZPOPRF,Population in low elevation coastal zone in relative frequency,20M,0-20 meters above sea level,2010,,78,,PERCENT,percent,,,E,Estimated value,,,This data was estimated based on population census of year 2021,
DATAFLOW,SPC:DF_POP_LECZ(1.0),Population living in low elevation coastal zones (0-10m and 0-20m above sea level),I,A,Annual,TO,Tonga,LECZPOPRF,Population in low elevation coastal zone in relative frequency,20M,0-20 meters above sea level,2011,,78,,PERCENT,percent,,,E,Estimated value,,,This data was estimated based on population census of year 2021,
DATAFLOW,SPC:DF_POP_LECZ(1.0),Population living in low elevation coastal zones (0-10m and 0-20m above sea level),I,A,Annual,TO,Tonga,LECZPOPRF,Population in low elevation coastal zone in relative frequency,20M,0-20 meters above sea level,2012,,78,,PERCENT,percent,,,E,Estimated value,,,This data was estimated based on population census of year 2021,
DATAFLOW,SPC:DF_POP_LECZ(1.0),Population living in low elevation coastal zones (0-10m and 0-20m above sea level),I,A,Annual,TO,Tonga,LECZPOPRF,Population in low elevation coastal zone in relative frequency,20M,0-20 meters above sea level,2013,,78,,PERCENT,percent,,,E,Estimated value,,,This data was estimated based on population census of year 2021,
DATAFLOW,SPC:DF_POP_LECZ(1.0),Population living in low elevation coastal zones (0-10m and 0-20m above sea level),I,A,Annual,TO,Tonga,LECZPOPRF,Population in low elevation coastal zone in relative frequency,20M,0-20 meters above sea level,2014,,78,,PERCENT,percent,,,E,Estimated value,,,This data was estimated based on population census of year 2021,
DATAFLOW,SPC:DF_POP_LECZ(1.0),Population living in low elevation coastal zones (0-10m and 0-20m above sea level),I,A,Annual,TO,Tonga,LECZPOPRF,Population in low elevation coastal zone in relative frequency,20M,0-20 meters above sea level,2015,,78,,PERCENT,percent,,,E,Estimated value,,,This data was estimated based on population census of year 2021,
DATAFLOW,SPC:DF_POP_LECZ(1.0),Population living in low elevation coastal zones (0-10m and 0-20m above sea level),I,A,Annual,TO,Tonga,LECZPOPRF,Population in low elevation coastal zone in relative frequency,20M,0-20 meters above sea level,2016,,78,,PERCENT,percent,,,E,Estimated value,,,This data was estimated based on population census of year 2021,
DATAFLOW,SPC:DF_POP_LECZ(1.0),Population living in low elevation coastal zones (0-10m and 0-20m above sea level),I,A,Annual,TO,Tonga,LECZPOPRF,Population in low elevation coastal zone in relative frequency,20M,0-20 meters above sea level,2017,,78,,PERCENT,percent,,,E,Estimated value,,,This data was estimated based on population census of year 2021,
DATAFLOW,SPC:DF_POP_LECZ(1.0),Population living in low elevation coastal zones (0-10m and 0-20m above sea level),I,A,Annual,TO,Tonga,LECZPOPRF,Population in low elevation coastal zone in relative frequency,20M,0-20 meters above sea level,2018,,78,,PERCENT,percent,,,E,Estimated value,,,This data was estimated based on population census of year 2021,
DATAFLOW,SPC:DF_POP_LECZ(1.0),Population living in low elevation coastal zones (0-10m and 0-20m above sea level),I,A,Annual,TO,Tonga,LECZPOPRF,Population in low elevation coastal zone in relative frequency,20M,0-20 meters above sea level,2019,,78,,PERCENT,percent,,,E,Estimated value,,,This data was estimated based on population census of year 2021,
DATAFLOW,SPC:DF_POP_LECZ(1.0),Population living in low elevation coastal zones (0-10m and 0-20m above sea level),I,A,Annual,TO,Tonga,LECZPOPRF,Population in low elevation coastal zone in relative frequency,20M,0-20 meters above sea level,2020,,78,,PERCENT,percent,,,E,Estimated value,,,This data was estimated based on population census of year 2021,
DATAFLOW,SPC:DF_POP_LECZ(1.0),Population living in low elevation coastal zones (0-10m and 0-20m above sea level),I,A,Annual,TO,Tonga,LECZPOPRF,Population in low elevation coastal zone in relative frequency,20M,0-20 meters above sea level,2021,,78,,PERCENT,percent,,,E,Estimated value,,,This data was estimated based on population census of year 2021,
DATAFLOW,SPC:DF_POP_LECZ(1.0),Population living in low elevation coastal zones (0-10m and 0-20m above sea level),I,A,Annual,TO,Tonga,LECZPOPRF,Population in low elevation coastal zone in relative frequency,20M,0-20 meters above sea level,2022,,77,,PERCENT,percent,,,,,,,This data was estimated based on population census of year 2021,
DATAFLOW,SPC:DF_POP_LECZ(1.0),Population living in low elevation coastal zones (0-10m and 0-20m above sea level),I,A,Annual,TO,Tonga,LECZPOPRF,Population in low elevation coastal zone in relative frequency,20M,0-20 meters above sea level,2023,,77,,PERCENT,percent,,,,,,,This data was estimated based on population census of year 2021,
DATAFLOW,SPC:DF_POP_LECZ(1.0),Population living in low elevation coastal zones (0-10m and 0-20m above sea level),I,A,Annual,TO,Tonga,LECZPOPRF,Population in low elevation coastal zone in relative frequency,20M,0-20 meters above sea level,2024,,77,,PERCENT,percent,,,,,,,This data was estimated based on population census of year 2021,
DATAFLOW,SPC:DF_POP_LECZ(1.0),Population living in low elevation coastal zones (0-10m and 0-20m above sea level),I,A,Annual,TK,Tokelau,LECZPOPAF,Population in low elevation coastal zone in absolute frequency,5M,0-5 meters above sea level,2010,,,,N,units,,,O,Missing value,,,,
DATAFLOW,SPC:DF_POP_LECZ(1.0),Population living in low elevation coastal zones (0-10m and 0-20m above sea level),I,A,Annual,TK,Tokelau,LECZPOPAF,Population in low elevation coastal zone in absolute frequency,5M,0-5 meters above sea level,2011,,,,N,units,,,O,Missing value,,,,
DATAFLOW,SPC:DF_POP_LECZ(1.0),Population living in low elevation coastal zones (0-10m and 0-20m above sea level),I,A,Annual,TK,Tokelau,LECZPOPAF,Population in low elevation coastal zone in absolute frequency,5M,0-5 meters above sea level,2012,,,,N,units,,,O,Missing value,,,,
DATAFLOW,SPC:DF_POP_LECZ(1.0),Population living in low elevation coastal zones (0-10m and 0-20m above sea level),I,A,Annual,TK,Tokelau,LECZPOPAF,Population in low elevation coastal zone in absolute frequency,5M,0-5 meters above sea level,2013,,,,N,units,,,O,Missing value,,,,
DATAFLOW,SPC:DF_POP_LECZ(1.0),Population living in low elevation coastal zones (0-10m and 0-20m above sea level),I,A,Annual,TK,Tokelau,LECZPOPAF,Population in low elevation coastal zone in absolute frequency,5M,0-5 meters above sea level,2014,,,,N,units,,,O,Missing value,,,,
DATAFLOW,SPC:DF_POP_LECZ(1.0),Population living in low elevation coastal zones (0-10m and 0-20m above sea level),I,A,Annual,TK,Tokelau,LECZPOPAF,Population in low elevation coastal zone in absolute frequency,5M,0-5 meters above sea level,2015,,,,N,units,,,O,Missing value,,,,
DATAFLOW,SPC:DF_POP_LECZ(1.0),Population living in low elevation coastal zones (0-10m and 0-20m above sea level),I,A,Annual,TK,Tokelau,LECZPOPAF,Population in low elevation coastal zone in absolute frequency,5M,0-5 meters above sea level,2016,,,,N,units,,,O,Missing value,,,,
DATAFLOW,SPC:DF_POP_LECZ(1.0),Population living in low elevation coastal zones (0-10m and 0-20m above sea level),I,A,Annual,TK,Tokelau,LECZPOPAF,Population in low elevation coastal zone in absolute frequency,5M,0-5 meters above sea level,2017,,,,N,units,,,O,Missing value,,,,
DATAFLOW,SPC:DF_POP_LECZ(1.0),Population living in low elevation coastal zones (0-10m and 0-20m above sea level),I,A,Annual,TK,Tokelau,LECZPOPAF,Population in low elevation coastal zone in absolute frequency,5M,0-5 meters above sea level,2018,,,,N,units,,,O,Missing value,,,,
DATAFLOW,SPC:DF_POP_LECZ(1.0),Population living in low elevation coastal zones (0-10m and 0-20m above sea level),I,A,Annual,TK,Tokelau,LECZPOPAF,Population in low elevation coastal zone in absolute frequency,5M,0-5 meters above sea level,2019,,,,N,units,,,O,Missing value,,,,
DATAFLOW,SPC:DF_POP_LECZ(1.0),Population living in low elevation coastal zones (0-10m and 0-20m above sea level),I,A,Annual,TK,Tokelau,LECZPOPAF,Population in low elevation coastal zone in absolute frequency,5M,0-5 meters above sea level,2020,,,,N,units,,,O,Missing value,,,,
DATAFLOW,SPC:DF_POP_LECZ(1.0),Population living in low elevation coastal zones (0-10m and 0-20m above sea level),I,A,Annual,TK,Tokelau,LECZPOPAF,Population in low elevation coastal zone in absolute frequency,5M,0-5 meters above sea level,2021,,,,N,units,,,O,Missing value,,,,
DATAFLOW,SPC:DF_POP_LECZ(1.0),Population living in low elevation coastal zones (0-10m and 0-20m above sea level),I,A,Annual,TK,Tokelau,LECZPOPAF,Population in low elevation coastal zone in absolute frequency,5M,0-5 meters above sea level,2022,,,,N,units,,,O,Missing value,,,,
DATAFLOW,SPC:DF_POP_LECZ(1.0),Population living in low elevation coastal zones (0-10m and 0-20m above sea level),I,A,Annual,TK,Tokelau,LECZPOPAF,Population in low elevation coastal zone in absolute frequency,5M,0-5 meters above sea level,2023,,,,N,units,,,O,Missing value,,,,
DATAFLOW,SPC:DF_POP_LECZ(1.0),Population living in low elevation coastal zones (0-10m and 0-20m above sea level),I,A,Annual,TK,Tokelau,LECZPOPAF,Population in low elevation coastal zone in absolute frequency,5M,0-5 meters above sea level,2024,,,,N,units,,,O,Missing value,,,,
DATAFLOW,SPC:DF_POP_LECZ(1.0),Population living in low elevation coastal zones (0-10m and 0-20m above sea level),I,A,Annual,TO,Tonga,LECZPOPAF,Population in low elevation coastal zone in absolute frequency,_T,Total,2010,,107439,,N,units,,,E,Estimated value,,,Estimated mid-year population for year 2010.,
DATAFLOW,SPC:DF_POP_LECZ(1.0),Population living in low elevation coastal zones (0-10m and 0-20m above sea level),I,A,Annual,TO,Tonga,LECZPOPAF,Population in low elevation coastal zone in absolute frequency,_T,Total,2011,,107611,,N,units,,,E,Estimated value,,,Estimated mid-year population for year 2011.,
DATAFLOW,SPC:DF_POP_LECZ(1.0),Population living in low elevation coastal zones (0-10m and 0-20m above sea level),I,A,Annual,TO,Tonga,LECZPOPAF,Population in low elevation coastal zone in absolute frequency,_T,Total,2012,,107504,,N,units,,,E,Estimated value,,,Estimated mid-year population for year 2012.,
DATAFLOW,SPC:DF_POP_LECZ(1.0),Population living in low elevation coastal zones (0-10m and 0-20m above sea level),I,A,Annual,TO,Tonga,LECZPOPAF,Population in low elevation coastal zone in absolute frequency,_T,Total,2013,,107116,,N,units,,,E,Estimated value,,,Estimated mid-year population for year 2013.,
DATAFLOW,SPC:DF_POP_LECZ(1.0),Population living in low elevation coastal zones (0-10m and 0-20m above sea level),I,A,Annual,TO,Tonga,LECZPOPAF,Population in low elevation coastal zone in absolute frequency,_T,Total,2014,,106652,,N,units,,,E,Estimated value,,,Estimated mid-year population for year 2014.,
DATAFLOW,SPC:DF_POP_LECZ(1.0),Population living in low elevation coastal zones (0-10m and 0-20m above sea level),I,A,Annual,TO,Tonga,LECZPOPAF,Population in low elevation coastal zone in absolute frequency,_T,Total,2015,,106133,,N,units,,,E,Estimated value,,,Estimated mid-year population for year 2015.,
DATAFLOW,SPC:DF_POP_LECZ(1.0),Population living in low elevation coastal zones (0-10m and 0-20m above sea level),I,A,Annual,TO,Tonga,LECZPOPAF,Population in low elevation coastal zone in absolute frequency,_T,Total,2016,,105565,,N,units,,,E,Estimated value,,,Estimated mid-year population for year 2016.,
DATAFLOW,SPC:DF_POP_LECZ(1.0),Population living in low elevation coastal zones (0-10m and 0-20m above sea level),I,A,Annual,TO,Tonga,LECZPOPAF,Population in low elevation coastal zone in absolute frequency,_T,Total,2017,,105391,,N,units,,,E,Estimated value,,,Estimated mid-year population for year 2017.,
DATAFLOW,SPC:DF_POP_LECZ(1.0),Population living in low elevation coastal zones (0-10m and 0-20m above sea level),I,A,Annual,TO,Tonga,LECZPOPAF,Population in low elevation coastal zone in absolute frequency,_T,Total,2018,,105609,,N,units,,,E,Estimated value,,,Estimated mid-year population for year 2018.,
DATAFLOW,SPC:DF_POP_LECZ(1.0),Population living in low elevation coastal zones (0-10m and 0-20m above sea level),I,A,Annual,TO,Tonga,LECZPOPAF,Population in low elevation coastal zone in absolute frequency,_T,Total,2019,,105709,,N,units,,,E,Estimated value,,,Estimated mid-year population for year 2019.,
DATAFLOW,SPC:DF_POP_LECZ(1.0),Population living in low elevation coastal zones (0-10m and 0-20m above sea level),I,A,Annual,TO,Tonga,LECZPOPAF,Population in low elevation coastal zone in absolute frequency,_T,Total,2020,,105742,,N,units,,,E,Estimated value,,,Estimated mid-year population for year 2020.,
DATAFLOW,SPC:DF_POP_LECZ(1.0),Population living in low elevation coastal zones (0-10m and 0-20m above sea level),I,A,Annual,TO,Tonga,LECZPOPAF,Population in low elevation coastal zone in absolute frequency,_T,Total,2021,,105525,,N,units,,,E,Estimated value,,,Estimated mid-year population for year 2021.,
DATAFLOW,SPC:DF_POP_LECZ(1.0),Population living in low elevation coastal zones (0-10m and 0-20m above sea level),I,A,Annual,FM,Micronesia (Federated States of),LECZPOPRF,Population in low elevation coastal zone in relative frequency,10M,0-10 meters above sea level,2010,,41,,PERCENT,percent,,,E,Estimated value,,,This data was estimated based on population census of year 2023,
DATAFLOW,SPC:DF_POP_LECZ(1.0),Population living in low elevation coastal zones (0-10m and 0-20m above sea level),I,A,Annual,FM,Micronesia (Federated States of),LECZPOPRF,Population in low elevation coastal zone in relative frequency,10M,0-10 meters above sea level,2011,,41,,PERCENT,percent,,,E,Estimated value,,,This data was estimated based on population census of year 2023,
DATAFLOW,SPC:DF_POP_LECZ(1.0),Population living in low elevation coastal zones (0-10m and 0-20m above sea level),I,A,Annual,FM,Micronesia (Federated States of),LECZPOPRF,Population in low elevation coastal zone in relative frequency,10M,0-10 meters above sea level,2012,,41,,PERCENT,percent,,,E,Estimated value,,,This data was estimated based on population census of year 2023,
DATAFLOW,SPC:DF_POP_LECZ(1.0),Population living in low elevation coastal zones (0-10m and 0-20m above sea level),I,A,Annual,FM,Micronesia (Federated States of),LECZPOPRF,Population in low elevation coastal zone in relative frequency,10M,0-10 meters above sea level,2013,,41,,PERCENT,percent,,,E,Estimated value,,,This data was estimated based on population census of year 2023,
DATAFLOW,SPC:DF_POP_LECZ(1.0),Population living in low elevation coastal zones (0-10m and 0-20m above sea level),I,A,Annual,FM,Micronesia (Federated States of),LECZPOPRF,Population in low elevation coastal zone in relative frequency,10M,0-10 meters above sea level,2014,,41,,PERCENT,percent,,,E,Estimated value,,,This data was estimated based on population census of year 2023,
DATAFLOW,SPC:DF_POP_LECZ(1.0),Population living in low elevation coastal zones (0-10m and 0-20m above sea level),I,A,Annual,FM,Micronesia (Federated States of),LECZPOPRF,Population in low elevation coastal zone in relative frequency,10M,0-10 meters above sea level,2015,,41,,PERCENT,percent,,,E,Estimated value,,,This data was estimated based on population census of year 2023,
DATAFLOW,SPC:DF_POP_LECZ(1.0),Population living in low elevation coastal zones (0-10m and 0-20m above sea level),I,A,Annual,FM,Micronesia (Federated States of),LECZPOPRF,Population in low elevation coastal zone in relative frequency,10M,0-10 meters above sea level,2016,,41,,PERCENT,percent,,,E,Estimated value,,,This data was estimated based on population census of year 2023,
DATAFLOW,SPC:DF_POP_LECZ(1.0),Population living in low elevation coastal zones (0-10m and 0-20m above sea level),I,A,Annual,FM,Micronesia (Federated States of),LECZPOPRF,Population in low elevation coastal zone in relative frequency,10M,0-10 meters above sea level,2017,,41,,PERCENT,percent,,,E,Estimated value,,,This data was estimated based on population census of year 2023,
DATAFLOW,SPC:DF_POP_LECZ(1.0),Population living in low elevation coastal zones (0-10m and 0-20m above sea level),I,A,Annual,FM,Micronesia (Federated States of),LECZPOPRF,Population in low elevation coastal zone in relative frequency,10M,0-10 meters above sea level,2018,,41,,PERCENT,percent,,,E,Estimated value,,,This data was estimated based on population census of year 2023,
DATAFLOW,SPC:DF_POP_LECZ(1.0),Population living in low elevation coastal zones (0-10m and 0-20m above sea level),I,A,Annual,FM,Micronesia (Federated States of),LECZPOPRF,Population in low elevation coastal zone in relative frequency,10M,0-10 meters above sea level,2019,,41,,PERCENT,percent,,,E,Estimated value,,,This data was estimated based on population census of year 2023,
DATAFLOW,SPC:DF_POP_LECZ(1.0),Population living in low elevation coastal zones (0-10m and 0-20m above sea level),I,A,Annual,FM,Micronesia (Federated States of),LECZPOPRF,Population in low elevation coastal zone in relative frequency,10M,0-10 meters above sea level,2020,,41,,PERCENT,percent,,,E,Estimated value,,,This data was estimated based on population census of year 2023,
DATAFLOW,SPC:DF_POP_LECZ(1.0),Population living in low elevation coastal zones (0-10m and 0-20m above sea level),I,A,Annual,FM,Micronesia (Federated States of),LECZPOPRF,Population in low elevation coastal zone in relative frequency,10M,0-10 meters above sea level,2021,,41,,PERCENT,percent,,,E,Estimated value,,,This data was estimated based on population census of year 2023,
DATAFLOW,SPC:DF_POP_LECZ(1.0),Population living in low elevation coastal zones (0-10m and 0-20m above sea level),I,A,Annual,FM,Micronesia (Federated States of),LECZPOPRF,Population in low elevation coastal zone in relative frequency,10M,0-10 meters above sea level,2022,,40,,PERCENT,percent,,,,,,,This data was estimated based on population census of year 2023,
DATAFLOW,SPC:DF_POP_LECZ(1.0),Population living in low elevation coastal zones (0-10m and 0-20m above sea level),I,A,Annual,FM,Micronesia (Federated States of),LECZPOPRF,Population in low elevation coastal zone in relative frequency,10M,0-10 meters above sea level,2023,,40,,PERCENT,percent,,,,,,,This data was estimated based on population census of year 2023,
DATAFLOW,SPC:DF_POP_LECZ(1.0),Population living in low elevation coastal zones (0-10m and 0-20m above sea level),I,A,Annual,FM,Micronesia (Federated States of),LECZPOPRF,Population in low elevation coastal zone in relative frequency,10M,0-10 meters above sea level,2024,,40,,PERCENT,percent,,,,,,,This data was estimated based on population census of year 2023,
DATAFLOW,SPC:DF_POP_LECZ(1.0),Population living in low elevation coastal zones (0-10m and 0-20m above sea level),I,A,Annual,NC,New Caledonia,LECZPOPRF,Population in low elevation coastal zone in relative frequency,5M,0-5 meters above sea level,2010,,12,,PERCENT,percent,,,,,,,This data was estimated based on population census of year 2023,
DATAFLOW,SPC:DF_POP_LECZ(1.0),Population living in low elevation coastal zones (0-10m and 0-20m above sea level),I,A,Annual,NC,New Caledonia,LECZPOPRF,Population in low elevation coastal zone in relative frequency,5M,0-5 meters above sea level,2011,,12,,PERCENT,percent,,,,,,,This data was estimated based on population census of year 2023,
DATAFLOW,SPC:DF_POP_LECZ(1.0),Population living in low elevation coastal zones (0-10m and 0-20m above sea level),I,A,Annual,NC,New Caledonia,LECZPOPRF,Population in low elevation coastal zone in relative frequency,5M,0-5 meters above sea level,2012,,12,,PERCENT,percent,,,,,,,This data was estimated based on population census of year 2023,
DATAFLOW,SPC:DF_POP_LECZ(1.0),Population living in low elevation coastal zones (0-10m and 0-20m above sea level),I,A,Annual,NC,New Caledonia,LECZPOPRF,Population in low elevation coastal zone in relative frequency,5M,0-5 meters above sea level,2013,,12,,PERCENT,percent,,,,,,,This data was estimated based on population census of year 2023,
DATAFLOW,SPC:DF_POP_LECZ(1.0),Population living in low elevation coastal zones (0-10m and 0-20m above sea level),I,A,Annual,NC,New Caledonia,LECZPOPRF,Population in low elevation coastal zone in relative frequency,5M,0-5 meters above sea level,2014,,12,,PERCENT,percent,,,,,,,This data was estimated based on population census of year 2023,
DATAFLOW,SPC:DF_POP_LECZ(1.0),Population living in low elevation coastal zones (0-10m and 0-20m above sea level),I,A,Annual,NC,New Caledonia,LECZPOPRF,Population in low elevation coastal zone in relative frequency,5M,0-5 meters above sea level,2015,,12,,PERCENT,percent,,,,,,,This data was estimated based on population census of year 2023,
DATAFLOW,SPC:DF_POP_LECZ(1.0),Population living in low elevation coastal zones (0-10m and 0-20m above sea level),I,A,Annual,NC,New Caledonia,LECZPOPRF,Population in low elevation coastal zone in relative frequency,5M,0-5 meters above sea level,2016,,12,,PERCENT,percent,,,,,,,This data was estimated based on population census of year 2023,
DATAFLOW,SPC:DF_POP_LECZ(1.0),Population living in low elevation coastal zones (0-10m and 0-20m above sea level),I,A,Annual,NC,New Caledonia,LECZPOPRF,Population in low elevation coastal zone in relative frequency,5M,0-5 meters above sea level,2017,,12,,PERCENT,percent,,,,,,,This data was estimated based on population census of year 2023,
DATAFLOW,SPC:DF_POP_LECZ(1.0),Population living in low elevation coastal zones (0-10m and 0-20m above sea level),I,A,Annual,NC,New Caledonia,LECZPOPRF,Population in low elevation coastal zone in relative frequency,5M,0-5 meters above sea level,2018,,12,,PERCENT,percent,,,,,,,This data was estimated based on population census of year 2023,
DATAFLOW,SPC:DF_POP_LECZ(1.0),Population living in low elevation coastal zones (0-10m and 0-20m above sea level),I,A,Annual,NC,New Caledonia,LECZPOPRF,Population in low elevation coastal zone in relative frequency,5M,0-5 meters above sea level,2019,,12,,PERCENT,percent,,,,,,,This data was estimated based on population census of year 2023,
DATAFLOW,SPC:DF_POP_LECZ(1.0),Population living in low elevation coastal zones (0-10m and 0-20m above sea level),I,A,Annual,NC,New Caledonia,LECZPOPRF,Population in low elevation coastal zone in relative frequency,5M,0-5 meters above sea level,2020,,12,,PERCENT,percent,,,,,,,This data was estimated based on population census of year 2023,
DATAFLOW,SPC:DF_POP_LECZ(1.0),Population living in low elevation coastal zones (0-10m and 0-20m above sea level),I,A,Annual,NC,New Caledonia,LECZPOPRF,Population in low elevation coastal zone in relative frequency,5M,0-5 meters above sea level,2021,,12,,PERCENT,percent,,,,,,,This data was estimated based on population census of year 2023,
DATAFLOW,SPC:DF_POP_LECZ(1.0),Population living in low elevation coastal zones (0-10m and 0-20m above sea level),I,A,Annual,NC,New Caledonia,LECZPOPRF,Population in low elevation coastal zone in relative frequency,5M,0-5 meters above sea level,2022,,12,,PERCENT,percent,,,,,,,This data was estimated based on population census of year 2023,
DATAFLOW,SPC:DF_POP_LECZ(1.0),Population living in low elevation coastal zones (0-10m and 0-20m above sea level),I,A,Annual,NC,New Caledonia,LECZPOPRF,Population in low elevation coastal zone in relative frequency,5M,0-5 meters above sea level,2023,,12,,PERCENT,percent,,,,,,,This data was estimated based on population census of year 2023,
DATAFLOW,SPC:DF_POP_LECZ(1.0),Population living in low elevation coastal zones (0-10m and 0-20m above sea level),I,A,Annual,NC,New Caledonia,LECZPOPRF,Population in low elevation coastal zone in relative frequency,5M,0-5 meters above sea level,2024,,12,,PERCENT,percent,,,,,,,This data was estimated based on population census of year 2023,
DATAFLOW,SPC:DF_POP_LECZ(1.0),Population living in low elevation coastal zones (0-10m and 0-20m above sea level),I,A,Annual,TK,Tokelau,LECZPOPRF,Population in low elevation coastal zone in relative frequency,10M,0-10 meters above sea level,2010,,,,PERCENT,percent,,,O,Missing value,,,,
DATAFLOW,SPC:DF_POP_LECZ(1.0),Population living in low elevation coastal zones (0-10m and 0-20m above sea level),I,A,Annual,TK,Tokelau,LECZPOPRF,Population in low elevation coastal zone in relative frequency,10M,0-10 meters above sea level,2011,,,,PERCENT,percent,,,O,Missing value,,,,
DATAFLOW,SPC:DF_POP_LECZ(1.0),Population living in low elevation coastal zones (0-10m and 0-20m above sea level),I,A,Annual,TK,Tokelau,LECZPOPRF,Population in low elevation coastal zone in relative frequency,10M,0-10 meters above sea level,2012,,,,PERCENT,percent,,,O,Missing value,,,,
DATAFLOW,SPC:DF_POP_LECZ(1.0),Population living in low elevation coastal zones (0-10m and 0-20m above sea level),I,A,Annual,TK,Tokelau,LECZPOPRF,Population in low elevation coastal zone in relative frequency,10M,0-10 meters above sea level,2013,,,,PERCENT,percent,,,O,Missing value,,,,
DATAFLOW,SPC:DF_POP_LECZ(1.0),Population living in low elevation coastal zones (0-10m and 0-20m above sea level),I,A,Annual,TK,Tokelau,LECZPOPRF,Population in low elevation coastal zone in relative frequency,10M,0-10 meters above sea level,2014,,,,PERCENT,percent,,,O,Missing value,,,,
DATAFLOW,SPC:DF_POP_LECZ(1.0),Population living in low elevation coastal zones (0-10m and 0-20m above sea level),I,A,Annual,TK,Tokelau,LECZPOPRF,Population in low elevation coastal zone in relative frequency,10M,0-10 meters above sea level,2015,,,,PERCENT,percent,,,O,Missing value,,,,
DATAFLOW,SPC:DF_POP_LECZ(1.0),Population living in low elevation coastal zones (0-10m and 0-20m above sea level),I,A,Annual,TK,Tokelau,LECZPOPRF,Population in low elevation coastal zone in relative frequency,10M,0-10 meters above sea level,2016,,,,PERCENT,percent,,,O,Missing value,,,,
DATAFLOW,SPC:DF_POP_LECZ(1.0),Population living in low elevation coastal zones (0-10m and 0-20m above sea level),I,A,Annual,TK,Tokelau,LECZPOPRF,Population in low elevation coastal zone in relative frequency,10M,0-10 meters above sea level,2017,,,,PERCENT,percent,,,O,Missing value,,,,
DATAFLOW,SPC:DF_POP_LECZ(1.0),Population living in low elevation coastal zones (0-10m and 0-20m above sea level),I,A,Annual,TK,Tokelau,LECZPOPRF,Population in low elevation coastal zone in relative frequency,10M,0-10 meters above sea level,2018,,,,PERCENT,percent,,,O,Missing value,,,,
DATAFLOW,SPC:DF_POP_LECZ(1.0),Population living in low elevation coastal zones (0-10m and 0-20m above sea level),I,A,Annual,TK,Tokelau,LECZPOPRF,Population in low elevation coastal zone in relative frequency,10M,0-10 meters above sea level,2019,,,,PERCENT,percent,,,O,Missing value,,,,
DATAFLOW,SPC:DF_POP_LECZ(1.0),Population living in low elevation coastal zones (0-10m and 0-20m above sea level),I,A,Annual,TK,Tokelau,LECZPOPRF,Population in low elevation coastal zone in relative frequency,10M,0-10 meters above sea level,2020,,,,PERCENT,percent,,,O,Missing value,,,,
DATAFLOW,SPC:DF_POP_LECZ(1.0),Population living in low elevation coastal zones (0-10m and 0-20m above sea level),I,A,Annual,TK,Tokelau,LECZPOPRF,Population in low elevation coastal zone in relative frequency,10M,0-10 meters above sea level,2021,,,,PERCENT,percent,,,O,Missing value,,,,
DATAFLOW,SPC:DF_POP_LECZ(1.0),Population living in low elevation coastal zones (0-10m and 0-20m above sea level),I,A,Annual,TK,Tokelau,LECZPOPRF,Population in low elevation coastal zone in relative frequency,10M,0-10 meters above sea level,2022,,,,PERCENT,percent,,,O,Missing value,,,,
DATAFLOW,SPC:DF_POP_LECZ(1.0),Population living in low elevation coastal zones (0-10m and 0-20m above sea level),I,A,Annual,TK,Tokelau,LECZPOPRF,Population in low elevation coastal zone in relative frequency,10M,0-10 meters above sea level,2023,,,,PERCENT,percent,,,O,Missing value,,,,
DATAFLOW,SPC:DF_POP_LECZ(1.0),Population living in low elevation coastal zones (0-10m and 0-20m above sea level),I,A,Annual,TK,Tokelau,LECZPOPRF,Population in low elevation coastal zone in relative frequency,10M,0-10 meters above sea level,2024,,,,PERCENT,percent,,,O,Missing value,,,,
DATAFLOW,SPC:DF_POP_LECZ(1.0),Population living in low elevation coastal zones (0-10m and 0-20m above sea level),I,A,Annual,FJ,Fiji,LECZPOPRF,Population in low elevation coastal zone in relative frequency,10M,0-10 meters above sea level,2010,,28,,PERCENT,percent,,,E,Estimated value,,,This data was estimated based on population census of year 2017,
DATAFLOW,SPC:DF_POP_LECZ(1.0),Population living in low elevation coastal zones (0-10m and 0-20m above sea level),I,A,Annual,FJ,Fiji,LECZPOPRF,Population in low elevation coastal zone in relative frequency,10M,0-10 meters above sea level,2011,,28,,PERCENT,percent,,,E,Estimated value,,,This data was estimated based on population census of year 2017,
DATAFLOW,SPC:DF_POP_LECZ(1.0),Population living in low elevation coastal zones (0-10m and 0-20m above sea level),I,A,Annual,FJ,Fiji,LECZPOPRF,Population in low elevation coastal zone in relative frequency,10M,0-10 meters above sea level,2012,,28,,PERCENT,percent,,,E,Estimated value,,,This data was estimated based on population census of year 2017,
DATAFLOW,SPC:DF_POP_LECZ(1.0),Population living in low elevation coastal zones (0-10m and 0-20m above sea level),I,A,Annual,FJ,Fiji,LECZPOPRF,Population in low elevation coastal zone in relative frequency,10M,0-10 meters above sea level,2013,,28,,PERCENT,percent,,,E,Estimated value,,,This data was estimated based on population census of year 2017,
DATAFLOW,SPC:DF_POP_LECZ(1.0),Population living in low elevation coastal zones (0-10m and 0-20m above sea level),I,A,Annual,FJ,Fiji,LECZPOPRF,Population in low elevation coastal zone in relative frequency,10M,0-10 meters above sea level,2014,,28,,PERCENT,percent,,,E,Estimated value,,,This data was estimated based on population census of year 2017,
DATAFLOW,SPC:DF_POP_LECZ(1.0),Population living in low elevation coastal zones (0-10m and 0-20m above sea level),I,A,Annual,FJ,Fiji,LECZPOPRF,Population in low elevation coastal zone in relative frequency,10M,0-10 meters above sea level,2015,,28,,PERCENT,percent,,,E,Estimated value,,,This data was estimated based on population census of year 2017,
DATAFLOW,SPC:DF_POP_LECZ(1.0),Population living in low elevation coastal zones (0-10m and 0-20m above sea level),I,A,Annual,FJ,Fiji,LECZPOPRF,Population in low elevation coastal zone in relative frequency,10M,0-10 meters above sea level,2016,,28,,PERCENT,percent,,,E,Estimated value,,,This data was estimated based on population census of year 2017,
DATAFLOW,SPC:DF_POP_LECZ(1.0),Population living in low elevation coastal zones (0-10m and 0-20m above sea level),I,A,Annual,FJ,Fiji,LECZPOPRF,Population in low elevation coastal zone in relative frequency,10M,0-10 meters above sea level,2017,,28,,PERCENT,percent,,,E,Estimated value,,,This data was estimated based on population census of year 2017,
DATAFLOW,SPC:DF_POP_LECZ(1.0),Population living in low elevation coastal zones (0-10m and 0-20m above sea level),I,A,Annual,FJ,Fiji,LECZPOPRF,Population in low elevation coastal zone in relative frequency,10M,0-10 meters above sea level,2018,,28,,PERCENT,percent,,,E,Estimated value,,,This data was estimated based on population census of year 2017,
DATAFLOW,SPC:DF_POP_LECZ(1.0),Population living in low elevation coastal zones (0-10m and 0-20m above sea level),I,A,Annual,FJ,Fiji,LECZPOPRF,Population in low elevation coastal zone in relative frequency,10M,0-10 meters above sea level,2019,,28,,PERCENT,percent,,,E,Estimated value,,,This data was estimated based on population census of year 2017,
DATAFLOW,SPC:DF_POP_LECZ(1.0),Population living in low elevation coastal zones (0-10m and 0-20m above sea level),I,A,Annual,FJ,Fiji,LECZPOPRF,Population in low elevation coastal zone in relative frequency,10M,0-10 meters above sea level,2020,,28,,PERCENT,percent,,,E,Estimated value,,,This data was estimated based on population census of year 2017,
DATAFLOW,SPC:DF_POP_LECZ(1.0),Population living in low elevation coastal zones (0-10m and 0-20m above sea level),I,A,Annual,FJ,Fiji,LECZPOPRF,Population in low elevation coastal zone in relative frequency,10M,0-10 meters above sea level,2021,,28,,PERCENT,percent,,,E,Estimated value,,,This data was estimated based on population census of year 2017,
DATAFLOW,SPC:DF_POP_LECZ(1.0),Population living in low elevation coastal zones (0-10m and 0-20m above sea level),I,A,Annual,FJ,Fiji,LECZPOPRF,Population in low elevation coastal zone in relative frequency,10M,0-10 meters above sea level,2022,,28,,PERCENT,percent,,,,,,,This data was estimated based on population census of year 2017,
DATAFLOW,SPC:DF_POP_LECZ(1.0),Population living in low elevation coastal zones (0-10m and 0-20m above sea level),I,A,Annual,FJ,Fiji,LECZPOPRF,Population in low elevation coastal zone in relative frequency,10M,0-10 meters above sea level,2023,,28,,PERCENT,percent,,,,,,,This data was estimated based on population census of year 2017,
DATAFLOW,SPC:DF_POP_LECZ(1.0),Population living in low elevation coastal zones (0-10m and 0-20m above sea level),I,A,Annual,FJ,Fiji,LECZPOPRF,Population in low elevation coastal zone in relative frequency,10M,0-10 meters above sea level,2024,,28,,PERCENT,percent,,,,,,,This data was estimated based on population census of year 2017,
DATAFLOW,SPC:DF_POP_LECZ(1.0),Population living in low elevation coastal zones (0-10m and 0-20m above sea level),I,A,Annual,FJ,Fiji,LECZPOPAF,Population in low elevation coastal zone in absolute frequency,10M,0-10 meters above sea level,2010,,254920,,N,units,,,E,Estimated value,,,This data was estimated based on population census of year 2017,
DATAFLOW,SPC:DF_POP_LECZ(1.0),Population living in low elevation coastal zones (0-10m and 0-20m above sea level),I,A,Annual,FJ,Fiji,LECZPOPAF,Population in low elevation coastal zone in absolute frequency,10M,0-10 meters above sea level,2011,,255643,,N,units,,,E,Estimated value,,,This data was estimated based on population census of year 2017,
DATAFLOW,SPC:DF_POP_LECZ(1.0),Population living in low elevation coastal zones (0-10m and 0-20m above sea level),I,A,Annual,FJ,Fiji,LECZPOPAF,Population in low elevation coastal zone in absolute frequency,10M,0-10 meters above sea level,2012,,256182,,N,units,,,E,Estimated value,,,This data was estimated based on population census of year 2017,
DATAFLOW,SPC:DF_POP_LECZ(1.0),Population living in low elevation coastal zones (0-10m and 0-20m above sea level),I,A,Annual,FJ,Fiji,LECZPOPAF,Population in low elevation coastal zone in absolute frequency,10M,0-10 meters above sea level,2013,,256582,,N,units,,,E,Estimated value,,,This data was estimated based on population census of year 2017,
DATAFLOW,SPC:DF_POP_LECZ(1.0),Population living in low elevation coastal zones (0-10m and 0-20m above sea level),I,A,Annual,FJ,Fiji,LECZPOPAF,Population in low elevation coastal zone in absolute frequency,10M,0-10 meters above sea level,2014,,256928,,N,units,,,E,Estimated value,,,This data was estimated based on population census of year 2017,
DATAFLOW,SPC:DF_POP_LECZ(1.0),Population living in low elevation coastal zones (0-10m and 0-20m above sea level),I,A,Annual,FJ,Fiji,LECZPOPAF,Population in low elevation coastal zone in absolute frequency,10M,0-10 meters above sea level,2015,,257206,,N,units,,,E,Estimated value,,,This data was estimated based on population census of year 2017,
DATAFLOW,SPC:DF_POP_LECZ(1.0),Population living in low elevation coastal zones (0-10m and 0-20m above sea level),I,A,Annual,FJ,Fiji,LECZPOPAF,Population in low elevation coastal zone in absolute frequency,10M,0-10 meters above sea level,2016,,257369,,N,units,,,E,Estimated value,,,This data was estimated based on population census of year 2017,
DATAFLOW,SPC:DF_POP_LECZ(1.0),Population living in low elevation coastal zones (0-10m and 0-20m above sea level),I,A,Annual,FJ,Fiji,LECZPOPAF,Population in low elevation coastal zone in absolute frequency,10M,0-10 meters above sea level,2017,,257258,,N,units,,,E,Estimated value,,,This data was estimated based on population census of year 2017,
DATAFLOW,SPC:DF_POP_LECZ(1.0),Population living in low elevation coastal zones (0-10m and 0-20m above sea level),I,A,Annual,FJ,Fiji,LECZPOPAF,Population in low elevation coastal zone in absolute frequency,10M,0-10 meters above sea level,2018,,256813,,N,units,,,E,Estimated value,,,This data was estimated based on population census of year 2017,
DATAFLOW,SPC:DF_POP_LECZ(1.0),Population living in low elevation coastal zones (0-10m and 0-20m above sea level),I,A,Annual,FJ,Fiji,LECZPOPAF,Population in low elevation coastal zone in absolute frequency,10M,0-10 meters above sea level,2019,,256173,,N,units,,,E,Estimated value,,,This data was estimated based on population census of year 2017,
DATAFLOW,SPC:DF_POP_LECZ(1.0),Population living in low elevation coastal zones (0-10m and 0-20m above sea level),I,A,Annual,FJ,Fiji,LECZPOPAF,Population in low elevation coastal zone in absolute frequency,10M,0-10 meters above sea level,2020,,256194,,N,units,,,E,Estimated value,,,This data was estimated based on population census of year 2017,
DATAFLOW,SPC:DF_POP_LECZ(1.0),Population living in low elevation coastal zones (0-10m and 0-20m above sea level),I,A,Annual,FJ,Fiji,LECZPOPAF,Population in low elevation coastal zone in absolute frequency,10M,0-10 meters above sea level,2021,,256683,,N,units,,,E,Estimated value,,,This data was estimated based on population census of year 2017,
DATAFLOW,SPC:DF_POP_LECZ(1.0),Population living in low elevation coastal zones (0-10m and 0-20m above sea level),I,A,Annual,FJ,Fiji,LECZPOPAF,Population in low elevation coastal zone in absolute frequency,10M,0-10 meters above sea level,2022,,256887,,N,units,,,,,,,This data was estimated based on population census of year 2017,
DATAFLOW,SPC:DF_POP_LECZ(1.0),Population living in low elevation coastal zones (0-10m and 0-20m above sea level),I,A,Annual,FJ,Fiji,LECZPOPAF,Population in low elevation coastal zone in absolute frequency,10M,0-10 meters above sea level,2023,,258206,,N,units,,,,,,,This data was estimated based on population census of year 2017,
DATAFLOW,SPC:DF_POP_LECZ(1.0),Population living in low elevation coastal zones (0-10m and 0-20m above sea level),I,A,Annual,FJ,Fiji,LECZPOPAF,Population in low elevation coastal zone in absolute frequency,10M,0-10 meters above sea level,2024,,259502,,N,units,,,,,,,This data was estimated based on population census of year 2017,
DATAFLOW,SPC:DF_POP_LECZ(1.0),Population living in low elevation coastal zones (0-10m and 0-20m above sea level),I,A,Annual,TK,Tokelau,LECZPOPAF,Population in low elevation coastal zone in absolute frequency,10M,0-10 meters above sea level,2010,,,,N,units,,,O,Missing value,,,,
DATAFLOW,SPC:DF_POP_LECZ(1.0),Population living in low elevation coastal zones (0-10m and 0-20m above sea level),I,A,Annual,TK,Tokelau,LECZPOPAF,Population in low elevation coastal zone in absolute frequency,10M,0-10 meters above sea level,2011,,,,N,units,,,O,Missing value,,,,
DATAFLOW,SPC:DF_POP_LECZ(1.0),Population living in low elevation coastal zones (0-10m and 0-20m above sea level),I,A,Annual,TK,Tokelau,LECZPOPAF,Population in low elevation coastal zone in absolute frequency,10M,0-10 meters above sea level,2012,,,,N,units,,,O,Missing value,,,,
DATAFLOW,SPC:DF_POP_LECZ(1.0),Population living in low elevation coastal zones (0-10m and 0-20m above sea level),I,A,Annual,TK,Tokelau,LECZPOPAF,Population in low elevation coastal zone in absolute frequency,10M,0-10 meters above sea level,2013,,,,N,units,,,O,Missing value,,,,
DATAFLOW,SPC:DF_POP_LECZ(1.0),Population living in low elevation coastal zones (0-10m and 0-20m above sea level),I,A,Annual,TK,Tokelau,LECZPOPAF,Population in low elevation coastal zone in absolute frequency,10M,0-10 meters above sea level,2014,,,,N,units,,,O,Missing value,,,,
DATAFLOW,SPC:DF_POP_LECZ(1.0),Population living in low elevation coastal zones (0-10m and 0-20m above sea level),I,A,Annual,TK,Tokelau,LECZPOPAF,Population in low elevation coastal zone in absolute frequency,10M,0-10 meters above sea level,2015,,,,N,units,,,O,Missing value,,,,
DATAFLOW,SPC:DF_POP_LECZ(1.0),Population living in low elevation coastal zones (0-10m and 0-20m above sea level),I,A,Annual,TK,Tokelau,LECZPOPAF,Population in low elevation coastal zone in absolute frequency,10M,0-10 meters above sea level,2016,,,,N,units,,,O,Missing value,,,,
DATAFLOW,SPC:DF_POP_LECZ(1.0),Population living in low elevation coastal zones (0-10m and 0-20m above sea level),I,A,Annual,TK,Tokelau,LECZPOPAF,Population in low elevation coastal zone in absolute frequency,10M,0-10 meters above sea level,2017,,,,N,units,,,O,Missing value,,,,
DATAFLOW,SPC:DF_POP_LECZ(1.0),Population living in low elevation coastal zones (0-10m and 0-20m above sea level),I,A,Annual,TK,Tokelau,LECZPOPAF,Population in low elevation coastal zone in absolute frequency,10M,0-10 meters above sea level,2018,,,,N,units,,,O,Missing value,,,,
DATAFLOW,SPC:DF_POP_LECZ(1.0),Population living in low elevation coastal zones (0-10m and 0-20m above sea level),I,A,Annual,TK,Tokelau,LECZPOPAF,Population in low elevation coastal zone in absolute frequency,10M,0-10 meters above sea level,2019,,,,N,units,,,O,Missing value,,,,
DATAFLOW,SPC:DF_POP_LECZ(1.0),Population living in low elevation coastal zones (0-10m and 0-20m above sea level),I,A,Annual,TK,Tokelau,LECZPOPAF,Population in low elevation coastal zone in absolute frequency,10M,0-10 meters above sea level,2020,,,,N,units,,,O,Missing value,,,,
DATAFLOW,SPC:DF_POP_LECZ(1.0),Population living in low elevation coastal zones (0-10m and 0-20m above sea level),I,A,Annual,TK,Tokelau,LECZPOPAF,Population in low elevation coastal zone in absolute frequency,10M,0-10 meters above sea level,2021,,,,N,units,,,O,Missing value,,,,
DATAFLOW,SPC:DF_POP_LECZ(1.0),Population living in low elevation coastal zones (0-10m and 0-20m above sea level),I,A,Annual,TK,Tokelau,LECZPOPAF,Population in low elevation coastal zone in absolute frequency,10M,0-10 meters above sea level,2022,,,,N,units,,,O,Missing value,,,,
DATAFLOW,SPC:DF_POP_LECZ(1.0),Population living in low elevation coastal zones (0-10m and 0-20m above sea level),I,A,Annual,TK,Tokelau,LECZPOPAF,Population in low elevation coastal zone in absolute frequency,10M,0-10 meters above sea level,2023,,,,N,units,,,O,Missing value,,,,
DATAFLOW,SPC:DF_POP_LECZ(1.0),Population living in low elevation coastal zones (0-10m and 0-20m above sea level),I,A,Annual,TK,Tokelau,LECZPOPAF,Population in low elevation coastal zone in absolute frequency,10M,0-10 meters above sea level,2024,,,,N,units,,,O,Missing value,,,,
DATAFLOW,SPC:DF_POP_LECZ(1.0),Population living in low elevation coastal zones (0-10m and 0-20m above sea level),I,A,Annual,PG,Papua New Guinea,LECZPOPRF,Population in low elevation coastal zone in relative frequency,5M,0-5 meters above sea level,2010,,4,,PERCENT,percent,,,,,,,This data was estimated based on population census of year 2023,
DATAFLOW,SPC:DF_POP_LECZ(1.0),Population living in low elevation coastal zones (0-10m and 0-20m above sea level),I,A,Annual,PG,Papua New Guinea,LECZPOPRF,Population in low elevation coastal zone in relative frequency,5M,0-5 meters above sea level,2011,,4,,PERCENT,percent,,,,,,,This data was estimated based on population census of year 2023,
DATAFLOW,SPC:DF_POP_LECZ(1.0),Population living in low elevation coastal zones (0-10m and 0-20m above sea level),I,A,Annual,PG,Papua New Guinea,LECZPOPRF,Population in low elevation coastal zone in relative frequency,5M,0-5 meters above sea level,2012,,4,,PERCENT,percent,,,,,,,This data was estimated based on population census of year 2023,
DATAFLOW,SPC:DF_POP_LECZ(1.0),Population living in low elevation coastal zones (0-10m and 0-20m above sea level),I,A,Annual,PG,Papua New Guinea,LECZPOPRF,Population in low elevation coastal zone in relative frequency,5M,0-5 meters above sea level,2013,,4,,PERCENT,percent,,,,,,,This data was estimated based on population census of year 2023,
DATAFLOW,SPC:DF_POP_LECZ(1.0),Population living in low elevation coastal zones (0-10m and 0-20m above sea level),I,A,Annual,PG,Papua New Guinea,LECZPOPRF,Population in low elevation coastal zone in relative frequency,5M,0-5 meters above sea level,2014,,4,,PERCENT,percent,,,,,,,This data was estimated based on population census of year 2023,
DATAFLOW,SPC:DF_POP_LECZ(1.0),Population living in low elevation coastal zones (0-10m and 0-20m above sea level),I,A,Annual,PG,Papua New Guinea,LECZPOPRF,Population in low elevation coastal zone in relative frequency,5M,0-5 meters above sea level,2015,,4,,PERCENT,percent,,,,,,,This data was estimated based on population census of year 2023,
DATAFLOW,SPC:DF_POP_LECZ(1.0),Population living in low elevation coastal zones (0-10m and 0-20m above sea level),I,A,Annual,PG,Papua New Guinea,LECZPOPRF,Population in low elevation coastal zone in relative frequency,5M,0-5 meters above sea level,2016,,4,,PERCENT,percent,,,,,,,This data was estimated based on population census of year 2023,
DATAFLOW,SPC:DF_POP_LECZ(1.0),Population living in low elevation coastal zones (0-10m and 0-20m above sea level),I,A,Annual,PG,Papua New Guinea,LECZPOPRF,Population in low elevation coastal zone in relative frequency,5M,0-5 meters above sea level,2017,,4,,PERCENT,percent,,,,,,,This data was estimated based on population census of year 2023,
DATAFLOW,SPC:DF_POP_LECZ(1.0),Population living in low elevation coastal zones (0-10m and 0-20m above sea level),I,A,Annual,PG,Papua New Guinea,LECZPOPRF,Population in low elevation coastal zone in relative frequency,5M,0-5 meters above sea level,2018,,4,,PERCENT,percent,,,,,,,This data was estimated based on population census of year 2023,
DATAFLOW,SPC:DF_POP_LECZ(1.0),Population living in low elevation coastal zones (0-10m and 0-20m above sea level),I,A,Annual,PG,Papua New Guinea,LECZPOPRF,Population in low elevation coastal zone in relative frequency,5M,0-5 meters above sea level,2019,,4,,PERCENT,percent,,,,,,,This data was estimated based on population census of year 2023,
DATAFLOW,SPC:DF_POP_LECZ(1.0),Population living in low elevation coastal zones (0-10m and 0-20m above sea level),I,A,Annual,PG,Papua New Guinea,LECZPOPRF,Population in low elevation coastal zone in relative frequency,5M,0-5 meters above sea level,2020,,4,,PERCENT,percent,,,,,,,This data was estimated based on population census of year 2023,
DATAFLOW,SPC:DF_POP_LECZ(1.0),Population living in low elevation coastal zones (0-10m and 0-20m above sea level),I,A,Annual,PG,Papua New Guinea,LECZPOPRF,Population in low elevation coastal zone in relative frequency,5M,0-5 meters above sea level,2021,,4,,PERCENT,percent,,,,,,,This data was estimated based on population census of year 2023,
DATAFLOW,SPC:DF_POP_LECZ(1.0),Population living in low elevation coastal zones (0-10m and 0-20m above sea level),I,A,Annual,PG,Papua New Guinea,LECZPOPRF,Population in low elevation coastal zone in relative frequency,5M,0-5 meters above sea level,2022,,4,,PERCENT,percent,,,,,,,This data was estimated based on population census of year 2023,
DATAFLOW,SPC:DF_POP_LECZ(1.0),Population living in low elevation coastal zones (0-10m and 0-20m above sea level),I,A,Annual,PG,Papua New Guinea,LECZPOPRF,Population in low elevation coastal zone in relative frequency,5M,0-5 meters above sea level,2023,,4,,PERCENT,percent,,,,,,,This data was estimated based on population census of year 2023,
DATAFLOW,SPC:DF_POP_LECZ(1.0),Population living in low elevation coastal zones (0-10m and 0-20m above sea level),I,A,Annual,PG,Papua New Guinea,LECZPOPRF,Population in low elevation coastal zone in relative frequency,5M,0-5 meters above sea level,2024,,4,,PERCENT,percent,,,,,,,This data was estimated based on population census of year 2023,
DATAFLOW,SPC:DF_POP_LECZ(1.0),Population living in low elevation coastal zones (0-10m and 0-20m above sea level),I,A,Annual,WF,Wallis and Futuna,LECZPOPRF,Population in low elevation coastal zone in relative frequency,10M,0-10 meters above sea level,2010,,38,,PERCENT,percent,,,E,Estimated value,,,This data was estimated based on population census of year 2023,
DATAFLOW,SPC:DF_POP_LECZ(1.0),Population living in low elevation coastal zones (0-10m and 0-20m above sea level),I,A,Annual,WF,Wallis and Futuna,LECZPOPRF,Population in low elevation coastal zone in relative frequency,10M,0-10 meters above sea level,2011,,38,,PERCENT,percent,,,E,Estimated value,,,This data was estimated based on population census of year 2023,
DATAFLOW,SPC:DF_POP_LECZ(1.0),Population living in low elevation coastal zones (0-10m and 0-20m above sea level),I,A,Annual,WF,Wallis and Futuna,LECZPOPRF,Population in low elevation coastal zone in relative frequency,10M,0-10 meters above sea level,2012,,38,,PERCENT,percent,,,E,Estimated value,,,This data was estimated based on population census of year 2023,
DATAFLOW,SPC:DF_POP_LECZ(1.0),Population living in low elevation coastal zones (0-10m and 0-20m above sea level),I,A,Annual,WF,Wallis and Futuna,LECZPOPRF,Population in low elevation coastal zone in relative frequency,10M,0-10 meters above sea level,2013,,38,,PERCENT,percent,,,E,Estimated value,,,This data was estimated based on population census of year 2023,
DATAFLOW,SPC:DF_POP_LECZ(1.0),Population living in low elevation coastal zones (0-10m and 0-20m above sea level),I,A,Annual,WF,Wallis and Futuna,LECZPOPRF,Population in low elevation coastal zone in relative frequency,10M,0-10 meters above sea level,2014,,38,,PERCENT,percent,,,E,Estimated value,,,This data was estimated based on population census of year 2023,
DATAFLOW,SPC:DF_POP_LECZ(1.0),Population living in low elevation coastal zones (0-10m and 0-20m above sea level),I,A,Annual,WF,Wallis and Futuna,LECZPOPRF,Population in low elevation coastal zone in relative frequency,10M,0-10 meters above sea level,2015,,38,,PERCENT,percent,,,E,Estimated value,,,This data was estimated based on population census of year 2023,
DATAFLOW,SPC:DF_POP_LECZ(1.0),Population living in low elevation coastal zones (0-10m and 0-20m above sea level),I,A,Annual,WF,Wallis and Futuna,LECZPOPRF,Population in low elevation coastal zone in relative frequency,10M,0-10 meters above sea level,2016,,38,,PERCENT,percent,,,E,Estimated value,,,This data was estimated based on population census of year 2023,
DATAFLOW,SPC:DF_POP_LECZ(1.0),Population living in low elevation coastal zones (0-10m and 0-20m above sea level),I,A,Annual,WF,Wallis and Futuna,LECZPOPRF,Population in low elevation coastal zone in relative frequency,10M,0-10 meters above sea level,2017,,38,,PERCENT,percent,,,E,Estimated value,,,This data was estimated based on population census of year 2023,
DATAFLOW,SPC:DF_POP_LECZ(1.0),Population living in low elevation coastal zones (0-10m and 0-20m above sea level),I,A,Annual,WF,Wallis and Futuna,LECZPOPRF,Population in low elevation coastal zone in relative frequency,10M,0-10 meters above sea level,2018,,38,,PERCENT,percent,,,E,Estimated value,,,This data was estimated based on population census of year 2023,
DATAFLOW,SPC:DF_POP_LECZ(1.0),Population living in low elevation coastal zones (0-10m and 0-20m above sea level),I,A,Annual,WF,Wallis and Futuna,LECZPOPRF,Population in low elevation coastal zone in relative frequency,10M,0-10 meters above sea level,2019,,38,,PERCENT,percent,,,E,Estimated value,,,This data was estimated based on population census of year 2023,
DATAFLOW,SPC:DF_POP_LECZ(1.0),Population living in low elevation coastal zones (0-10m and 0-20m above sea level),I,A,Annual,WF,Wallis and Futuna,LECZPOPRF,Population in low elevation coastal zone in relative frequency,10M,0-10 meters above sea level,2020,,38,,PERCENT,percent,,,E,Estimated value,,,This data was estimated based on population census of year 2023,
DATAFLOW,SPC:DF_POP_LECZ(1.0),Population living in low elevation coastal zones (0-10m and 0-20m above sea level),I,A,Annual,WF,Wallis and Futuna,LECZPOPRF,Population in low elevation coastal zone in relative frequency,10M,0-10 meters above sea level,2021,,38,,PERCENT,percent,,,E,Estimated value,,,This data was estimated based on population census of year 2023,
DATAFLOW,SPC:DF_POP_LECZ(1.0),Population living in low elevation coastal zones (0-10m and 0-20m above sea level),I,A,Annual,WF,Wallis and Futuna,LECZPOPRF,Population in low elevation coastal zone in relative frequency,10M,0-10 meters above sea level,2022,,38,,PERCENT,percent,,,,,,,This data was estimated based on population census of year 2023,
DATAFLOW,SPC:DF_POP_LECZ(1.0),Population living in low elevation coastal zones (0-10m and 0-20m above sea level),I,A,Annual,WF,Wallis and Futuna,LECZPOPRF,Population in low elevation coastal zone in relative frequency,10M,0-10 meters above sea level,2023,,38,,PERCENT,percent,,,,,,,This data was estimated based on population census of year 2023,
DATAFLOW,SPC:DF_POP_LECZ(1.0),Population living in low elevation coastal zones (0-10m and 0-20m above sea level),I,A,Annual,WF,Wallis and Futuna,LECZPOPRF,Population in low elevation coastal zone in relative frequency,10M,0-10 meters above sea level,2024,,38,,PERCENT,percent,,,,,,,This data was estimated based on population census of year 2023,
DATAFLOW,SPC:DF_POP_LECZ(1.0),Population living in low elevation coastal zones (0-10m and 0-20m above sea level),I,A,Annual,PN,Pitcairn,LECZPOPAF,Population in low elevation coastal zone in absolute frequency,_T,Total,2010,,62,,N,units,,,E,Estimated value,,,Interpolated using estimates for years 2008 and 2012.,
DATAFLOW,SPC:DF_POP_LECZ(1.0),Population living in low elevation coastal zones (0-10m and 0-20m above sea level),I,A,Annual,PN,Pitcairn,LECZPOPAF,Population in low elevation coastal zone in absolute frequency,_T,Total,2011,,60,,N,units,,,E,Estimated value,,,Interpolated using estimates for years 2008 and 2012.,
DATAFLOW,SPC:DF_POP_LECZ(1.0),Population living in low elevation coastal zones (0-10m and 0-20m above sea level),I,A,Annual,PN,Pitcairn,LECZPOPAF,Population in low elevation coastal zone in absolute frequency,_T,Total,2012,,57,,N,units,,,E,Estimated value,,,Estimated mid-year population for year 2012.,
DATAFLOW,SPC:DF_POP_LECZ(1.0),Population living in low elevation coastal zones (0-10m and 0-20m above sea level),I,A,Annual,PN,Pitcairn,LECZPOPAF,Population in low elevation coastal zone in absolute frequency,_T,Total,2013,,54,,N,units,,,E,Estimated value,,,Interpolated using estimates for years 2012 and 2014.,
DATAFLOW,SPC:DF_POP_LECZ(1.0),Population living in low elevation coastal zones (0-10m and 0-20m above sea level),I,A,Annual,PN,Pitcairn,LECZPOPAF,Population in low elevation coastal zone in absolute frequency,_T,Total,2014,,51,,N,units,,,E,Estimated value,,,Estimated mid-year population for year 2014.,
DATAFLOW,SPC:DF_POP_LECZ(1.0),Population living in low elevation coastal zones (0-10m and 0-20m above sea level),I,A,Annual,PN,Pitcairn,LECZPOPAF,Population in low elevation coastal zone in absolute frequency,_T,Total,2015,,51,,N,units,,,E,Estimated value,,,Interpolated using estimates for years 2014 and 2021.,
DATAFLOW,SPC:DF_POP_LECZ(1.0),Population living in low elevation coastal zones (0-10m and 0-20m above sea level),I,A,Annual,PN,Pitcairn,LECZPOPAF,Population in low elevation coastal zone in absolute frequency,_T,Total,2016,,51,,N,units,,,E,Estimated value,,,Interpolated using estimates for years 2014 and 2021.,
DATAFLOW,SPC:DF_POP_LECZ(1.0),Population living in low elevation coastal zones (0-10m and 0-20m above sea level),I,A,Annual,PN,Pitcairn,LECZPOPAF,Population in low elevation coastal zone in absolute frequency,_T,Total,2017,,51,,N,units,,,E,Estimated value,,,Interpolated using estimates for years 2014 and 2021.,
DATAFLOW,SPC:DF_POP_LECZ(1.0),Population living in low elevation coastal zones (0-10m and 0-20m above sea level),I,A,Annual,PN,Pitcairn,LECZPOPAF,Population in low elevation coastal zone in absolute frequency,_T,Total,2018,,51,,N,units,,,E,Estimated value,,,Interpolated using estimates for years 2014 and 2021.,
DATAFLOW,SPC:DF_POP_LECZ(1.0),Population living in low elevation coastal zones (0-10m and 0-20m above sea level),I,A,Annual,PN,Pitcairn,LECZPOPAF,Population in low elevation coastal zone in absolute frequency,_T,Total,2019,,51,,N,units,,,E,Estimated value,,,Interpolated using estimates for years 2014 and 2021.,
DATAFLOW,SPC:DF_POP_LECZ(1.0),Population living in low elevation coastal zones (0-10m and 0-20m above sea level),I,A,Annual,PN,Pitcairn,LECZPOPAF,Population in low elevation coastal zone in absolute frequency,_T,Total,2020,,51,,N,units,,,E,Estimated value,,,Interpolated using estimates for years 2014 and 2021.,
DATAFLOW,SPC:DF_POP_LECZ(1.0),Population living in low elevation coastal zones (0-10m and 0-20m above sea level),I,A,Annual,PN,Pitcairn,LECZPOPAF,Population in low elevation coastal zone in absolute frequency,_T,Total,2021,,50,,N,units,,,E,Estimated value,,,Value for year 2021.,
DATAFLOW,SPC:DF_POP_LECZ(1.0),Population living in low elevation coastal zones (0-10m and 0-20m above sea level),I,A,Annual,WS,Samoa,LECZPOPAF,Population in low elevation coastal zone in absolute frequency,5M,0-5 meters above sea level,2010,,10288,,N,units,,,,,,,This data was estimated based on population census of year 2023,
DATAFLOW,SPC:DF_POP_LECZ(1.0),Population living in low elevation coastal zones (0-10m and 0-20m above sea level),I,A,Annual,WS,Samoa,LECZPOPAF,Population in low elevation coastal zone in absolute frequency,5M,0-5 meters above sea level,2011,,10378,,N,units,,,,,,,This data was estimated based on population census of year 2023,
DATAFLOW,SPC:DF_POP_LECZ(1.0),Population living in low elevation coastal zones (0-10m and 0-20m above sea level),I,A,Annual,WS,Samoa,LECZPOPAF,Population in low elevation coastal zone in absolute frequency,5M,0-5 meters above sea level,2012,,10473,,N,units,,,,,,,This data was estimated based on population census of year 2023,
DATAFLOW,SPC:DF_POP_LECZ(1.0),Population living in low elevation coastal zones (0-10m and 0-20m above sea level),I,A,Annual,WS,Samoa,LECZPOPAF,Population in low elevation coastal zone in absolute frequency,5M,0-5 meters above sea level,2013,,10568,,N,units,,,,,,,This data was estimated based on population census of year 2023,
DATAFLOW,SPC:DF_POP_LECZ(1.0),Population living in low elevation coastal zones (0-10m and 0-20m above sea level),I,A,Annual,WS,Samoa,LECZPOPAF,Population in low elevation coastal zone in absolute frequency,5M,0-5 meters above sea level,2014,,10662,,N,units,,,,,,,This data was estimated based on population census of year 2023,
DATAFLOW,SPC:DF_POP_LECZ(1.0),Population living in low elevation coastal zones (0-10m and 0-20m above sea level),I,A,Annual,WS,Samoa,LECZPOPAF,Population in low elevation coastal zone in absolute frequency,5M,0-5 meters above sea level,2015,,10755,,N,units,,,,,,,This data was estimated based on population census of year 2023,
DATAFLOW,SPC:DF_POP_LECZ(1.0),Population living in low elevation coastal zones (0-10m and 0-20m above sea level),I,A,Annual,WS,Samoa,LECZPOPAF,Population in low elevation coastal zone in absolute frequency,5M,0-5 meters above sea level,2016,,10846,,N,units,,,,,,,This data was estimated based on population census of year 2023,
DATAFLOW,SPC:DF_POP_LECZ(1.0),Population living in low elevation coastal zones (0-10m and 0-20m above sea level),I,A,Annual,WS,Samoa,LECZPOPAF,Population in low elevation coastal zone in absolute frequency,5M,0-5 meters above sea level,2017,,10949,,N,units,,,,,,,This data was estimated based on population census of year 2023,
DATAFLOW,SPC:DF_POP_LECZ(1.0),Population living in low elevation coastal zones (0-10m and 0-20m above sea level),I,A,Annual,WS,Samoa,LECZPOPAF,Population in low elevation coastal zone in absolute frequency,5M,0-5 meters above sea level,2018,,11064,,N,units,,,,,,,This data was estimated based on population census of year 2023,
DATAFLOW,SPC:DF_POP_LECZ(1.0),Population living in low elevation coastal zones (0-10m and 0-20m above sea level),I,A,Annual,WS,Samoa,LECZPOPAF,Population in low elevation coastal zone in absolute frequency,5M,0-5 meters above sea level,2019,,11181,,N,units,,,,,,,This data was estimated based on population census of year 2023,
DATAFLOW,SPC:DF_POP_LECZ(1.0),Population living in low elevation coastal zones (0-10m and 0-20m above sea level),I,A,Annual,WS,Samoa,LECZPOPAF,Population in low elevation coastal zone in absolute frequency,5M,0-5 meters above sea level,2020,,11297,,N,units,,,,,,,This data was estimated based on population census of year 2023,
DATAFLOW,SPC:DF_POP_LECZ(1.0),Population living in low elevation coastal zones (0-10m and 0-20m above sea level),I,A,Annual,WS,Samoa,LECZPOPAF,Population in low elevation coastal zone in absolute frequency,5M,0-5 meters above sea level,2021,,11394,,N,units,,,,,,,This data was estimated based on population census of year 2023,
DATAFLOW,SPC:DF_POP_LECZ(1.0),Population living in low elevation coastal zones (0-10m and 0-20m above sea level),I,A,Annual,WS,Samoa,LECZPOPAF,Population in low elevation coastal zone in absolute frequency,5M,0-5 meters above sea level,2022,,11473,,N,units,,,,,,,This data was estimated based on population census of year 2023,
DATAFLOW,SPC:DF_POP_LECZ(1.0),Population living in low elevation coastal zones (0-10m and 0-20m above sea level),I,A,Annual,WS,Samoa,LECZPOPAF,Population in low elevation coastal zone in absolute frequency,5M,0-5 meters above sea level,2023,,11548,,N,units,,,,,,,This data was estimated based on population census of year 2023,
DATAFLOW,SPC:DF_POP_LECZ(1.0),Population living in low elevation coastal zones (0-10m and 0-20m above sea level),I,A,Annual,WS,Samoa,LECZPOPAF,Population in low elevation coastal zone in absolute frequency,5M,0-5 meters above sea level,2024,,11620,,N,units,,,,,,,This data was estimated based on population census of year 2023,
DATAFLOW,SPC:DF_POP_LECZ(1.0),Population living in low elevation coastal zones (0-10m and 0-20m above sea level),I,A,Annual,WF,Wallis and Futuna,LECZPOPAF,Population in low elevation coastal zone in absolute frequency,10M,0-10 meters above sea level,2010,,5021,,N,units,,,E,Estimated value,,,This data was estimated based on population census of year 2023,
DATAFLOW,SPC:DF_POP_LECZ(1.0),Population living in low elevation coastal zones (0-10m and 0-20m above sea level),I,A,Annual,WF,Wallis and Futuna,LECZPOPAF,Population in low elevation coastal zone in absolute frequency,10M,0-10 meters above sea level,2011,,4929,,N,units,,,E,Estimated value,,,This data was estimated based on population census of year 2023,
DATAFLOW,SPC:DF_POP_LECZ(1.0),Population living in low elevation coastal zones (0-10m and 0-20m above sea level),I,A,Annual,WF,Wallis and Futuna,LECZPOPAF,Population in low elevation coastal zone in absolute frequency,10M,0-10 meters above sea level,2012,,4837,,N,units,,,E,Estimated value,,,This data was estimated based on population census of year 2023,
DATAFLOW,SPC:DF_POP_LECZ(1.0),Population living in low elevation coastal zones (0-10m and 0-20m above sea level),I,A,Annual,WF,Wallis and Futuna,LECZPOPAF,Population in low elevation coastal zone in absolute frequency,10M,0-10 meters above sea level,2013,,4760,,N,units,,,E,Estimated value,,,This data was estimated based on population census of year 2023,
DATAFLOW,SPC:DF_POP_LECZ(1.0),Population living in low elevation coastal zones (0-10m and 0-20m above sea level),I,A,Annual,WF,Wallis and Futuna,LECZPOPAF,Population in low elevation coastal zone in absolute frequency,10M,0-10 meters above sea level,2014,,4693,,N,units,,,E,Estimated value,,,This data was estimated based on population census of year 2023,
DATAFLOW,SPC:DF_POP_LECZ(1.0),Population living in low elevation coastal zones (0-10m and 0-20m above sea level),I,A,Annual,WF,Wallis and Futuna,LECZPOPAF,Population in low elevation coastal zone in absolute frequency,10M,0-10 meters above sea level,2015,,4639,,N,units,,,E,Estimated value,,,This data was estimated based on population census of year 2023,
DATAFLOW,SPC:DF_POP_LECZ(1.0),Population living in low elevation coastal zones (0-10m and 0-20m above sea level),I,A,Annual,WF,Wallis and Futuna,LECZPOPAF,Population in low elevation coastal zone in absolute frequency,10M,0-10 meters above sea level,2016,,4592,,N,units,,,E,Estimated value,,,This data was estimated based on population census of year 2023,
DATAFLOW,SPC:DF_POP_LECZ(1.0),Population living in low elevation coastal zones (0-10m and 0-20m above sea level),I,A,Annual,WF,Wallis and Futuna,LECZPOPAF,Population in low elevation coastal zone in absolute frequency,10M,0-10 meters above sea level,2017,,4549,,N,units,,,E,Estimated value,,,This data was estimated based on population census of year 2023,
DATAFLOW,SPC:DF_POP_LECZ(1.0),Population living in low elevation coastal zones (0-10m and 0-20m above sea level),I,A,Annual,WF,Wallis and Futuna,LECZPOPAF,Population in low elevation coastal zone in absolute frequency,10M,0-10 meters above sea level,2018,,4503,,N,units,,,E,Estimated value,,,This data was estimated based on population census of year 2023,
DATAFLOW,SPC:DF_POP_LECZ(1.0),Population living in low elevation coastal zones (0-10m and 0-20m above sea level),I,A,Annual,WF,Wallis and Futuna,LECZPOPAF,Population in low elevation coastal zone in absolute frequency,10M,0-10 meters above sea level,2019,,4459,,N,units,,,E,Estimated value,,,This data was estimated based on population census of year 2023,
DATAFLOW,SPC:DF_POP_LECZ(1.0),Population living in low elevation coastal zones (0-10m and 0-20m above sea level),I,A,Annual,WF,Wallis and Futuna,LECZPOPAF,Population in low elevation coastal zone in absolute frequency,10M,0-10 meters above sea level,2020,,4432,,N,units,,,E,Estimated value,,,This data was estimated based on population census of year 2023,
DATAFLOW,SPC:DF_POP_LECZ(1.0),Population living in low elevation coastal zones (0-10m and 0-20m above sea level),I,A,Annual,WF,Wallis and Futuna,LECZPOPAF,Population in low elevation coastal zone in absolute frequency,10M,0-10 meters above sea level,2021,,4417,,N,units,,,E,Estimated value,,,This data was estimated based on population census of year 2023,
DATAFLOW,SPC:DF_POP_LECZ(1.0),Population living in low elevation coastal zones (0-10m and 0-20m above sea level),I,A,Annual,WF,Wallis and Futuna,LECZPOPAF,Population in low elevation coastal zone in absolute frequency,10M,0-10 meters above sea level,2022,,4320,,N,units,,,,,,,This data was estimated based on population census of year 2023,
DATAFLOW,SPC:DF_POP_LECZ(1.0),Population living in low elevation coastal zones (0-10m and 0-20m above sea level),I,A,Annual,WF,Wallis and Futuna,LECZPOPAF,Population in low elevation coastal zone in absolute frequency,10M,0-10 meters above sea level,2023,,4280,,N,units,,,,,,,This data was estimated based on population census of year 2023,
DATAFLOW,SPC:DF_POP_LECZ(1.0),Population living in low elevation coastal zones (0-10m and 0-20m above sea level),I,A,Annual,WF,Wallis and Futuna,LECZPOPAF,Population in low elevation coastal zone in absolute frequency,10M,0-10 meters above sea level,2024,,4245,,N,units,,,,,,,This data was estimated based on population census of year 2023,
DATAFLOW,SPC:DF_POP_LECZ(1.0),Population living in low elevation coastal zones (0-10m and 0-20m above sea level),I,A,Annual,GU,Guam,LECZPOPRF,Population in low elevation coastal zone in relative frequency,20M,0-20 meters above sea level,2010,,11,,PERCENT,percent,,,E,Estimated value,,,This data was estimated based on population census of year 2023,
DATAFLOW,SPC:DF_POP_LECZ(1.0),Population living in low elevation coastal zones (0-10m and 0-20m above sea level),I,A,Annual,GU,Guam,LECZPOPRF,Population in low elevation coastal zone in relative frequency,20M,0-20 meters above sea level,2011,,11,,PERCENT,percent,,,E,Estimated value,,,This data was estimated based on population census of year 2023,
DATAFLOW,SPC:DF_POP_LECZ(1.0),Population living in low elevation coastal zones (0-10m and 0-20m above sea level),I,A,Annual,GU,Guam,LECZPOPRF,Population in low elevation coastal zone in relative frequency,20M,0-20 meters above sea level,2012,,11,,PERCENT,percent,,,E,Estimated value,,,This data was estimated based on population census of year 2023,
DATAFLOW,SPC:DF_POP_LECZ(1.0),Population living in low elevation coastal zones (0-10m and 0-20m above sea level),I,A,Annual,GU,Guam,LECZPOPRF,Population in low elevation coastal zone in relative frequency,20M,0-20 meters above sea level,2013,,11,,PERCENT,percent,,,E,Estimated value,,,This data was estimated based on population census of year 2023,
DATAFLOW,SPC:DF_POP_LECZ(1.0),Population living in low elevation coastal zones (0-10m and 0-20m above sea level),I,A,Annual,GU,Guam,LECZPOPRF,Population in low elevation coastal zone in relative frequency,20M,0-20 meters above sea level,2014,,11,,PERCENT,percent,,,E,Estimated value,,,This data was estimated based on population census of year 2023,
DATAFLOW,SPC:DF_POP_LECZ(1.0),Population living in low elevation coastal zones (0-10m and 0-20m above sea level),I,A,Annual,GU,Guam,LECZPOPRF,Population in low elevation coastal zone in relative frequency,20M,0-20 meters above sea level,2015,,11,,PERCENT,percent,,,E,Estimated value,,,This data was estimated based on population census of year 2023,
DATAFLOW,SPC:DF_POP_LECZ(1.0),Population living in low elevation coastal zones (0-10m and 0-20m above sea level),I,A,Annual,GU,Guam,LECZPOPRF,Population in low elevation coastal zone in relative frequency,20M,0-20 meters above sea level,2016,,11,,PERCENT,percent,,,E,Estimated value,,,This data was estimated based on population census of year 2023,
DATAFLOW,SPC:DF_POP_LECZ(1.0),Population living in low elevation coastal zones (0-10m and 0-20m above sea level),I,A,Annual,GU,Guam,LECZPOPRF,Population in low elevation coastal zone in relative frequency,20M,0-20 meters above sea level,2017,,11,,PERCENT,percent,,,E,Estimated value,,,This data was estimated based on population census of year 2023,
DATAFLOW,SPC:DF_POP_LECZ(1.0),Population living in low elevation coastal zones (0-10m and 0-20m above sea level),I,A,Annual,GU,Guam,LECZPOPRF,Population in low elevation coastal zone in relative frequency,20M,0-20 meters above sea level,2018,,11,,PERCENT,percent,,,E,Estimated value,,,This data was estimated based on population census of year 2023,
DATAFLOW,SPC:DF_POP_LECZ(1.0),Population living in low elevation coastal zones (0-10m and 0-20m above sea level),I,A,Annual,GU,Guam,LECZPOPRF,Population in low elevation coastal zone in relative frequency,20M,0-20 meters above sea level,2019,,11,,PERCENT,percent,,,E,Estimated value,,,This data was estimated based on population census of year 2023,
DATAFLOW,SPC:DF_POP_LECZ(1.0),Population living in low elevation coastal zones (0-10m and 0-20m above sea level),I,A,Annual,GU,Guam,LECZPOPRF,Population in low elevation coastal zone in relative frequency,20M,0-20 meters above sea level,2020,,11,,PERCENT,percent,,,E,Estimated value,,,This data was estimated based on population census of year 2023,
DATAFLOW,SPC:DF_POP_LECZ(1.0),Population living in low elevation coastal zones (0-10m and 0-20m above sea level),I,A,Annual,GU,Guam,LECZPOPRF,Population in low elevation coastal zone in relative frequency,20M,0-20 meters above sea level,2021,,11,,PERCENT,percent,,,E,Estimated value,,,This data was estimated based on population census of year 2023,
DATAFLOW,SPC:DF_POP_LECZ(1.0),Population living in low elevation coastal zones (0-10m and 0-20m above sea level),I,A,Annual,GU,Guam,LECZPOPRF,Population in low elevation coastal zone in relative frequency,20M,0-20 meters above sea level,2022,,9,,PERCENT,percent,,,,,,,This data was estimated based on population census of year 2023,
DATAFLOW,SPC:DF_POP_LECZ(1.0),Population living in low elevation coastal zones (0-10m and 0-20m above sea level),I,A,Annual,GU,Guam,LECZPOPRF,Population in low elevation coastal zone in relative frequency,20M,0-20 meters above sea level,2023,,9,,PERCENT,percent,,,,,,,This data was estimated based on population census of year 2023,
DATAFLOW,SPC:DF_POP_LECZ(1.0),Population living in low elevation coastal zones (0-10m and 0-20m above sea level),I,A,Annual,GU,Guam,LECZPOPRF,Population in low elevation coastal zone in relative frequency,20M,0-20 meters above sea level,2024,,9,,PERCENT,percent,,,,,,,This data was estimated based on population census of year 2023,
DATAFLOW,SPC:DF_POP_LECZ(1.0),Population living in low elevation coastal zones (0-10m and 0-20m above sea level),I,A,Annual,MP,Northern Mariana Islands,LECZPOPRF,Population in low elevation coastal zone in relative frequency,10M,0-10 meters above sea level,2010,,27,,PERCENT,percent,,,E,Estimated value,,,This data was estimated based on population census of year 2023,
DATAFLOW,SPC:DF_POP_LECZ(1.0),Population living in low elevation coastal zones (0-10m and 0-20m above sea level),I,A,Annual,MP,Northern Mariana Islands,LECZPOPRF,Population in low elevation coastal zone in relative frequency,10M,0-10 meters above sea level,2011,,27,,PERCENT,percent,,,E,Estimated value,,,This data was estimated based on population census of year 2023,
DATAFLOW,SPC:DF_POP_LECZ(1.0),Population living in low elevation coastal zones (0-10m and 0-20m above sea level),I,A,Annual,MP,Northern Mariana Islands,LECZPOPRF,Population in low elevation coastal zone in relative frequency,10M,0-10 meters above sea level,2012,,27,,PERCENT,percent,,,E,Estimated value,,,This data was estimated based on population census of year 2023,
DATAFLOW,SPC:DF_POP_LECZ(1.0),Population living in low elevation coastal zones (0-10m and 0-20m above sea level),I,A,Annual,MP,Northern Mariana Islands,LECZPOPRF,Population in low elevation coastal zone in relative frequency,10M,0-10 meters above sea level,2013,,27,,PERCENT,percent,,,E,Estimated value,,,This data was estimated based on population census of year 2023,
DATAFLOW,SPC:DF_POP_LECZ(1.0),Population living in low elevation coastal zones (0-10m and 0-20m above sea level),I,A,Annual,MP,Northern Mariana Islands,LECZPOPRF,Population in low elevation coastal zone in relative frequency,10M,0-10 meters above sea level,2014,,27,,PERCENT,percent,,,E,Estimated value,,,This data was estimated based on population census of year 2023,
DATAFLOW,SPC:DF_POP_LECZ(1.0),Population living in low elevation coastal zones (0-10m and 0-20m above sea level),I,A,Annual,MP,Northern Mariana Islands,LECZPOPRF,Population in low elevation coastal zone in relative frequency,10M,0-10 meters above sea level,2015,,27,,PERCENT,percent,,,E,Estimated value,,,This data was estimated based on population census of year 2023,
DATAFLOW,SPC:DF_POP_LECZ(1.0),Population living in low elevation coastal zones (0-10m and 0-20m above sea level),I,A,Annual,MP,Northern Mariana Islands,LECZPOPRF,Population in low elevation coastal zone in relative frequency,10M,0-10 meters above sea level,2016,,27,,PERCENT,percent,,,E,Estimated value,,,This data was estimated based on population census of year 2023,
DATAFLOW,SPC:DF_POP_LECZ(1.0),Population living in low elevation coastal zones (0-10m and 0-20m above sea level),I,A,Annual,MP,Northern Mariana Islands,LECZPOPRF,Population in low elevation coastal zone in relative frequency,10M,0-10 meters above sea level,2017,,27,,PERCENT,percent,,,E,Estimated value,,,This data was estimated based on population census of year 2023,
DATAFLOW,SPC:DF_POP_LECZ(1.0),Population living in low elevation coastal zones (0-10m and 0-20m above sea level),I,A,Annual,MP,Northern Mariana Islands,LECZPOPRF,Population in low elevation coastal zone in relative frequency,10M,0-10 meters above sea level,2018,,27,,PERCENT,percent,,,E,Estimated value,,,This data was estimated based on population census of year 2023,
DATAFLOW,SPC:DF_POP_LECZ(1.0),Population living in low elevation coastal zones (0-10m and 0-20m above sea level),I,A,Annual,MP,Northern Mariana Islands,LECZPOPRF,Population in low elevation coastal zone in relative frequency,10M,0-10 meters above sea level,2019,,27,,PERCENT,percent,,,E,Estimated value,,,This data was estimated based on population census of year 2023,
DATAFLOW,SPC:DF_POP_LECZ(1.0),Population living in low elevation coastal zones (0-10m and 0-20m above sea level),I,A,Annual,MP,Northern Mariana Islands,LECZPOPRF,Population in low elevation coastal zone in relative frequency,10M,0-10 meters above sea level,2020,,27,,PERCENT,percent,,,E,Estimated value,,,This data was estimated based on population census of year 2023,
DATAFLOW,SPC:DF_POP_LECZ(1.0),Population living in low elevation coastal zones (0-10m and 0-20m above sea level),I,A,Annual,MP,Northern Mariana Islands,LECZPOPRF,Population in low elevation coastal zone in relative frequency,10M,0-10 meters above sea level,2021,,27,,PERCENT,percent,,,E,Estimated value,,,This data was estimated based on population census of year 2023,
DATAFLOW,SPC:DF_POP_LECZ(1.0),Population living in low elevation coastal zones (0-10m and 0-20m above sea level),I,A,Annual,MP,Northern Mariana Islands,LECZPOPRF,Population in low elevation coastal zone in relative frequency,10M,0-10 meters above sea level,2022,,28,,PERCENT,percent,,,,,,,This data was estimated based on population census of year 2023,
DATAFLOW,SPC:DF_POP_LECZ(1.0),Population living in low elevation coastal zones (0-10m and 0-20m above sea level),I,A,Annual,MP,Northern Mariana Islands,LECZPOPRF,Population in low elevation coastal zone in relative frequency,10M,0-10 meters above sea level,2023,,28,,PERCENT,percent,,,,,,,This data was estimated based on population census of year 2023,
DATAFLOW,SPC:DF_POP_LECZ(1.0),Population living in low elevation coastal zones (0-10m and 0-20m above sea level),I,A,Annual,MP,Northern Mariana Islands,LECZPOPRF,Population in low elevation coastal zone in relative frequency,10M,0-10 meters above sea level,2024,,28,,PERCENT,percent,,,,,,,This data was estimated based on population census of year 2023,
DATAFLOW,SPC:DF_POP_LECZ(1.0),Population living in low elevation coastal zones (0-10m and 0-20m above sea level),I,A,Annual,PF,French Polynesia,LECZPOPAF,Population in low elevation coastal zone in absolute frequency,10M,0-10 meters above sea level,2010,,105536,,N,units,,,E,Estimated value,,,This data was estimated based on population census of year 2023,
DATAFLOW,SPC:DF_POP_LECZ(1.0),Population living in low elevation coastal zones (0-10m and 0-20m above sea level),I,A,Annual,PF,French Polynesia,LECZPOPAF,Population in low elevation coastal zone in absolute frequency,10M,0-10 meters above sea level,2011,,105983,,N,units,,,E,Estimated value,,,This data was estimated based on population census of year 2023,
DATAFLOW,SPC:DF_POP_LECZ(1.0),Population living in low elevation coastal zones (0-10m and 0-20m above sea level),I,A,Annual,PF,French Polynesia,LECZPOPAF,Population in low elevation coastal zone in absolute frequency,10M,0-10 meters above sea level,2012,,106511,,N,units,,,E,Estimated value,,,This data was estimated based on population census of year 2023,
DATAFLOW,SPC:DF_POP_LECZ(1.0),Population living in low elevation coastal zones (0-10m and 0-20m above sea level),I,A,Annual,PF,French Polynesia,LECZPOPAF,Population in low elevation coastal zone in absolute frequency,10M,0-10 meters above sea level,2013,,107152,,N,units,,,E,Estimated value,,,This data was estimated based on population census of year 2023,
DATAFLOW,SPC:DF_POP_LECZ(1.0),Population living in low elevation coastal zones (0-10m and 0-20m above sea level),I,A,Annual,PF,French Polynesia,LECZPOPAF,Population in low elevation coastal zone in absolute frequency,10M,0-10 meters above sea level,2014,,107798,,N,units,,,E,Estimated value,,,This data was estimated based on population census of year 2023,
DATAFLOW,SPC:DF_POP_LECZ(1.0),Population living in low elevation coastal zones (0-10m and 0-20m above sea level),I,A,Annual,PF,French Polynesia,LECZPOPAF,Population in low elevation coastal zone in absolute frequency,10M,0-10 meters above sea level,2015,,108379,,N,units,,,E,Estimated value,,,This data was estimated based on population census of year 2023,
DATAFLOW,SPC:DF_POP_LECZ(1.0),Population living in low elevation coastal zones (0-10m and 0-20m above sea level),I,A,Annual,PF,French Polynesia,LECZPOPAF,Population in low elevation coastal zone in absolute frequency,10M,0-10 meters above sea level,2016,,108889,,N,units,,,E,Estimated value,,,This data was estimated based on population census of year 2023,
DATAFLOW,SPC:DF_POP_LECZ(1.0),Population living in low elevation coastal zones (0-10m and 0-20m above sea level),I,A,Annual,PF,French Polynesia,LECZPOPAF,Population in low elevation coastal zone in absolute frequency,10M,0-10 meters above sea level,2017,,109243,,N,units,,,E,Estimated value,,,This data was estimated based on population census of year 2023,
DATAFLOW,SPC:DF_POP_LECZ(1.0),Population living in low elevation coastal zones (0-10m and 0-20m above sea level),I,A,Annual,PF,French Polynesia,LECZPOPAF,Population in low elevation coastal zone in absolute frequency,10M,0-10 meters above sea level,2018,,109137,,N,units,,,E,Estimated value,,,This data was estimated based on population census of year 2023,
DATAFLOW,SPC:DF_POP_LECZ(1.0),Population living in low elevation coastal zones (0-10m and 0-20m above sea level),I,A,Annual,PF,French Polynesia,LECZPOPAF,Population in low elevation coastal zone in absolute frequency,10M,0-10 meters above sea level,2019,,108835,,N,units,,,E,Estimated value,,,This data was estimated based on population census of year 2023,
DATAFLOW,SPC:DF_POP_LECZ(1.0),Population living in low elevation coastal zones (0-10m and 0-20m above sea level),I,A,Annual,PF,French Polynesia,LECZPOPAF,Population in low elevation coastal zone in absolute frequency,10M,0-10 meters above sea level,2020,,108899,,N,units,,,E,Estimated value,,,This data was estimated based on population census of year 2023,
DATAFLOW,SPC:DF_POP_LECZ(1.0),Population living in low elevation coastal zones (0-10m and 0-20m above sea level),I,A,Annual,PF,French Polynesia,LECZPOPAF,Population in low elevation coastal zone in absolute frequency,10M,0-10 meters above sea level,2021,,109133,,N,units,,,E,Estimated value,,,This data was estimated based on population census of year 2023,
DATAFLOW,SPC:DF_POP_LECZ(1.0),Population living in low elevation coastal zones (0-10m and 0-20m above sea level),I,A,Annual,PF,French Polynesia,LECZPOPAF,Population in low elevation coastal zone in absolute frequency,10M,0-10 meters above sea level,2022,,154572,,N,units,,,,,,,This data was estimated based on population census of year 2023,
DATAFLOW,SPC:DF_POP_LECZ(1.0),Population living in low elevation coastal zones (0-10m and 0-20m above sea level),I,A,Annual,PF,French Polynesia,LECZPOPAF,Population in low elevation coastal zone in absolute frequency,10M,0-10 meters above sea level,2023,,154981,,N,units,,,,,,,This data was estimated based on population census of year 2023,
DATAFLOW,SPC:DF_POP_LECZ(1.0),Population living in low elevation coastal zones (0-10m and 0-20m above sea level),I,A,Annual,PF,French Polynesia,LECZPOPAF,Population in low elevation coastal zone in absolute frequency,10M,0-10 meters above sea level,2024,,155360,,N,units,,,,,,,This data was estimated based on population census of year 2023,
DATAFLOW,SPC:DF_POP_LECZ(1.0),Population living in low elevation coastal zones (0-10m and 0-20m above sea level),I,A,Annual,NC,New Caledonia,LECZPOPAF,Population in low elevation coastal zone in absolute frequency,20M,0-20 meters above sea level,2010,,117719,,N,units,,,E,Estimated value,,,This data was estimated based on population census of year 2023,
DATAFLOW,SPC:DF_POP_LECZ(1.0),Population living in low elevation coastal zones (0-10m and 0-20m above sea level),I,A,Annual,NC,New Caledonia,LECZPOPAF,Population in low elevation coastal zone in absolute frequency,20M,0-20 meters above sea level,2011,,119952,,N,units,,,E,Estimated value,,,This data was estimated based on population census of year 2023,
DATAFLOW,SPC:DF_POP_LECZ(1.0),Population living in low elevation coastal zones (0-10m and 0-20m above sea level),I,A,Annual,NC,New Caledonia,LECZPOPAF,Population in low elevation coastal zone in absolute frequency,20M,0-20 meters above sea level,2012,,122246,,N,units,,,E,Estimated value,,,This data was estimated based on population census of year 2023,
DATAFLOW,SPC:DF_POP_LECZ(1.0),Population living in low elevation coastal zones (0-10m and 0-20m above sea level),I,A,Annual,NC,New Caledonia,LECZPOPAF,Population in low elevation coastal zone in absolute frequency,20M,0-20 meters above sea level,2013,,124582,,N,units,,,E,Estimated value,,,This data was estimated based on population census of year 2023,
DATAFLOW,SPC:DF_POP_LECZ(1.0),Population living in low elevation coastal zones (0-10m and 0-20m above sea level),I,A,Annual,NC,New Caledonia,LECZPOPAF,Population in low elevation coastal zone in absolute frequency,20M,0-20 meters above sea level,2014,,126562,,N,units,,,E,Estimated value,,,This data was estimated based on population census of year 2023,
DATAFLOW,SPC:DF_POP_LECZ(1.0),Population living in low elevation coastal zones (0-10m and 0-20m above sea level),I,A,Annual,NC,New Caledonia,LECZPOPAF,Population in low elevation coastal zone in absolute frequency,20M,0-20 meters above sea level,2015,,127437,,N,units,,,E,Estimated value,,,This data was estimated based on population census of year 2023,
DATAFLOW,SPC:DF_POP_LECZ(1.0),Population living in low elevation coastal zones (0-10m and 0-20m above sea level),I,A,Annual,NC,New Caledonia,LECZPOPAF,Population in low elevation coastal zone in absolute frequency,20M,0-20 meters above sea level,2016,,127549,,N,units,,,E,Estimated value,,,This data was estimated based on population census of year 2023,
DATAFLOW,SPC:DF_POP_LECZ(1.0),Population living in low elevation coastal zones (0-10m and 0-20m above sea level),I,A,Annual,NC,New Caledonia,LECZPOPAF,Population in low elevation coastal zone in absolute frequency,20M,0-20 meters above sea level,2017,,127606,,N,units,,,E,Estimated value,,,This data was estimated based on population census of year 2023,
DATAFLOW,SPC:DF_POP_LECZ(1.0),Population living in low elevation coastal zones (0-10m and 0-20m above sea level),I,A,Annual,NC,New Caledonia,LECZPOPAF,Population in low elevation coastal zone in absolute frequency,20M,0-20 meters above sea level,2018,,127604,,N,units,,,E,Estimated value,,,This data was estimated based on population census of year 2023,
DATAFLOW,SPC:DF_POP_LECZ(1.0),Population living in low elevation coastal zones (0-10m and 0-20m above sea level),I,A,Annual,NC,New Caledonia,LECZPOPAF,Population in low elevation coastal zone in absolute frequency,20M,0-20 meters above sea level,2019,,127629,,N,units,,,E,Estimated value,,,This data was estimated based on population census of year 2023,
DATAFLOW,SPC:DF_POP_LECZ(1.0),Population living in low elevation coastal zones (0-10m and 0-20m above sea level),I,A,Annual,NC,New Caledonia,LECZPOPAF,Population in low elevation coastal zone in absolute frequency,20M,0-20 meters above sea level,2020,,127890,,N,units,,,E,Estimated value,,,This data was estimated based on population census of year 2023,
DATAFLOW,SPC:DF_POP_LECZ(1.0),Population living in low elevation coastal zones (0-10m and 0-20m above sea level),I,A,Annual,NC,New Caledonia,LECZPOPAF,Population in low elevation coastal zone in absolute frequency,20M,0-20 meters above sea level,2021,,128355,,N,units,,,E,Estimated value,,,This data was estimated based on population census of year 2023,
DATAFLOW,SPC:DF_POP_LECZ(1.0),Population living in low elevation coastal zones (0-10m and 0-20m above sea level),I,A,Annual,NC,New Caledonia,LECZPOPAF,Population in low elevation coastal zone in absolute frequency,20M,0-20 meters above sea level,2022,,160014,,N,units,,,,,,,This data was estimated based on population census of year 2023,
DATAFLOW,SPC:DF_POP_LECZ(1.0),Population living in low elevation coastal zones (0-10m and 0-20m above sea level),I,A,Annual,NC,New Caledonia,LECZPOPAF,Population in low elevation coastal zone in absolute frequency,20M,0-20 meters above sea level,2023,,161544,,N,units,,,,,,,This data was estimated based on population census of year 2023,
DATAFLOW,SPC:DF_POP_LECZ(1.0),Population living in low elevation coastal zones (0-10m and 0-20m above sea level),I,A,Annual,NC,New Caledonia,LECZPOPAF,Population in low elevation coastal zone in absolute frequency,20M,0-20 meters above sea level,2024,,163088,,N,units,,,,,,,This data was estimated based on population census of year 2023,
DATAFLOW,SPC:DF_POP_LECZ(1.0),Population living in low elevation coastal zones (0-10m and 0-20m above sea level),I,A,Annual,PN,Pitcairn,LECZPOPRF,Population in low elevation coastal zone in relative frequency,20M,0-20 meters above sea level,2010,,,,PERCENT,percent,,,O,Missing value,,,,
DATAFLOW,SPC:DF_POP_LECZ(1.0),Population living in low elevation coastal zones (0-10m and 0-20m above sea level),I,A,Annual,PN,Pitcairn,LECZPOPRF,Population in low elevation coastal zone in relative frequency,20M,0-20 meters above sea level,2011,,,,PERCENT,percent,,,O,Missing value,,,,
DATAFLOW,SPC:DF_POP_LECZ(1.0),Population living in low elevation coastal zones (0-10m and 0-20m above sea level),I,A,Annual,PN,Pitcairn,LECZPOPRF,Population in low elevation coastal zone in relative frequency,20M,0-20 meters above sea level,2012,,,,PERCENT,percent,,,O,Missing value,,,,
DATAFLOW,SPC:DF_POP_LECZ(1.0),Population living in low elevation coastal zones (0-10m and 0-20m above sea level),I,A,Annual,PN,Pitcairn,LECZPOPRF,Population in low elevation coastal zone in relative frequency,20M,0-20 meters above sea level,2013,,,,PERCENT,percent,,,O,Missing value,,,,
DATAFLOW,SPC:DF_POP_LECZ(1.0),Population living in low elevation coastal zones (0-10m and 0-20m above sea level),I,A,Annual,PN,Pitcairn,LECZPOPRF,Population in low elevation coastal zone in relative frequency,20M,0-20 meters above sea level,2014,,,,PERCENT,percent,,,O,Missing value,,,,
DATAFLOW,SPC:DF_POP_LECZ(1.0),Population living in low elevation coastal zones (0-10m and 0-20m above sea level),I,A,Annual,PN,Pitcairn,LECZPOPRF,Population in low elevation coastal zone in relative frequency,20M,0-20 meters above sea level,2015,,,,PERCENT,percent,,,O,Missing value,,,,
DATAFLOW,SPC:DF_POP_LECZ(1.0),Population living in low elevation coastal zones (0-10m and 0-20m above sea level),I,A,Annual,PN,Pitcairn,LECZPOPRF,Population in low elevation coastal zone in relative frequency,20M,0-20 meters above sea level,2016,,,,PERCENT,percent,,,O,Missing value,,,,
DATAFLOW,SPC:DF_POP_LECZ(1.0),Population living in low elevation coastal zones (0-10m and 0-20m above sea level),I,A,Annual,PN,Pitcairn,LECZPOPRF,Population in low elevation coastal zone in relative frequency,20M,0-20 meters above sea level,2017,,,,PERCENT,percent,,,O,Missing value,,,,
DATAFLOW,SPC:DF_POP_LECZ(1.0),Population living in low elevation coastal zones (0-10m and 0-20m above sea level),I,A,Annual,PN,Pitcairn,LECZPOPRF,Population in low elevation coastal zone in relative frequency,20M,0-20 meters above sea level,2018,,,,PERCENT,percent,,,O,Missing value,,,,
DATAFLOW,SPC:DF_POP_LECZ(1.0),Population living in low elevation coastal zones (0-10m and 0-20m above sea level),I,A,Annual,PN,Pitcairn,LECZPOPRF,Population in low elevation coastal zone in relative frequency,20M,0-20 meters above sea level,2019,,,,PERCENT,percent,,,O,Missing value,,,,
DATAFLOW,SPC:DF_POP_LECZ(1.0),Population living in low elevation coastal zones (0-10m and 0-20m above sea level),I,A,Annual,PN,Pitcairn,LECZPOPRF,Population in low elevation coastal zone in relative frequency,20M,0-20 meters above sea level,2020,,,,PERCENT,percent,,,O,Missing value,,,,
DATAFLOW,SPC:DF_POP_LECZ(1.0),Population living in low elevation coastal zones (0-10m and 0-20m above sea level),I,A,Annual,PN,Pitcairn,LECZPOPRF,Population in low elevation coastal zone in relative frequency,20M,0-20 meters above sea level,2021,,,,PERCENT,percent,,,O,Missing value,,,,
DATAFLOW,SPC:DF_POP_LECZ(1.0),Population living in low elevation coastal zones (0-10m and 0-20m above sea level),I,A,Annual,PN,Pitcairn,LECZPOPRF,Population in low elevation coastal zone in relative frequency,20M,0-20 meters above sea level,2022,,,,PERCENT,percent,,,O,Missing value,,,,
DATAFLOW,SPC:DF_POP_LECZ(1.0),Population living in low elevation coastal zones (0-10m and 0-20m above sea level),I,A,Annual,PN,Pitcairn,LECZPOPRF,Population in low elevation coastal zone in relative frequency,20M,0-20 meters above sea level,2023,,,,PERCENT,percent,,,O,Missing value,,,,
DATAFLOW,SPC:DF_POP_LECZ(1.0),Population living in low elevation coastal zones (0-10m and 0-20m above sea level),I,A,Annual,PN,Pitcairn,LECZPOPRF,Population in low elevation coastal zone in relative frequency,20M,0-20 meters above sea level,2024,,,,PERCENT,percent,,,O,Missing value,,,,
DATAFLOW,SPC:DF_POP_LECZ(1.0),Population living in low elevation coastal zones (0-10m and 0-20m above sea level),I,A,Annual,PG,Papua New Guinea,LECZPOPAF,Population in low elevation coastal zone in absolute frequency,5M,0-5 meters above sea level,2010,,289311,,N,units,,,,,,,This data was estimated based on population census of year 2023,
DATAFLOW,SPC:DF_POP_LECZ(1.0),Population living in low elevation coastal zones (0-10m and 0-20m above sea level),I,A,Annual,PG,Papua New Guinea,LECZPOPAF,Population in low elevation coastal zone in absolute frequency,5M,0-5 meters above sea level,2011,,297869,,N,units,,,,,,,This data was estimated based on population census of year 2023,
DATAFLOW,SPC:DF_POP_LECZ(1.0),Population living in low elevation coastal zones (0-10m and 0-20m above sea level),I,A,Annual,PG,Papua New Guinea,LECZPOPAF,Population in low elevation coastal zone in absolute frequency,5M,0-5 meters above sea level,2012,,306285,,N,units,,,,,,,This data was estimated based on population census of year 2023,
DATAFLOW,SPC:DF_POP_LECZ(1.0),Population living in low elevation coastal zones (0-10m and 0-20m above sea level),I,A,Annual,PG,Papua New Guinea,LECZPOPAF,Population in low elevation coastal zone in absolute frequency,5M,0-5 meters above sea level,2013,,314672,,N,units,,,,,,,This data was estimated based on population census of year 2023,
DATAFLOW,SPC:DF_POP_LECZ(1.0),Population living in low elevation coastal zones (0-10m and 0-20m above sea level),I,A,Annual,PG,Papua New Guinea,LECZPOPAF,Population in low elevation coastal zone in absolute frequency,5M,0-5 meters above sea level,2014,,323038,,N,units,,,,,,,This data was estimated based on population census of year 2023,
DATAFLOW,SPC:DF_POP_LECZ(1.0),Population living in low elevation coastal zones (0-10m and 0-20m above sea level),I,A,Annual,PG,Papua New Guinea,LECZPOPAF,Population in low elevation coastal zone in absolute frequency,5M,0-5 meters above sea level,2015,,331369,,N,units,,,,,,,This data was estimated based on population census of year 2023,
DATAFLOW,SPC:DF_POP_LECZ(1.0),Population living in low elevation coastal zones (0-10m and 0-20m above sea level),I,A,Annual,PG,Papua New Guinea,LECZPOPAF,Population in low elevation coastal zone in absolute frequency,5M,0-5 meters above sea level,2016,,339649,,N,units,,,,,,,This data was estimated based on population census of year 2023,
DATAFLOW,SPC:DF_POP_LECZ(1.0),Population living in low elevation coastal zones (0-10m and 0-20m above sea level),I,A,Annual,PG,Papua New Guinea,LECZPOPAF,Population in low elevation coastal zone in absolute frequency,5M,0-5 meters above sea level,2017,,347873,,N,units,,,,,,,This data was estimated based on population census of year 2023,
DATAFLOW,SPC:DF_POP_LECZ(1.0),Population living in low elevation coastal zones (0-10m and 0-20m above sea level),I,A,Annual,PG,Papua New Guinea,LECZPOPAF,Population in low elevation coastal zone in absolute frequency,5M,0-5 meters above sea level,2018,,356052,,N,units,,,,,,,This data was estimated based on population census of year 2023,
DATAFLOW,SPC:DF_POP_LECZ(1.0),Population living in low elevation coastal zones (0-10m and 0-20m above sea level),I,A,Annual,PG,Papua New Guinea,LECZPOPAF,Population in low elevation coastal zone in absolute frequency,5M,0-5 meters above sea level,2019,,364181,,N,units,,,,,,,This data was estimated based on population census of year 2023,
DATAFLOW,SPC:DF_POP_LECZ(1.0),Population living in low elevation coastal zones (0-10m and 0-20m above sea level),I,A,Annual,PG,Papua New Guinea,LECZPOPAF,Population in low elevation coastal zone in absolute frequency,5M,0-5 meters above sea level,2020,,372017,,N,units,,,,,,,This data was estimated based on population census of year 2023,
DATAFLOW,SPC:DF_POP_LECZ(1.0),Population living in low elevation coastal zones (0-10m and 0-20m above sea level),I,A,Annual,PG,Papua New Guinea,LECZPOPAF,Population in low elevation coastal zone in absolute frequency,5M,0-5 meters above sea level,2021,,379489,,N,units,,,,,,,This data was estimated based on population census of year 2023,
DATAFLOW,SPC:DF_POP_LECZ(1.0),Population living in low elevation coastal zones (0-10m and 0-20m above sea level),I,A,Annual,PG,Papua New Guinea,LECZPOPAF,Population in low elevation coastal zone in absolute frequency,5M,0-5 meters above sea level,2022,,386700,,N,units,,,,,,,This data was estimated based on population census of year 2023,
DATAFLOW,SPC:DF_POP_LECZ(1.0),Population living in low elevation coastal zones (0-10m and 0-20m above sea level),I,A,Annual,PG,Papua New Guinea,LECZPOPAF,Population in low elevation coastal zone in absolute frequency,5M,0-5 meters above sea level,2023,,393767,,N,units,,,,,,,This data was estimated based on population census of year 2023,
DATAFLOW,SPC:DF_POP_LECZ(1.0),Population living in low elevation coastal zones (0-10m and 0-20m above sea level),I,A,Annual,PG,Papua New Guinea,LECZPOPAF,Population in low elevation coastal zone in absolute frequency,5M,0-5 meters above sea level,2024,,400849,,N,units,,,,,,,This data was estimated based on population census of year 2023,
DATAFLOW,SPC:DF_POP_LECZ(1.0),Population living in low elevation coastal zones (0-10m and 0-20m above sea level),I,A,Annual,GU,Guam,LECZPOPAF,Population in low elevation coastal zone in absolute frequency,_T,Total,2010,,166559,,N,units,,,E,Estimated value,,,Estimated mid-year population for year 2010.,
DATAFLOW,SPC:DF_POP_LECZ(1.0),Population living in low elevation coastal zones (0-10m and 0-20m above sea level),I,A,Annual,GU,Guam,LECZPOPAF,Population in low elevation coastal zone in absolute frequency,_T,Total,2011,,166567,,N,units,,,E,Estimated value,,,Estimated mid-year population for year 2011.,
DATAFLOW,SPC:DF_POP_LECZ(1.0),Population living in low elevation coastal zones (0-10m and 0-20m above sea level),I,A,Annual,GU,Guam,LECZPOPAF,Population in low elevation coastal zone in absolute frequency,_T,Total,2012,,166360,,N,units,,,E,Estimated value,,,Estimated mid-year population for year 2012.,
DATAFLOW,SPC:DF_POP_LECZ(1.0),Population living in low elevation coastal zones (0-10m and 0-20m above sea level),I,A,Annual,GU,Guam,LECZPOPAF,Population in low elevation coastal zone in absolute frequency,_T,Total,2013,,165990,,N,units,,,E,Estimated value,,,Estimated mid-year population for year 2013.,
DATAFLOW,SPC:DF_POP_LECZ(1.0),Population living in low elevation coastal zones (0-10m and 0-20m above sea level),I,A,Annual,GU,Guam,LECZPOPAF,Population in low elevation coastal zone in absolute frequency,_T,Total,2014,,165509,,N,units,,,E,Estimated value,,,Estimated mid-year population for year 2014.,
DATAFLOW,SPC:DF_POP_LECZ(1.0),Population living in low elevation coastal zones (0-10m and 0-20m above sea level),I,A,Annual,GU,Guam,LECZPOPAF,Population in low elevation coastal zone in absolute frequency,_T,Total,2015,,164934,,N,units,,,E,Estimated value,,,Estimated mid-year population for year 2015.,
DATAFLOW,SPC:DF_POP_LECZ(1.0),Population living in low elevation coastal zones (0-10m and 0-20m above sea level),I,A,Annual,GU,Guam,LECZPOPAF,Population in low elevation coastal zone in absolute frequency,_T,Total,2016,,164259,,N,units,,,E,Estimated value,,,Estimated mid-year population for year 2016.,
DATAFLOW,SPC:DF_POP_LECZ(1.0),Population living in low elevation coastal zones (0-10m and 0-20m above sea level),I,A,Annual,GU,Guam,LECZPOPAF,Population in low elevation coastal zone in absolute frequency,_T,Total,2017,,163521,,N,units,,,E,Estimated value,,,Estimated mid-year population for year 2017.,
DATAFLOW,SPC:DF_POP_LECZ(1.0),Population living in low elevation coastal zones (0-10m and 0-20m above sea level),I,A,Annual,GU,Guam,LECZPOPAF,Population in low elevation coastal zone in absolute frequency,_T,Total,2018,,162709,,N,units,,,E,Estimated value,,,Estimated mid-year population for year 2018.,
DATAFLOW,SPC:DF_POP_LECZ(1.0),Population living in low elevation coastal zones (0-10m and 0-20m above sea level),I,A,Annual,GU,Guam,LECZPOPAF,Population in low elevation coastal zone in absolute frequency,_T,Total,2019,,161839,,N,units,,,E,Estimated value,,,Estimated mid-year population for year 2019.,
DATAFLOW,SPC:DF_POP_LECZ(1.0),Population living in low elevation coastal zones (0-10m and 0-20m above sea level),I,A,Annual,GU,Guam,LECZPOPAF,Population in low elevation coastal zone in absolute frequency,_T,Total,2020,,162185,,N,units,,,E,Estimated value,,,Estimated mid-year population for year 2020.,
DATAFLOW,SPC:DF_POP_LECZ(1.0),Population living in low elevation coastal zones (0-10m and 0-20m above sea level),I,A,Annual,GU,Guam,LECZPOPAF,Population in low elevation coastal zone in absolute frequency,_T,Total,2021,,163760,,N,units,,,E,Estimated value,,,Estimated mid-year population for year 2021.,
DATAFLOW,SPC:DF_POP_LECZ(1.0),Population living in low elevation coastal zones (0-10m and 0-20m above sea level),I,A,Annual,MP,Northern Mariana Islands,LECZPOPRF,Population in low elevation coastal zone in relative frequency,20M,0-20 meters above sea level,2010,,39,,PERCENT,percent,,,E,Estimated value,,,This data was estimated based on population census of year 2023,
DATAFLOW,SPC:DF_POP_LECZ(1.0),Population living in low elevation coastal zones (0-10m and 0-20m above sea level),I,A,Annual,MP,Northern Mariana Islands,LECZPOPRF,Population in low elevation coastal zone in relative frequency,20M,0-20 meters above sea level,2011,,39,,PERCENT,percent,,,E,Estimated value,,,This data was estimated based on population census of year 2023,
DATAFLOW,SPC:DF_POP_LECZ(1.0),Population living in low elevation coastal zones (0-10m and 0-20m above sea level),I,A,Annual,MP,Northern Mariana Islands,LECZPOPRF,Population in low elevation coastal zone in relative frequency,20M,0-20 meters above sea level,2012,,39,,PERCENT,percent,,,E,Estimated value,,,This data was estimated based on population census of year 2023,
DATAFLOW,SPC:DF_POP_LECZ(1.0),Population living in low elevation coastal zones (0-10m and 0-20m above sea level),I,A,Annual,MP,Northern Mariana Islands,LECZPOPRF,Population in low elevation coastal zone in relative frequency,20M,0-20 meters above sea level,2013,,39,,PERCENT,percent,,,E,Estimated value,,,This data was estimated based on population census of year 2023,
DATAFLOW,SPC:DF_POP_LECZ(1.0),Population living in low elevation coastal zones (0-10m and 0-20m above sea level),I,A,Annual,MP,Northern Mariana Islands,LECZPOPRF,Population in low elevation coastal zone in relative frequency,20M,0-20 meters above sea level,2014,,39,,PERCENT,percent,,,E,Estimated value,,,This data was estimated based on population census of year 2023,
DATAFLOW,SPC:DF_POP_LECZ(1.0),Population living in low elevation coastal zones (0-10m and 0-20m above sea level),I,A,Annual,MP,Northern Mariana Islands,LECZPOPRF,Population in low elevation coastal zone in relative frequency,20M,0-20 meters above sea level,2015,,39,,PERCENT,percent,,,E,Estimated value,,,This data was estimated based on population census of year 2023,
DATAFLOW,SPC:DF_POP_LECZ(1.0),Population living in low elevation coastal zones (0-10m and 0-20m above sea level),I,A,Annual,MP,Northern Mariana Islands,LECZPOPRF,Population in low elevation coastal zone in relative frequency,20M,0-20 meters above sea level,2016,,39,,PERCENT,percent,,,E,Estimated value,,,This data was estimated based on population census of year 2023,
DATAFLOW,SPC:DF_POP_LECZ(1.0),Population living in low elevation coastal zones (0-10m and 0-20m above sea level),I,A,Annual,MP,Northern Mariana Islands,LECZPOPRF,Population in low elevation coastal zone in relative frequency,20M,0-20 meters above sea level,2017,,39,,PERCENT,percent,,,E,Estimated value,,,This data was estimated based on population census of year 2023,
DATAFLOW,SPC:DF_POP_LECZ(1.0),Population living in low elevation coastal zones (0-10m and 0-20m above sea level),I,A,Annual,MP,Northern Mariana Islands,LECZPOPRF,Population in low elevation coastal zone in relative frequency,20M,0-20 meters above sea level,2018,,39,,PERCENT,percent,,,E,Estimated value,,,This data was estimated based on population census of year 2023,
DATAFLOW,SPC:DF_POP_LECZ(1.0),Population living in low elevation coastal zones (0-10m and 0-20m above sea level),I,A,Annual,MP,Northern Mariana Islands,LECZPOPRF,Population in low elevation coastal zone in relative frequency,20M,0-20 meters above sea level,2019,,39,,PERCENT,percent,,,E,Estimated value,,,This data was estimated based on population census of year 2023,
DATAFLOW,SPC:DF_POP_LECZ(1.0),Population living in low elevation coastal zones (0-10m and 0-20m above sea level),I,A,Annual,MP,Northern Mariana Islands,LECZPOPRF,Population in low elevation coastal zone in relative frequency,20M,0-20 meters above sea level,2020,,39,,PERCENT,percent,,,E,Estimated value,,,This data was estimated based on population census of year 2023,
DATAFLOW,SPC:DF_POP_LECZ(1.0),Population living in low elevation coastal zones (0-10m and 0-20m above sea level),I,A,Annual,MP,Northern Mariana Islands,LECZPOPRF,Population in low elevation coastal zone in relative frequency,20M,0-20 meters above sea level,2021,,39,,PERCENT,percent,,,E,Estimated value,,,This data was estimated based on population census of year 2023,
DATAFLOW,SPC:DF_POP_LECZ(1.0),Population living in low elevation coastal zones (0-10m and 0-20m above sea level),I,A,Annual,MP,Northern Mariana Islands,LECZPOPRF,Population in low elevation coastal zone in relative frequency,20M,0-20 meters above sea level,2022,,43,,PERCENT,percent,,,,,,,This data was estimated based on population census of year 2023,
DATAFLOW,SPC:DF_POP_LECZ(1.0),Population living in low elevation coastal zones (0-10m and 0-20m above sea level),I,A,Annual,MP,Northern Mariana Islands,LECZPOPRF,Population in low elevation coastal zone in relative frequency,20M,0-20 meters above sea level,2023,,43,,PERCENT,percent,,,,,,,This data was estimated based on population census of year 2023,
DATAFLOW,SPC:DF_POP_LECZ(1.0),Population living in low elevation coastal zones (0-10m and 0-20m above sea level),I,A,Annual,MP,Northern Mariana Islands,LECZPOPRF,Population in low elevation coastal zone in relative frequency,20M,0-20 meters above sea level,2024,,43,,PERCENT,percent,,,,,,,This data was estimated based on population census of year 2023,
DATAFLOW,SPC:DF_POP_LECZ(1.0),Population living in low elevation coastal zones (0-10m and 0-20m above sea level),I,A,Annual,CK,Cook Islands,LECZPOPRF,Population in low elevation coastal zone in relative frequency,10M,0-10 meters above sea level,2010,,33,,PERCENT,percent,,,E,Estimated value,,,This data was estimated based on population census of year 2021,
DATAFLOW,SPC:DF_POP_LECZ(1.0),Population living in low elevation coastal zones (0-10m and 0-20m above sea level),I,A,Annual,CK,Cook Islands,LECZPOPRF,Population in low elevation coastal zone in relative frequency,10M,0-10 meters above sea level,2011,,33,,PERCENT,percent,,,E,Estimated value,,,This data was estimated based on population census of year 2021,
DATAFLOW,SPC:DF_POP_LECZ(1.0),Population living in low elevation coastal zones (0-10m and 0-20m above sea level),I,A,Annual,CK,Cook Islands,LECZPOPRF,Population in low elevation coastal zone in relative frequency,10M,0-10 meters above sea level,2012,,33,,PERCENT,percent,,,E,Estimated value,,,This data was estimated based on population census of year 2021,
DATAFLOW,SPC:DF_POP_LECZ(1.0),Population living in low elevation coastal zones (0-10m and 0-20m above sea level),I,A,Annual,CK,Cook Islands,LECZPOPRF,Population in low elevation coastal zone in relative frequency,10M,0-10 meters above sea level,2013,,33,,PERCENT,percent,,,E,Estimated value,,,This data was estimated based on population census of year 2021,
DATAFLOW,SPC:DF_POP_LECZ(1.0),Population living in low elevation coastal zones (0-10m and 0-20m above sea level),I,A,Annual,CK,Cook Islands,LECZPOPRF,Population in low elevation coastal zone in relative frequency,10M,0-10 meters above sea level,2014,,33,,PERCENT,percent,,,E,Estimated value,,,This data was estimated based on population census of year 2021,
DATAFLOW,SPC:DF_POP_LECZ(1.0),Population living in low elevation coastal zones (0-10m and 0-20m above sea level),I,A,Annual,CK,Cook Islands,LECZPOPRF,Population in low elevation coastal zone in relative frequency,10M,0-10 meters above sea level,2015,,33,,PERCENT,percent,,,E,Estimated value,,,This data was estimated based on population census of year 2021,
DATAFLOW,SPC:DF_POP_LECZ(1.0),Population living in low elevation coastal zones (0-10m and 0-20m above sea level),I,A,Annual,CK,Cook Islands,LECZPOPRF,Population in low elevation coastal zone in relative frequency,10M,0-10 meters above sea level,2016,,33,,PERCENT,percent,,,E,Estimated value,,,This data was estimated based on population census of year 2021,
DATAFLOW,SPC:DF_POP_LECZ(1.0),Population living in low elevation coastal zones (0-10m and 0-20m above sea level),I,A,Annual,CK,Cook Islands,LECZPOPRF,Population in low elevation coastal zone in relative frequency,10M,0-10 meters above sea level,2017,,33,,PERCENT,percent,,,E,Estimated value,,,This data was estimated based on population census of year 2021,
DATAFLOW,SPC:DF_POP_LECZ(1.0),Population living in low elevation coastal zones (0-10m and 0-20m above sea level),I,A,Annual,CK,Cook Islands,LECZPOPRF,Population in low elevation coastal zone in relative frequency,10M,0-10 meters above sea level,2018,,33,,PERCENT,percent,,,E,Estimated value,,,This data was estimated based on population census of year 2021,
DATAFLOW,SPC:DF_POP_LECZ(1.0),Population living in low elevation coastal zones (0-10m and 0-20m above sea level),I,A,Annual,CK,Cook Islands,LECZPOPRF,Population in low elevation coastal zone in relative frequency,10M,0-10 meters above sea level,2019,,33,,PERCENT,percent,,,E,Estimated value,,,This data was estimated based on population census of year 2021,
DATAFLOW,SPC:DF_POP_LECZ(1.0),Population living in low elevation coastal zones (0-10m and 0-20m above sea level),I,A,Annual,CK,Cook Islands,LECZPOPRF,Population in low elevation coastal zone in relative frequency,10M,0-10 meters above sea level,2020,,33,,PERCENT,percent,,,E,Estimated value,,,This data was estimated based on population census of year 2021,
DATAFLOW,SPC:DF_POP_LECZ(1.0),Population living in low elevation coastal zones (0-10m and 0-20m above sea level),I,A,Annual,CK,Cook Islands,LECZPOPRF,Population in low elevation coastal zone in relative frequency,10M,0-10 meters above sea level,2021,,33,,PERCENT,percent,,,E,Estimated value,,,This data was estimated based on population census of year 2021,
DATAFLOW,SPC:DF_POP_LECZ(1.0),Population living in low elevation coastal zones (0-10m and 0-20m above sea level),I,A,Annual,CK,Cook Islands,LECZPOPRF,Population in low elevation coastal zone in relative frequency,10M,0-10 meters above sea level,2022,,31,,PERCENT,percent,,,,,,,This data was estimated based on population census of year 2021,
DATAFLOW,SPC:DF_POP_LECZ(1.0),Population living in low elevation coastal zones (0-10m and 0-20m above sea level),I,A,Annual,CK,Cook Islands,LECZPOPRF,Population in low elevation coastal zone in relative frequency,10M,0-10 meters above sea level,2023,,31,,PERCENT,percent,,,,,,,This data was estimated based on population census of year 2021,
DATAFLOW,SPC:DF_POP_LECZ(1.0),Population living in low elevation coastal zones (0-10m and 0-20m above sea level),I,A,Annual,CK,Cook Islands,LECZPOPRF,Population in low elevation coastal zone in relative frequency,10M,0-10 meters above sea level,2024,,31,,PERCENT,percent,,,,,,,This data was estimated based on population census of year 2021,
DATAFLOW,SPC:DF_POP_LECZ(1.0),Population living in low elevation coastal zones (0-10m and 0-20m above sea level),I,A,Annual,WF,Wallis and Futuna,LECZPOPAF,Population in low elevation coastal zone in absolute frequency,5M,0-5 meters above sea level,2010,,1977,,N,units,,,,,,,This data was estimated based on population census of year 2023,
DATAFLOW,SPC:DF_POP_LECZ(1.0),Population living in low elevation coastal zones (0-10m and 0-20m above sea level),I,A,Annual,WF,Wallis and Futuna,LECZPOPAF,Population in low elevation coastal zone in absolute frequency,5M,0-5 meters above sea level,2011,,1941,,N,units,,,,,,,This data was estimated based on population census of year 2023,
DATAFLOW,SPC:DF_POP_LECZ(1.0),Population living in low elevation coastal zones (0-10m and 0-20m above sea level),I,A,Annual,WF,Wallis and Futuna,LECZPOPAF,Population in low elevation coastal zone in absolute frequency,5M,0-5 meters above sea level,2012,,1906,,N,units,,,,,,,This data was estimated based on population census of year 2023,
DATAFLOW,SPC:DF_POP_LECZ(1.0),Population living in low elevation coastal zones (0-10m and 0-20m above sea level),I,A,Annual,WF,Wallis and Futuna,LECZPOPAF,Population in low elevation coastal zone in absolute frequency,5M,0-5 meters above sea level,2013,,1874,,N,units,,,,,,,This data was estimated based on population census of year 2023,
DATAFLOW,SPC:DF_POP_LECZ(1.0),Population living in low elevation coastal zones (0-10m and 0-20m above sea level),I,A,Annual,WF,Wallis and Futuna,LECZPOPAF,Population in low elevation coastal zone in absolute frequency,5M,0-5 meters above sea level,2014,,1848,,N,units,,,,,,,This data was estimated based on population census of year 2023,
DATAFLOW,SPC:DF_POP_LECZ(1.0),Population living in low elevation coastal zones (0-10m and 0-20m above sea level),I,A,Annual,WF,Wallis and Futuna,LECZPOPAF,Population in low elevation coastal zone in absolute frequency,5M,0-5 meters above sea level,2015,,1826,,N,units,,,,,,,This data was estimated based on population census of year 2023,
DATAFLOW,SPC:DF_POP_LECZ(1.0),Population living in low elevation coastal zones (0-10m and 0-20m above sea level),I,A,Annual,WF,Wallis and Futuna,LECZPOPAF,Population in low elevation coastal zone in absolute frequency,5M,0-5 meters above sea level,2016,,1807,,N,units,,,,,,,This data was estimated based on population census of year 2023,
DATAFLOW,SPC:DF_POP_LECZ(1.0),Population living in low elevation coastal zones (0-10m and 0-20m above sea level),I,A,Annual,WF,Wallis and Futuna,LECZPOPAF,Population in low elevation coastal zone in absolute frequency,5M,0-5 meters above sea level,2017,,1790,,N,units,,,,,,,This data was estimated based on population census of year 2023,
DATAFLOW,SPC:DF_POP_LECZ(1.0),Population living in low elevation coastal zones (0-10m and 0-20m above sea level),I,A,Annual,WF,Wallis and Futuna,LECZPOPAF,Population in low elevation coastal zone in absolute frequency,5M,0-5 meters above sea level,2018,,1772,,N,units,,,,,,,This data was estimated based on population census of year 2023,
DATAFLOW,SPC:DF_POP_LECZ(1.0),Population living in low elevation coastal zones (0-10m and 0-20m above sea level),I,A,Annual,WF,Wallis and Futuna,LECZPOPAF,Population in low elevation coastal zone in absolute frequency,5M,0-5 meters above sea level,2019,,1755,,N,units,,,,,,,This data was estimated based on population census of year 2023,
DATAFLOW,SPC:DF_POP_LECZ(1.0),Population living in low elevation coastal zones (0-10m and 0-20m above sea level),I,A,Annual,WF,Wallis and Futuna,LECZPOPAF,Population in low elevation coastal zone in absolute frequency,5M,0-5 meters above sea level,2020,,1745,,N,units,,,,,,,This data was estimated based on population census of year 2023,
DATAFLOW,SPC:DF_POP_LECZ(1.0),Population living in low elevation coastal zones (0-10m and 0-20m above sea level),I,A,Annual,WF,Wallis and Futuna,LECZPOPAF,Population in low elevation coastal zone in absolute frequency,5M,0-5 meters above sea level,2021,,1737,,N,units,,,,,,,This data was estimated based on population census of year 2023,
DATAFLOW,SPC:DF_POP_LECZ(1.0),Population living in low elevation coastal zones (0-10m and 0-20m above sea level),I,A,Annual,WF,Wallis and Futuna,LECZPOPAF,Population in low elevation coastal zone in absolute frequency,5M,0-5 meters above sea level,2022,,1724,,N,units,,,,,,,This data was estimated based on population census of year 2023,
DATAFLOW,SPC:DF_POP_LECZ(1.0),Population living in low elevation coastal zones (0-10m and 0-20m above sea level),I,A,Annual,WF,Wallis and Futuna,LECZPOPAF,Population in low elevation coastal zone in absolute frequency,5M,0-5 meters above sea level,2023,,1708,,N,units,,,,,,,This data was estimated based on population census of year 2023,
DATAFLOW,SPC:DF_POP_LECZ(1.0),Population living in low elevation coastal zones (0-10m and 0-20m above sea level),I,A,Annual,WF,Wallis and Futuna,LECZPOPAF,Population in low elevation coastal zone in absolute frequency,5M,0-5 meters above sea level,2024,,1694,,N,units,,,,,,,This data was estimated based on population census of year 2023,
DATAFLOW,SPC:DF_POP_LECZ(1.0),Population living in low elevation coastal zones (0-10m and 0-20m above sea level),I,A,Annual,WS,Samoa,LECZPOPAF,Population in low elevation coastal zone in absolute frequency,_T,Total,2010,,193058,,N,units,,,E,Estimated value,,,Estimated mid-year population for year 2010.,
DATAFLOW,SPC:DF_POP_LECZ(1.0),Population living in low elevation coastal zones (0-10m and 0-20m above sea level),I,A,Annual,WS,Samoa,LECZPOPAF,Population in low elevation coastal zone in absolute frequency,_T,Total,2011,,194745,,N,units,,,E,Estimated value,,,Estimated mid-year population for year 2011.,
DATAFLOW,SPC:DF_POP_LECZ(1.0),Population living in low elevation coastal zones (0-10m and 0-20m above sea level),I,A,Annual,WS,Samoa,LECZPOPAF,Population in low elevation coastal zone in absolute frequency,_T,Total,2012,,196534,,N,units,,,E,Estimated value,,,Estimated mid-year population for year 2012.,
DATAFLOW,SPC:DF_POP_LECZ(1.0),Population living in low elevation coastal zones (0-10m and 0-20m above sea level),I,A,Annual,WS,Samoa,LECZPOPAF,Population in low elevation coastal zone in absolute frequency,_T,Total,2013,,198302,,N,units,,,E,Estimated value,,,Estimated mid-year population for year 2013.,
DATAFLOW,SPC:DF_POP_LECZ(1.0),Population living in low elevation coastal zones (0-10m and 0-20m above sea level),I,A,Annual,WS,Samoa,LECZPOPAF,Population in low elevation coastal zone in absolute frequency,_T,Total,2014,,200073,,N,units,,,E,Estimated value,,,Estimated mid-year population for year 2014.,
DATAFLOW,SPC:DF_POP_LECZ(1.0),Population living in low elevation coastal zones (0-10m and 0-20m above sea level),I,A,Annual,WS,Samoa,LECZPOPAF,Population in low elevation coastal zone in absolute frequency,_T,Total,2015,,201818,,N,units,,,E,Estimated value,,,Estimated mid-year population for year 2015.,
DATAFLOW,SPC:DF_POP_LECZ(1.0),Population living in low elevation coastal zones (0-10m and 0-20m above sea level),I,A,Annual,WS,Samoa,LECZPOPAF,Population in low elevation coastal zone in absolute frequency,_T,Total,2016,,203531,,N,units,,,E,Estimated value,,,Estimated mid-year population for year 2016.,
DATAFLOW,SPC:DF_POP_LECZ(1.0),Population living in low elevation coastal zones (0-10m and 0-20m above sea level),I,A,Annual,WS,Samoa,LECZPOPAF,Population in low elevation coastal zone in absolute frequency,_T,Total,2017,,205440,,N,units,,,E,Estimated value,,,Estimated mid-year population for year 2017.,
DATAFLOW,SPC:DF_POP_LECZ(1.0),Population living in low elevation coastal zones (0-10m and 0-20m above sea level),I,A,Annual,WS,Samoa,LECZPOPAF,Population in low elevation coastal zone in absolute frequency,_T,Total,2018,,207617,,N,units,,,E,Estimated value,,,Estimated mid-year population for year 2018.,
DATAFLOW,SPC:DF_POP_LECZ(1.0),Population living in low elevation coastal zones (0-10m and 0-20m above sea level),I,A,Annual,WS,Samoa,LECZPOPAF,Population in low elevation coastal zone in absolute frequency,_T,Total,2019,,209812,,N,units,,,E,Estimated value,,,Estimated mid-year population for year 2019.,
DATAFLOW,SPC:DF_POP_LECZ(1.0),Population living in low elevation coastal zones (0-10m and 0-20m above sea level),I,A,Annual,WS,Samoa,LECZPOPAF,Population in low elevation coastal zone in absolute frequency,_T,Total,2020,,211975,,N,units,,,E,Estimated value,,,Estimated mid-year population for year 2020.,
DATAFLOW,SPC:DF_POP_LECZ(1.0),Population living in low elevation coastal zones (0-10m and 0-20m above sea level),I,A,Annual,WS,Samoa,LECZPOPAF,Population in low elevation coastal zone in absolute frequency,_T,Total,2021,,213808,,N,units,,,E,Estimated value,,,Estimated mid-year population for year 2021.,
DATAFLOW,SPC:DF_POP_LECZ(1.0),Population living in low elevation coastal zones (0-10m and 0-20m above sea level),I,A,Annual,TO,Tonga,LECZPOPAF,Population in low elevation coastal zone in absolute frequency,10M,0-10 meters above sea level,2010,,60166,,N,units,,,E,Estimated value,,,This data was estimated based on population census of year 2021,
DATAFLOW,SPC:DF_POP_LECZ(1.0),Population living in low elevation coastal zones (0-10m and 0-20m above sea level),I,A,Annual,TO,Tonga,LECZPOPAF,Population in low elevation coastal zone in absolute frequency,10M,0-10 meters above sea level,2011,,60262,,N,units,,,E,Estimated value,,,This data was estimated based on population census of year 2021,
DATAFLOW,SPC:DF_POP_LECZ(1.0),Population living in low elevation coastal zones (0-10m and 0-20m above sea level),I,A,Annual,TO,Tonga,LECZPOPAF,Population in low elevation coastal zone in absolute frequency,10M,0-10 meters above sea level,2012,,60202,,N,units,,,E,Estimated value,,,This data was estimated based on population census of year 2021,
DATAFLOW,SPC:DF_POP_LECZ(1.0),Population living in low elevation coastal zones (0-10m and 0-20m above sea level),I,A,Annual,TO,Tonga,LECZPOPAF,Population in low elevation coastal zone in absolute frequency,10M,0-10 meters above sea level,2013,,59985,,N,units,,,E,Estimated value,,,This data was estimated based on population census of year 2021,
DATAFLOW,SPC:DF_POP_LECZ(1.0),Population living in low elevation coastal zones (0-10m and 0-20m above sea level),I,A,Annual,TO,Tonga,LECZPOPAF,Population in low elevation coastal zone in absolute frequency,10M,0-10 meters above sea level,2014,,59725,,N,units,,,E,Estimated value,,,This data was estimated based on population census of year 2021,
DATAFLOW,SPC:DF_POP_LECZ(1.0),Population living in low elevation coastal zones (0-10m and 0-20m above sea level),I,A,Annual,TO,Tonga,LECZPOPAF,Population in low elevation coastal zone in absolute frequency,10M,0-10 meters above sea level,2015,,59434,,N,units,,,E,Estimated value,,,This data was estimated based on population census of year 2021,
DATAFLOW,SPC:DF_POP_LECZ(1.0),Population living in low elevation coastal zones (0-10m and 0-20m above sea level),I,A,Annual,TO,Tonga,LECZPOPAF,Population in low elevation coastal zone in absolute frequency,10M,0-10 meters above sea level,2016,,59116,,N,units,,,E,Estimated value,,,This data was estimated based on population census of year 2021,
DATAFLOW,SPC:DF_POP_LECZ(1.0),Population living in low elevation coastal zones (0-10m and 0-20m above sea level),I,A,Annual,TO,Tonga,LECZPOPAF,Population in low elevation coastal zone in absolute frequency,10M,0-10 meters above sea level,2017,,59019,,N,units,,,E,Estimated value,,,This data was estimated based on population census of year 2021,
DATAFLOW,SPC:DF_POP_LECZ(1.0),Population living in low elevation coastal zones (0-10m and 0-20m above sea level),I,A,Annual,TO,Tonga,LECZPOPAF,Population in low elevation coastal zone in absolute frequency,10M,0-10 meters above sea level,2018,,59141,,N,units,,,E,Estimated value,,,This data was estimated based on population census of year 2021,
DATAFLOW,SPC:DF_POP_LECZ(1.0),Population living in low elevation coastal zones (0-10m and 0-20m above sea level),I,A,Annual,TO,Tonga,LECZPOPAF,Population in low elevation coastal zone in absolute frequency,10M,0-10 meters above sea level,2019,,59197,,N,units,,,E,Estimated value,,,This data was estimated based on population census of year 2021,
DATAFLOW,SPC:DF_POP_LECZ(1.0),Population living in low elevation coastal zones (0-10m and 0-20m above sea level),I,A,Annual,TO,Tonga,LECZPOPAF,Population in low elevation coastal zone in absolute frequency,10M,0-10 meters above sea level,2020,,59216,,N,units,,,E,Estimated value,,,This data was estimated based on population census of year 2021,
DATAFLOW,SPC:DF_POP_LECZ(1.0),Population living in low elevation coastal zones (0-10m and 0-20m above sea level),I,A,Annual,TO,Tonga,LECZPOPAF,Population in low elevation coastal zone in absolute frequency,10M,0-10 meters above sea level,2021,,59094,,N,units,,,E,Estimated value,,,This data was estimated based on population census of year 2021,
DATAFLOW,SPC:DF_POP_LECZ(1.0),Population living in low elevation coastal zones (0-10m and 0-20m above sea level),I,A,Annual,TO,Tonga,LECZPOPAF,Population in low elevation coastal zone in absolute frequency,10M,0-10 meters above sea level,2022,,28845,,N,units,,,,,,,This data was estimated based on population census of year 2021,
DATAFLOW,SPC:DF_POP_LECZ(1.0),Population living in low elevation coastal zones (0-10m and 0-20m above sea level),I,A,Annual,TO,Tonga,LECZPOPAF,Population in low elevation coastal zone in absolute frequency,10M,0-10 meters above sea level,2023,,28722,,N,units,,,,,,,This data was estimated based on population census of year 2021,
DATAFLOW,SPC:DF_POP_LECZ(1.0),Population living in low elevation coastal zones (0-10m and 0-20m above sea level),I,A,Annual,TO,Tonga,LECZPOPAF,Population in low elevation coastal zone in absolute frequency,10M,0-10 meters above sea level,2024,,28607,,N,units,,,,,,,This data was estimated based on population census of year 2021,
DATAFLOW,SPC:DF_POP_LECZ(1.0),Population living in low elevation coastal zones (0-10m and 0-20m above sea level),I,A,Annual,WS,Samoa,LECZPOPRF,Population in low elevation coastal zone in relative frequency,5M,0-5 meters above sea level,2010,,5,,PERCENT,percent,,,,,,,This data was estimated based on population census of year 2023,
DATAFLOW,SPC:DF_POP_LECZ(1.0),Population living in low elevation coastal zones (0-10m and 0-20m above sea level),I,A,Annual,WS,Samoa,LECZPOPRF,Population in low elevation coastal zone in relative frequency,5M,0-5 meters above sea level,2011,,5,,PERCENT,percent,,,,,,,This data was estimated based on population census of year 2023,
DATAFLOW,SPC:DF_POP_LECZ(1.0),Population living in low elevation coastal zones (0-10m and 0-20m above sea level),I,A,Annual,WS,Samoa,LECZPOPRF,Population in low elevation coastal zone in relative frequency,5M,0-5 meters above sea level,2012,,5,,PERCENT,percent,,,,,,,This data was estimated based on population census of year 2023,
DATAFLOW,SPC:DF_POP_LECZ(1.0),Population living in low elevation coastal zones (0-10m and 0-20m above sea level),I,A,Annual,WS,Samoa,LECZPOPRF,Population in low elevation coastal zone in relative frequency,5M,0-5 meters above sea level,2013,,5,,PERCENT,percent,,,,,,,This data was estimated based on population census of year 2023,
DATAFLOW,SPC:DF_POP_LECZ(1.0),Population living in low elevation coastal zones (0-10m and 0-20m above sea level),I,A,Annual,WS,Samoa,LECZPOPRF,Population in low elevation coastal zone in relative frequency,5M,0-5 meters above sea level,2014,,5,,PERCENT,percent,,,,,,,This data was estimated based on population census of year 2023,
DATAFLOW,SPC:DF_POP_LECZ(1.0),Population living in low elevation coastal zones (0-10m and 0-20m above sea level),I,A,Annual,WS,Samoa,LECZPOPRF,Population in low elevation coastal zone in relative frequency,5M,0-5 meters above sea level,2015,,5,,PERCENT,percent,,,,,,,This data was estimated based on population census of year 2023,
DATAFLOW,SPC:DF_POP_LECZ(1.0),Population living in low elevation coastal zones (0-10m and 0-20m above sea level),I,A,Annual,WS,Samoa,LECZPOPRF,Population in low elevation coastal zone in relative frequency,5M,0-5 meters above sea level,2016,,5,,PERCENT,percent,,,,,,,This data was estimated based on population census of year 2023,
DATAFLOW,SPC:DF_POP_LECZ(1.0),Population living in low elevation coastal zones (0-10m and 0-20m above sea level),I,A,Annual,WS,Samoa,LECZPOPRF,Population in low elevation coastal zone in relative frequency,5M,0-5 meters above sea level,2017,,5,,PERCENT,percent,,,,,,,This data was estimated based on population census of year 2023,
DATAFLOW,SPC:DF_POP_LECZ(1.0),Population living in low elevation coastal zones (0-10m and 0-20m above sea level),I,A,Annual,WS,Samoa,LECZPOPRF,Population in low elevation coastal zone in relative frequency,5M,0-5 meters above sea level,2018,,5,,PERCENT,percent,,,,,,,This data was estimated based on population census of year 2023,
DATAFLOW,SPC:DF_POP_LECZ(1.0),Population living in low elevation coastal zones (0-10m and 0-20m above sea level),I,A,Annual,WS,Samoa,LECZPOPRF,Population in low elevation coastal zone in relative frequency,5M,0-5 meters above sea level,2019,,5,,PERCENT,percent,,,,,,,This data was estimated based on population census of year 2023,
DATAFLOW,SPC:DF_POP_LECZ(1.0),Population living in low elevation coastal zones (0-10m and 0-20m above sea level),I,A,Annual,WS,Samoa,LECZPOPRF,Population in low elevation coastal zone in relative frequency,5M,0-5 meters above sea level,2020,,5,,PERCENT,percent,,,,,,,This data was estimated based on population census of year 2023,
DATAFLOW,SPC:DF_POP_LECZ(1.0),Population living in low elevation coastal zones (0-10m and 0-20m above sea level),I,A,Annual,WS,Samoa,LECZPOPRF,Population in low elevation coastal zone in relative frequency,5M,0-5 meters above sea level,2021,,5,,PERCENT,percent,,,,,,,This data was estimated based on population census of year 2023,
DATAFLOW,SPC:DF_POP_LECZ(1.0),Population living in low elevation coastal zones (0-10m and 0-20m above sea level),I,A,Annual,WS,Samoa,LECZPOPRF,Population in low elevation coastal zone in relative frequency,5M,0-5 meters above sea level,2022,,5,,PERCENT,percent,,,,,,,This data was estimated based on population census of year 2023,
DATAFLOW,SPC:DF_POP_LECZ(1.0),Population living in low elevation coastal zones (0-10m and 0-20m above sea level),I,A,Annual,WS,Samoa,LECZPOPRF,Population in low elevation coastal zone in relative frequency,5M,0-5 meters above sea level,2023,,5,,PERCENT,percent,,,,,,,This data was estimated based on population census of year 2023,
DATAFLOW,SPC:DF_POP_LECZ(1.0),Population living in low elevation coastal zones (0-10m and 0-20m above sea level),I,A,Annual,WS,Samoa,LECZPOPRF,Population in low elevation coastal zone in relative frequency,5M,0-5 meters above sea level,2024,,5,,PERCENT,percent,,,,,,,This data was estimated based on population census of year 2023,
DATAFLOW,SPC:DF_POP_LECZ(1.0),Population living in low elevation coastal zones (0-10m and 0-20m above sea level),I,A,Annual,TO,Tonga,LECZPOPAF,Population in low elevation coastal zone in absolute frequency,20M,0-20 meters above sea level,2010,,83802,,N,units,,,E,Estimated value,,,This data was estimated based on population census of year 2021,
DATAFLOW,SPC:DF_POP_LECZ(1.0),Population living in low elevation coastal zones (0-10m and 0-20m above sea level),I,A,Annual,TO,Tonga,LECZPOPAF,Population in low elevation coastal zone in absolute frequency,20M,0-20 meters above sea level,2011,,83937,,N,units,,,E,Estimated value,,,This data was estimated based on population census of year 2021,
DATAFLOW,SPC:DF_POP_LECZ(1.0),Population living in low elevation coastal zones (0-10m and 0-20m above sea level),I,A,Annual,TO,Tonga,LECZPOPAF,Population in low elevation coastal zone in absolute frequency,20M,0-20 meters above sea level,2012,,83853,,N,units,,,E,Estimated value,,,This data was estimated based on population census of year 2021,
DATAFLOW,SPC:DF_POP_LECZ(1.0),Population living in low elevation coastal zones (0-10m and 0-20m above sea level),I,A,Annual,TO,Tonga,LECZPOPAF,Population in low elevation coastal zone in absolute frequency,20M,0-20 meters above sea level,2013,,83550,,N,units,,,E,Estimated value,,,This data was estimated based on population census of year 2021,
DATAFLOW,SPC:DF_POP_LECZ(1.0),Population living in low elevation coastal zones (0-10m and 0-20m above sea level),I,A,Annual,TO,Tonga,LECZPOPAF,Population in low elevation coastal zone in absolute frequency,20M,0-20 meters above sea level,2014,,83189,,N,units,,,E,Estimated value,,,This data was estimated based on population census of year 2021,
DATAFLOW,SPC:DF_POP_LECZ(1.0),Population living in low elevation coastal zones (0-10m and 0-20m above sea level),I,A,Annual,TO,Tonga,LECZPOPAF,Population in low elevation coastal zone in absolute frequency,20M,0-20 meters above sea level,2015,,82784,,N,units,,,E,Estimated value,,,This data was estimated based on population census of year 2021,
DATAFLOW,SPC:DF_POP_LECZ(1.0),Population living in low elevation coastal zones (0-10m and 0-20m above sea level),I,A,Annual,TO,Tonga,LECZPOPAF,Population in low elevation coastal zone in absolute frequency,20M,0-20 meters above sea level,2016,,82341,,N,units,,,E,Estimated value,,,This data was estimated based on population census of year 2021,
DATAFLOW,SPC:DF_POP_LECZ(1.0),Population living in low elevation coastal zones (0-10m and 0-20m above sea level),I,A,Annual,TO,Tonga,LECZPOPAF,Population in low elevation coastal zone in absolute frequency,20M,0-20 meters above sea level,2017,,82205,,N,units,,,E,Estimated value,,,This data was estimated based on population census of year 2021,
DATAFLOW,SPC:DF_POP_LECZ(1.0),Population living in low elevation coastal zones (0-10m and 0-20m above sea level),I,A,Annual,TO,Tonga,LECZPOPAF,Population in low elevation coastal zone in absolute frequency,20M,0-20 meters above sea level,2018,,82375,,N,units,,,E,Estimated value,,,This data was estimated based on population census of year 2021,
DATAFLOW,SPC:DF_POP_LECZ(1.0),Population living in low elevation coastal zones (0-10m and 0-20m above sea level),I,A,Annual,TO,Tonga,LECZPOPAF,Population in low elevation coastal zone in absolute frequency,20M,0-20 meters above sea level,2019,,82453,,N,units,,,E,Estimated value,,,This data was estimated based on population census of year 2021,
DATAFLOW,SPC:DF_POP_LECZ(1.0),Population living in low elevation coastal zones (0-10m and 0-20m above sea level),I,A,Annual,TO,Tonga,LECZPOPAF,Population in low elevation coastal zone in absolute frequency,20M,0-20 meters above sea level,2020,,82479,,N,units,,,E,Estimated value,,,This data was estimated based on population census of year 2021,
DATAFLOW,SPC:DF_POP_LECZ(1.0),Population living in low elevation coastal zones (0-10m and 0-20m above sea level),I,A,Annual,TO,Tonga,LECZPOPAF,Population in low elevation coastal zone in absolute frequency,20M,0-20 meters above sea level,2021,,82310,,N,units,,,E,Estimated value,,,This data was estimated based on population census of year 2021,
DATAFLOW,SPC:DF_POP_LECZ(1.0),Population living in low elevation coastal zones (0-10m and 0-20m above sea level),I,A,Annual,TO,Tonga,LECZPOPAF,Population in low elevation coastal zone in absolute frequency,20M,0-20 meters above sea level,2022,,81113,,N,units,,,,,,,This data was estimated based on population census of year 2021,
DATAFLOW,SPC:DF_POP_LECZ(1.0),Population living in low elevation coastal zones (0-10m and 0-20m above sea level),I,A,Annual,TO,Tonga,LECZPOPAF,Population in low elevation coastal zone in absolute frequency,20M,0-20 meters above sea level,2023,,80770,,N,units,,,,,,,This data was estimated based on population census of year 2021,
DATAFLOW,SPC:DF_POP_LECZ(1.0),Population living in low elevation coastal zones (0-10m and 0-20m above sea level),I,A,Annual,TO,Tonga,LECZPOPAF,Population in low elevation coastal zone in absolute frequency,20M,0-20 meters above sea level,2024,,80444,,N,units,,,,,,,This data was estimated based on population census of year 2021,
DATAFLOW,SPC:DF_POP_LECZ(1.0),Population living in low elevation coastal zones (0-10m and 0-20m above sea level),I,A,Annual,FM,Micronesia (Federated States of),LECZPOPAF,Population in low elevation coastal zone in absolute frequency,5M,0-5 meters above sea level,2010,,23992,,N,units,,,,,,,This data was estimated based on population census of year 2023,
DATAFLOW,SPC:DF_POP_LECZ(1.0),Population living in low elevation coastal zones (0-10m and 0-20m above sea level),I,A,Annual,FM,Micronesia (Federated States of),LECZPOPAF,Population in low elevation coastal zone in absolute frequency,5M,0-5 meters above sea level,2011,,24027,,N,units,,,,,,,This data was estimated based on population census of year 2023,
DATAFLOW,SPC:DF_POP_LECZ(1.0),Population living in low elevation coastal zones (0-10m and 0-20m above sea level),I,A,Annual,FM,Micronesia (Federated States of),LECZPOPAF,Population in low elevation coastal zone in absolute frequency,5M,0-5 meters above sea level,2012,,24070,,N,units,,,,,,,This data was estimated based on population census of year 2023,
DATAFLOW,SPC:DF_POP_LECZ(1.0),Population living in low elevation coastal zones (0-10m and 0-20m above sea level),I,A,Annual,FM,Micronesia (Federated States of),LECZPOPAF,Population in low elevation coastal zone in absolute frequency,5M,0-5 meters above sea level,2013,,24122,,N,units,,,,,,,This data was estimated based on population census of year 2023,
DATAFLOW,SPC:DF_POP_LECZ(1.0),Population living in low elevation coastal zones (0-10m and 0-20m above sea level),I,A,Annual,FM,Micronesia (Federated States of),LECZPOPAF,Population in low elevation coastal zone in absolute frequency,5M,0-5 meters above sea level,2014,,24183,,N,units,,,,,,,This data was estimated based on population census of year 2023,
DATAFLOW,SPC:DF_POP_LECZ(1.0),Population living in low elevation coastal zones (0-10m and 0-20m above sea level),I,A,Annual,FM,Micronesia (Federated States of),LECZPOPAF,Population in low elevation coastal zone in absolute frequency,5M,0-5 meters above sea level,2015,,24254,,N,units,,,,,,,This data was estimated based on population census of year 2023,
DATAFLOW,SPC:DF_POP_LECZ(1.0),Population living in low elevation coastal zones (0-10m and 0-20m above sea level),I,A,Annual,FM,Micronesia (Federated States of),LECZPOPAF,Population in low elevation coastal zone in absolute frequency,5M,0-5 meters above sea level,2016,,24335,,N,units,,,,,,,This data was estimated based on population census of year 2023,
DATAFLOW,SPC:DF_POP_LECZ(1.0),Population living in low elevation coastal zones (0-10m and 0-20m above sea level),I,A,Annual,FM,Micronesia (Federated States of),LECZPOPAF,Population in low elevation coastal zone in absolute frequency,5M,0-5 meters above sea level,2017,,24425,,N,units,,,,,,,This data was estimated based on population census of year 2023,
DATAFLOW,SPC:DF_POP_LECZ(1.0),Population living in low elevation coastal zones (0-10m and 0-20m above sea level),I,A,Annual,FM,Micronesia (Federated States of),LECZPOPAF,Population in low elevation coastal zone in absolute frequency,5M,0-5 meters above sea level,2018,,24521,,N,units,,,,,,,This data was estimated based on population census of year 2023,
DATAFLOW,SPC:DF_POP_LECZ(1.0),Population living in low elevation coastal zones (0-10m and 0-20m above sea level),I,A,Annual,FM,Micronesia (Federated States of),LECZPOPAF,Population in low elevation coastal zone in absolute frequency,5M,0-5 meters above sea level,2019,,24604,,N,units,,,,,,,This data was estimated based on population census of year 2023,
DATAFLOW,SPC:DF_POP_LECZ(1.0),Population living in low elevation coastal zones (0-10m and 0-20m above sea level),I,A,Annual,FM,Micronesia (Federated States of),LECZPOPAF,Population in low elevation coastal zone in absolute frequency,5M,0-5 meters above sea level,2020,,24745,,N,units,,,,,,,This data was estimated based on population census of year 2023,
DATAFLOW,SPC:DF_POP_LECZ(1.0),Population living in low elevation coastal zones (0-10m and 0-20m above sea level),I,A,Annual,FM,Micronesia (Federated States of),LECZPOPAF,Population in low elevation coastal zone in absolute frequency,5M,0-5 meters above sea level,2021,,24903,,N,units,,,,,,,This data was estimated based on population census of year 2023,
DATAFLOW,SPC:DF_POP_LECZ(1.0),Population living in low elevation coastal zones (0-10m and 0-20m above sea level),I,A,Annual,FM,Micronesia (Federated States of),LECZPOPAF,Population in low elevation coastal zone in absolute frequency,5M,0-5 meters above sea level,2022,,25013,,N,units,,,,,,,This data was estimated based on population census of year 2023,
DATAFLOW,SPC:DF_POP_LECZ(1.0),Population living in low elevation coastal zones (0-10m and 0-20m above sea level),I,A,Annual,FM,Micronesia (Federated States of),LECZPOPAF,Population in low elevation coastal zone in absolute frequency,5M,0-5 meters above sea level,2023,,25128,,N,units,,,,,,,This data was estimated based on population census of year 2023,
DATAFLOW,SPC:DF_POP_LECZ(1.0),Population living in low elevation coastal zones (0-10m and 0-20m above sea level),I,A,Annual,FM,Micronesia (Federated States of),LECZPOPAF,Population in low elevation coastal zone in absolute frequency,5M,0-5 meters above sea level,2024,,25246,,N,units,,,,,,,This data was estimated based on population census of year 2023,
DATAFLOW,SPC:DF_POP_LECZ(1.0),Population living in low elevation coastal zones (0-10m and 0-20m above sea level),I,A,Annual,AS,American Samoa,LECZPOPAF,Population in low elevation coastal zone in absolute frequency,20M,0-20 meters above sea level,2010,,23216,,N,units,,,E,Estimated value,,,This data was estimated based on population census of year 2023,
DATAFLOW,SPC:DF_POP_LECZ(1.0),Population living in low elevation coastal zones (0-10m and 0-20m above sea level),I,A,Annual,AS,American Samoa,LECZPOPAF,Population in low elevation coastal zone in absolute frequency,20M,0-20 meters above sea level,2011,,23076,,N,units,,,E,Estimated value,,,This data was estimated based on population census of year 2023,
DATAFLOW,SPC:DF_POP_LECZ(1.0),Population living in low elevation coastal zones (0-10m and 0-20m above sea level),I,A,Annual,AS,American Samoa,LECZPOPAF,Population in low elevation coastal zone in absolute frequency,20M,0-20 meters above sea level,2012,,22908,,N,units,,,E,Estimated value,,,This data was estimated based on population census of year 2023,
DATAFLOW,SPC:DF_POP_LECZ(1.0),Population living in low elevation coastal zones (0-10m and 0-20m above sea level),I,A,Annual,AS,American Samoa,LECZPOPAF,Population in low elevation coastal zone in absolute frequency,20M,0-20 meters above sea level,2013,,22704,,N,units,,,E,Estimated value,,,This data was estimated based on population census of year 2023,
DATAFLOW,SPC:DF_POP_LECZ(1.0),Population living in low elevation coastal zones (0-10m and 0-20m above sea level),I,A,Annual,AS,American Samoa,LECZPOPAF,Population in low elevation coastal zone in absolute frequency,20M,0-20 meters above sea level,2014,,22475,,N,units,,,E,Estimated value,,,This data was estimated based on population census of year 2023,
DATAFLOW,SPC:DF_POP_LECZ(1.0),Population living in low elevation coastal zones (0-10m and 0-20m above sea level),I,A,Annual,AS,American Samoa,LECZPOPAF,Population in low elevation coastal zone in absolute frequency,20M,0-20 meters above sea level,2015,,22227,,N,units,,,E,Estimated value,,,This data was estimated based on population census of year 2023,
DATAFLOW,SPC:DF_POP_LECZ(1.0),Population living in low elevation coastal zones (0-10m and 0-20m above sea level),I,A,Annual,AS,American Samoa,LECZPOPAF,Population in low elevation coastal zone in absolute frequency,20M,0-20 meters above sea level,2016,,21963,,N,units,,,E,Estimated value,,,This data was estimated based on population census of year 2023,
DATAFLOW,SPC:DF_POP_LECZ(1.0),Population living in low elevation coastal zones (0-10m and 0-20m above sea level),I,A,Annual,AS,American Samoa,LECZPOPAF,Population in low elevation coastal zone in absolute frequency,20M,0-20 meters above sea level,2017,,21685,,N,units,,,E,Estimated value,,,This data was estimated based on population census of year 2023,
DATAFLOW,SPC:DF_POP_LECZ(1.0),Population living in low elevation coastal zones (0-10m and 0-20m above sea level),I,A,Annual,AS,American Samoa,LECZPOPAF,Population in low elevation coastal zone in absolute frequency,20M,0-20 meters above sea level,2018,,21401,,N,units,,,E,Estimated value,,,This data was estimated based on population census of year 2023,
DATAFLOW,SPC:DF_POP_LECZ(1.0),Population living in low elevation coastal zones (0-10m and 0-20m above sea level),I,A,Annual,AS,American Samoa,LECZPOPAF,Population in low elevation coastal zone in absolute frequency,20M,0-20 meters above sea level,2019,,21106,,N,units,,,E,Estimated value,,,This data was estimated based on population census of year 2023,
DATAFLOW,SPC:DF_POP_LECZ(1.0),Population living in low elevation coastal zones (0-10m and 0-20m above sea level),I,A,Annual,AS,American Samoa,LECZPOPAF,Population in low elevation coastal zone in absolute frequency,20M,0-20 meters above sea level,2020,,20919,,N,units,,,E,Estimated value,,,This data was estimated based on population census of year 2023,
DATAFLOW,SPC:DF_POP_LECZ(1.0),Population living in low elevation coastal zones (0-10m and 0-20m above sea level),I,A,Annual,AS,American Samoa,LECZPOPAF,Population in low elevation coastal zone in absolute frequency,20M,0-20 meters above sea level,2021,,20694,,N,units,,,E,Estimated value,,,This data was estimated based on population census of year 2023,
DATAFLOW,SPC:DF_POP_LECZ(1.0),Population living in low elevation coastal zones (0-10m and 0-20m above sea level),I,A,Annual,AS,American Samoa,LECZPOPAF,Population in low elevation coastal zone in absolute frequency,20M,0-20 meters above sea level,2022,,20096,,N,units,,,,,,,This data was estimated based on population census of year 2023,
DATAFLOW,SPC:DF_POP_LECZ(1.0),Population living in low elevation coastal zones (0-10m and 0-20m above sea level),I,A,Annual,AS,American Samoa,LECZPOPAF,Population in low elevation coastal zone in absolute frequency,20M,0-20 meters above sea level,2023,,19754,,N,units,,,,,,,This data was estimated based on population census of year 2023,
DATAFLOW,SPC:DF_POP_LECZ(1.0),Population living in low elevation coastal zones (0-10m and 0-20m above sea level),I,A,Annual,AS,American Samoa,LECZPOPAF,Population in low elevation coastal zone in absolute frequency,20M,0-20 meters above sea level,2024,,19440,,N,units,,,,,,,This data was estimated based on population census of year 2023,
DATAFLOW,SPC:DF_POP_LECZ(1.0),Population living in low elevation coastal zones (0-10m and 0-20m above sea level),I,A,Annual,AS,American Samoa,LECZPOPAF,Population in low elevation coastal zone in absolute frequency,10M,0-10 meters above sea level,2010,,12713,,N,units,,,E,Estimated value,,,This data was estimated based on population census of year 2023,
DATAFLOW,SPC:DF_POP_LECZ(1.0),Population living in low elevation coastal zones (0-10m and 0-20m above sea level),I,A,Annual,AS,American Samoa,LECZPOPAF,Population in low elevation coastal zone in absolute frequency,10M,0-10 meters above sea level,2011,,12637,,N,units,,,E,Estimated value,,,This data was estimated based on population census of year 2023,
DATAFLOW,SPC:DF_POP_LECZ(1.0),Population living in low elevation coastal zones (0-10m and 0-20m above sea level),I,A,Annual,AS,American Samoa,LECZPOPAF,Population in low elevation coastal zone in absolute frequency,10M,0-10 meters above sea level,2012,,12545,,N,units,,,E,Estimated value,,,This data was estimated based on population census of year 2023,
DATAFLOW,SPC:DF_POP_LECZ(1.0),Population living in low elevation coastal zones (0-10m and 0-20m above sea level),I,A,Annual,AS,American Samoa,LECZPOPAF,Population in low elevation coastal zone in absolute frequency,10M,0-10 meters above sea level,2013,,12433,,N,units,,,E,Estimated value,,,This data was estimated based on population census of year 2023,
DATAFLOW,SPC:DF_POP_LECZ(1.0),Population living in low elevation coastal zones (0-10m and 0-20m above sea level),I,A,Annual,AS,American Samoa,LECZPOPAF,Population in low elevation coastal zone in absolute frequency,10M,0-10 meters above sea level,2014,,12308,,N,units,,,E,Estimated value,,,This data was estimated based on population census of year 2023,
DATAFLOW,SPC:DF_POP_LECZ(1.0),Population living in low elevation coastal zones (0-10m and 0-20m above sea level),I,A,Annual,AS,American Samoa,LECZPOPAF,Population in low elevation coastal zone in absolute frequency,10M,0-10 meters above sea level,2015,,12172,,N,units,,,E,Estimated value,,,This data was estimated based on population census of year 2023,
DATAFLOW,SPC:DF_POP_LECZ(1.0),Population living in low elevation coastal zones (0-10m and 0-20m above sea level),I,A,Annual,AS,American Samoa,LECZPOPAF,Population in low elevation coastal zone in absolute frequency,10M,0-10 meters above sea level,2016,,12027,,N,units,,,E,Estimated value,,,This data was estimated based on population census of year 2023,
DATAFLOW,SPC:DF_POP_LECZ(1.0),Population living in low elevation coastal zones (0-10m and 0-20m above sea level),I,A,Annual,AS,American Samoa,LECZPOPAF,Population in low elevation coastal zone in absolute frequency,10M,0-10 meters above sea level,2017,,11875,,N,units,,,E,Estimated value,,,This data was estimated based on population census of year 2023,
DATAFLOW,SPC:DF_POP_LECZ(1.0),Population living in low elevation coastal zones (0-10m and 0-20m above sea level),I,A,Annual,AS,American Samoa,LECZPOPAF,Population in low elevation coastal zone in absolute frequency,10M,0-10 meters above sea level,2018,,11720,,N,units,,,E,Estimated value,,,This data was estimated based on population census of year 2023,
DATAFLOW,SPC:DF_POP_LECZ(1.0),Population living in low elevation coastal zones (0-10m and 0-20m above sea level),I,A,Annual,AS,American Samoa,LECZPOPAF,Population in low elevation coastal zone in absolute frequency,10M,0-10 meters above sea level,2019,,11558,,N,units,,,E,Estimated value,,,This data was estimated based on population census of year 2023,
DATAFLOW,SPC:DF_POP_LECZ(1.0),Population living in low elevation coastal zones (0-10m and 0-20m above sea level),I,A,Annual,AS,American Samoa,LECZPOPAF,Population in low elevation coastal zone in absolute frequency,10M,0-10 meters above sea level,2020,,11455,,N,units,,,E,Estimated value,,,This data was estimated based on population census of year 2023,
DATAFLOW,SPC:DF_POP_LECZ(1.0),Population living in low elevation coastal zones (0-10m and 0-20m above sea level),I,A,Annual,AS,American Samoa,LECZPOPAF,Population in low elevation coastal zone in absolute frequency,10M,0-10 meters above sea level,2021,,11332,,N,units,,,E,Estimated value,,,This data was estimated based on population census of year 2023,
DATAFLOW,SPC:DF_POP_LECZ(1.0),Population living in low elevation coastal zones (0-10m and 0-20m above sea level),I,A,Annual,AS,American Samoa,LECZPOPAF,Population in low elevation coastal zone in absolute frequency,10M,0-10 meters above sea level,2022,,11878,,N,units,,,,,,,This data was estimated based on population census of year 2023,
DATAFLOW,SPC:DF_POP_LECZ(1.0),Population living in low elevation coastal zones (0-10m and 0-20m above sea level),I,A,Annual,AS,American Samoa,LECZPOPAF,Population in low elevation coastal zone in absolute frequency,10M,0-10 meters above sea level,2023,,11676,,N,units,,,,,,,This data was estimated based on population census of year 2023,
DATAFLOW,SPC:DF_POP_LECZ(1.0),Population living in low elevation coastal zones (0-10m and 0-20m above sea level),I,A,Annual,AS,American Samoa,LECZPOPAF,Population in low elevation coastal zone in absolute frequency,10M,0-10 meters above sea level,2024,,11490,,N,units,,,,,,,This data was estimated based on population census of year 2023,
DATAFLOW,SPC:DF_POP_LECZ(1.0),Population living in low elevation coastal zones (0-10m and 0-20m above sea level),I,A,Annual,TV,Tuvalu,LECZPOPRF,Population in low elevation coastal zone in relative frequency,10M,0-10 meters above sea level,2010,,95,,PERCENT,percent,,,E,Estimated value,,,This data was estimated based on population census of year 2023,
DATAFLOW,SPC:DF_POP_LECZ(1.0),Population living in low elevation coastal zones (0-10m and 0-20m above sea level),I,A,Annual,TV,Tuvalu,LECZPOPRF,Population in low elevation coastal zone in relative frequency,10M,0-10 meters above sea level,2011,,95,,PERCENT,percent,,,E,Estimated value,,,This data was estimated based on population census of year 2023,
DATAFLOW,SPC:DF_POP_LECZ(1.0),Population living in low elevation coastal zones (0-10m and 0-20m above sea level),I,A,Annual,TV,Tuvalu,LECZPOPRF,Population in low elevation coastal zone in relative frequency,10M,0-10 meters above sea level,2012,,95,,PERCENT,percent,,,E,Estimated value,,,This data was estimated based on population census of year 2023,
DATAFLOW,SPC:DF_POP_LECZ(1.0),Population living in low elevation coastal zones (0-10m and 0-20m above sea level),I,A,Annual,TV,Tuvalu,LECZPOPRF,Population in low elevation coastal zone in relative frequency,10M,0-10 meters above sea level,2013,,95,,PERCENT,percent,,,E,Estimated value,,,This data was estimated based on population census of year 2023,
DATAFLOW,SPC:DF_POP_LECZ(1.0),Population living in low elevation coastal zones (0-10m and 0-20m above sea level),I,A,Annual,TV,Tuvalu,LECZPOPRF,Population in low elevation coastal zone in relative frequency,10M,0-10 meters above sea level,2014,,95,,PERCENT,percent,,,E,Estimated value,,,This data was estimated based on population census of year 2023,
DATAFLOW,SPC:DF_POP_LECZ(1.0),Population living in low elevation coastal zones (0-10m and 0-20m above sea level),I,A,Annual,TV,Tuvalu,LECZPOPRF,Population in low elevation coastal zone in relative frequency,10M,0-10 meters above sea level,2015,,95,,PERCENT,percent,,,E,Estimated value,,,This data was estimated based on population census of year 2023,
DATAFLOW,SPC:DF_POP_LECZ(1.0),Population living in low elevation coastal zones (0-10m and 0-20m above sea level),I,A,Annual,TV,Tuvalu,LECZPOPRF,Population in low elevation coastal zone in relative frequency,10M,0-10 meters above sea level,2016,,95,,PERCENT,percent,,,E,Estimated value,,,This data was estimated based on population census of year 2023,
DATAFLOW,SPC:DF_POP_LECZ(1.0),Population living in low elevation coastal zones (0-10m and 0-20m above sea level),I,A,Annual,TV,Tuvalu,LECZPOPRF,Population in low elevation coastal zone in relative frequency,10M,0-10 meters above sea level,2017,,95,,PERCENT,percent,,,E,Estimated value,,,This data was estimated based on population census of year 2023,
DATAFLOW,SPC:DF_POP_LECZ(1.0),Population living in low elevation coastal zones (0-10m and 0-20m above sea level),I,A,Annual,TV,Tuvalu,LECZPOPRF,Population in low elevation coastal zone in relative frequency,10M,0-10 meters above sea level,2018,,95,,PERCENT,percent,,,E,Estimated value,,,This data was estimated based on population census of year 2023,
DATAFLOW,SPC:DF_POP_LECZ(1.0),Population living in low elevation coastal zones (0-10m and 0-20m above sea level),I,A,Annual,TV,Tuvalu,LECZPOPRF,Population in low elevation coastal zone in relative frequency,10M,0-10 meters above sea level,2019,,95,,PERCENT,percent,,,E,Estimated value,,,This data was estimated based on population census of year 2023,
DATAFLOW,SPC:DF_POP_LECZ(1.0),Population living in low elevation coastal zones (0-10m and 0-20m above sea level),I,A,Annual,TV,Tuvalu,LECZPOPRF,Population in low elevation coastal zone in relative frequency,10M,0-10 meters above sea level,2020,,95,,PERCENT,percent,,,E,Estimated value,,,This data was estimated based on population census of year 2023,
DATAFLOW,SPC:DF_POP_LECZ(1.0),Population living in low elevation coastal zones (0-10m and 0-20m above sea level),I,A,Annual,TV,Tuvalu,LECZPOPRF,Population in low elevation coastal zone in relative frequency,10M,0-10 meters above sea level,2021,,95,,PERCENT,percent,,,E,Estimated value,,,This data was estimated based on population census of year 2023,
DATAFLOW,SPC:DF_POP_LECZ(1.0),Population living in low elevation coastal zones (0-10m and 0-20m above sea level),I,A,Annual,TV,Tuvalu,LECZPOPRF,Population in low elevation coastal zone in relative frequency,10M,0-10 meters above sea level,2022,,91,,PERCENT,percent,,,,,,,This data was estimated based on population census of year 2023,
DATAFLOW,SPC:DF_POP_LECZ(1.0),Population living in low elevation coastal zones (0-10m and 0-20m above sea level),I,A,Annual,TV,Tuvalu,LECZPOPRF,Population in low elevation coastal zone in relative frequency,10M,0-10 meters above sea level,2023,,91,,PERCENT,percent,,,,,,,This data was estimated based on population census of year 2023,
DATAFLOW,SPC:DF_POP_LECZ(1.0),Population living in low elevation coastal zones (0-10m and 0-20m above sea level),I,A,Annual,TV,Tuvalu,LECZPOPRF,Population in low elevation coastal zone in relative frequency,10M,0-10 meters above sea level,2024,,91,,PERCENT,percent,,,,,,,This data was estimated based on population census of year 2023,
DATAFLOW,SPC:DF_POP_LECZ(1.0),Population living in low elevation coastal zones (0-10m and 0-20m above sea level),I,A,Annual,PW,Palau,LECZPOPAF,Population in low elevation coastal zone in absolute frequency,5M,0-5 meters above sea level,2010,,1396,,N,units,,,,,,,This data was estimated based on population census of year 2023,
DATAFLOW,SPC:DF_POP_LECZ(1.0),Population living in low elevation coastal zones (0-10m and 0-20m above sea level),I,A,Annual,PW,Palau,LECZPOPAF,Population in low elevation coastal zone in absolute frequency,5M,0-5 meters above sea level,2011,,1372,,N,units,,,,,,,This data was estimated based on population census of year 2023,
DATAFLOW,SPC:DF_POP_LECZ(1.0),Population living in low elevation coastal zones (0-10m and 0-20m above sea level),I,A,Annual,PW,Palau,LECZPOPAF,Population in low elevation coastal zone in absolute frequency,5M,0-5 meters above sea level,2012,,1348,,N,units,,,,,,,This data was estimated based on population census of year 2023,
DATAFLOW,SPC:DF_POP_LECZ(1.0),Population living in low elevation coastal zones (0-10m and 0-20m above sea level),I,A,Annual,PW,Palau,LECZPOPAF,Population in low elevation coastal zone in absolute frequency,5M,0-5 meters above sea level,2013,,1339,,N,units,,,,,,,This data was estimated based on population census of year 2023,
DATAFLOW,SPC:DF_POP_LECZ(1.0),Population living in low elevation coastal zones (0-10m and 0-20m above sea level),I,A,Annual,PW,Palau,LECZPOPAF,Population in low elevation coastal zone in absolute frequency,5M,0-5 meters above sea level,2014,,1345,,N,units,,,,,,,This data was estimated based on population census of year 2023,
DATAFLOW,SPC:DF_POP_LECZ(1.0),Population living in low elevation coastal zones (0-10m and 0-20m above sea level),I,A,Annual,PW,Palau,LECZPOPAF,Population in low elevation coastal zone in absolute frequency,5M,0-5 meters above sea level,2015,,1349,,N,units,,,,,,,This data was estimated based on population census of year 2023,
DATAFLOW,SPC:DF_POP_LECZ(1.0),Population living in low elevation coastal zones (0-10m and 0-20m above sea level),I,A,Annual,PW,Palau,LECZPOPAF,Population in low elevation coastal zone in absolute frequency,5M,0-5 meters above sea level,2016,,1351,,N,units,,,,,,,This data was estimated based on population census of year 2023,
DATAFLOW,SPC:DF_POP_LECZ(1.0),Population living in low elevation coastal zones (0-10m and 0-20m above sea level),I,A,Annual,PW,Palau,LECZPOPAF,Population in low elevation coastal zone in absolute frequency,5M,0-5 meters above sea level,2017,,1352,,N,units,,,,,,,This data was estimated based on population census of year 2023,
DATAFLOW,SPC:DF_POP_LECZ(1.0),Population living in low elevation coastal zones (0-10m and 0-20m above sea level),I,A,Annual,PW,Palau,LECZPOPAF,Population in low elevation coastal zone in absolute frequency,5M,0-5 meters above sea level,2018,,1352,,N,units,,,,,,,This data was estimated based on population census of year 2023,
DATAFLOW,SPC:DF_POP_LECZ(1.0),Population living in low elevation coastal zones (0-10m and 0-20m above sea level),I,A,Annual,PW,Palau,LECZPOPAF,Population in low elevation coastal zone in absolute frequency,5M,0-5 meters above sea level,2019,,1351,,N,units,,,,,,,This data was estimated based on population census of year 2023,
DATAFLOW,SPC:DF_POP_LECZ(1.0),Population living in low elevation coastal zones (0-10m and 0-20m above sea level),I,A,Annual,PW,Palau,LECZPOPAF,Population in low elevation coastal zone in absolute frequency,5M,0-5 meters above sea level,2020,,1350,,N,units,,,,,,,This data was estimated based on population census of year 2023,
DATAFLOW,SPC:DF_POP_LECZ(1.0),Population living in low elevation coastal zones (0-10m and 0-20m above sea level),I,A,Annual,PW,Palau,LECZPOPAF,Population in low elevation coastal zone in absolute frequency,5M,0-5 meters above sea level,2021,,1350,,N,units,,,,,,,This data was estimated based on population census of year 2023,
DATAFLOW,SPC:DF_POP_LECZ(1.0),Population living in low elevation coastal zones (0-10m and 0-20m above sea level),I,A,Annual,PW,Palau,LECZPOPAF,Population in low elevation coastal zone in absolute frequency,5M,0-5 meters above sea level,2022,,1348,,N,units,,,,,,,This data was estimated based on population census of year 2023,
DATAFLOW,SPC:DF_POP_LECZ(1.0),Population living in low elevation coastal zones (0-10m and 0-20m above sea level),I,A,Annual,PW,Palau,LECZPOPAF,Population in low elevation coastal zone in absolute frequency,5M,0-5 meters above sea level,2023,,1346,,N,units,,,,,,,This data was estimated based on population census of year 2023,
DATAFLOW,SPC:DF_POP_LECZ(1.0),Population living in low elevation coastal zones (0-10m and 0-20m above sea level),I,A,Annual,PW,Palau,LECZPOPAF,Population in low elevation coastal zone in absolute frequency,5M,0-5 meters above sea level,2024,,1343,,N,units,,,,,,,This data was estimated based on population census of year 2023,
DATAFLOW,SPC:DF_POP_LECZ(1.0),Population living in low elevation coastal zones (0-10m and 0-20m above sea level),I,A,Annual,PF,French Polynesia,LECZPOPAF,Population in low elevation coastal zone in absolute frequency,20M,0-20 meters above sea level,2010,,162363,,N,units,,,E,Estimated value,,,This data was estimated based on population census of year 2023,
DATAFLOW,SPC:DF_POP_LECZ(1.0),Population living in low elevation coastal zones (0-10m and 0-20m above sea level),I,A,Annual,PF,French Polynesia,LECZPOPAF,Population in low elevation coastal zone in absolute frequency,20M,0-20 meters above sea level,2011,,163051,,N,units,,,E,Estimated value,,,This data was estimated based on population census of year 2023,
DATAFLOW,SPC:DF_POP_LECZ(1.0),Population living in low elevation coastal zones (0-10m and 0-20m above sea level),I,A,Annual,PF,French Polynesia,LECZPOPAF,Population in low elevation coastal zone in absolute frequency,20M,0-20 meters above sea level,2012,,163864,,N,units,,,E,Estimated value,,,This data was estimated based on population census of year 2023,
DATAFLOW,SPC:DF_POP_LECZ(1.0),Population living in low elevation coastal zones (0-10m and 0-20m above sea level),I,A,Annual,PF,French Polynesia,LECZPOPAF,Population in low elevation coastal zone in absolute frequency,20M,0-20 meters above sea level,2013,,164850,,N,units,,,E,Estimated value,,,This data was estimated based on population census of year 2023,
DATAFLOW,SPC:DF_POP_LECZ(1.0),Population living in low elevation coastal zones (0-10m and 0-20m above sea level),I,A,Annual,PF,French Polynesia,LECZPOPAF,Population in low elevation coastal zone in absolute frequency,20M,0-20 meters above sea level,2014,,165843,,N,units,,,E,Estimated value,,,This data was estimated based on population census of year 2023,
DATAFLOW,SPC:DF_POP_LECZ(1.0),Population living in low elevation coastal zones (0-10m and 0-20m above sea level),I,A,Annual,PF,French Polynesia,LECZPOPAF,Population in low elevation coastal zone in absolute frequency,20M,0-20 meters above sea level,2015,,166736,,N,units,,,E,Estimated value,,,This data was estimated based on population census of year 2023,
DATAFLOW,SPC:DF_POP_LECZ(1.0),Population living in low elevation coastal zones (0-10m and 0-20m above sea level),I,A,Annual,PF,French Polynesia,LECZPOPAF,Population in low elevation coastal zone in absolute frequency,20M,0-20 meters above sea level,2016,,167521,,N,units,,,E,Estimated value,,,This data was estimated based on population census of year 2023,
DATAFLOW,SPC:DF_POP_LECZ(1.0),Population living in low elevation coastal zones (0-10m and 0-20m above sea level),I,A,Annual,PF,French Polynesia,LECZPOPAF,Population in low elevation coastal zone in absolute frequency,20M,0-20 meters above sea level,2017,,168065,,N,units,,,E,Estimated value,,,This data was estimated based on population census of year 2023,
DATAFLOW,SPC:DF_POP_LECZ(1.0),Population living in low elevation coastal zones (0-10m and 0-20m above sea level),I,A,Annual,PF,French Polynesia,LECZPOPAF,Population in low elevation coastal zone in absolute frequency,20M,0-20 meters above sea level,2018,,167903,,N,units,,,E,Estimated value,,,This data was estimated based on population census of year 2023,
DATAFLOW,SPC:DF_POP_LECZ(1.0),Population living in low elevation coastal zones (0-10m and 0-20m above sea level),I,A,Annual,PF,French Polynesia,LECZPOPAF,Population in low elevation coastal zone in absolute frequency,20M,0-20 meters above sea level,2019,,167438,,N,units,,,E,Estimated value,,,This data was estimated based on population census of year 2023,
DATAFLOW,SPC:DF_POP_LECZ(1.0),Population living in low elevation coastal zones (0-10m and 0-20m above sea level),I,A,Annual,PF,French Polynesia,LECZPOPAF,Population in low elevation coastal zone in absolute frequency,20M,0-20 meters above sea level,2020,,167537,,N,units,,,E,Estimated value,,,This data was estimated based on population census of year 2023,
DATAFLOW,SPC:DF_POP_LECZ(1.0),Population living in low elevation coastal zones (0-10m and 0-20m above sea level),I,A,Annual,PF,French Polynesia,LECZPOPAF,Population in low elevation coastal zone in absolute frequency,20M,0-20 meters above sea level,2021,,167896,,N,units,,,E,Estimated value,,,This data was estimated based on population census of year 2023,
DATAFLOW,SPC:DF_POP_LECZ(1.0),Population living in low elevation coastal zones (0-10m and 0-20m above sea level),I,A,Annual,PF,French Polynesia,LECZPOPAF,Population in low elevation coastal zone in absolute frequency,20M,0-20 meters above sea level,2022,,208321,,N,units,,,,,,,This data was estimated based on population census of year 2023,
DATAFLOW,SPC:DF_POP_LECZ(1.0),Population living in low elevation coastal zones (0-10m and 0-20m above sea level),I,A,Annual,PF,French Polynesia,LECZPOPAF,Population in low elevation coastal zone in absolute frequency,20M,0-20 meters above sea level,2023,,208871,,N,units,,,,,,,This data was estimated based on population census of year 2023,
DATAFLOW,SPC:DF_POP_LECZ(1.0),Population living in low elevation coastal zones (0-10m and 0-20m above sea level),I,A,Annual,PF,French Polynesia,LECZPOPAF,Population in low elevation coastal zone in absolute frequency,20M,0-20 meters above sea level,2024,,209382,,N,units,,,,,,,This data was estimated based on population census of year 2023,
DATAFLOW,SPC:DF_POP_LECZ(1.0),Population living in low elevation coastal zones (0-10m and 0-20m above sea level),I,A,Annual,NR,Naoero,LECZPOPAF,Population in low elevation coastal zone in absolute frequency,5M,0-5 meters above sea level,2010,,3014,,N,units,,,,,,,This data was estimated based on population census of year 2021,
DATAFLOW,SPC:DF_POP_LECZ(1.0),Population living in low elevation coastal zones (0-10m and 0-20m above sea level),I,A,Annual,NR,Naoero,LECZPOPAF,Population in low elevation coastal zone in absolute frequency,5M,0-5 meters above sea level,2011,,3030,,N,units,,,,,,,This data was estimated based on population census of year 2021,
DATAFLOW,SPC:DF_POP_LECZ(1.0),Population living in low elevation coastal zones (0-10m and 0-20m above sea level),I,A,Annual,NR,Naoero,LECZPOPAF,Population in low elevation coastal zone in absolute frequency,5M,0-5 meters above sea level,2012,,3081,,N,units,,,,,,,This data was estimated based on population census of year 2021,
DATAFLOW,SPC:DF_POP_LECZ(1.0),Population living in low elevation coastal zones (0-10m and 0-20m above sea level),I,A,Annual,NR,Naoero,LECZPOPAF,Population in low elevation coastal zone in absolute frequency,5M,0-5 meters above sea level,2013,,3156,,N,units,,,,,,,This data was estimated based on population census of year 2021,
DATAFLOW,SPC:DF_POP_LECZ(1.0),Population living in low elevation coastal zones (0-10m and 0-20m above sea level),I,A,Annual,NR,Naoero,LECZPOPAF,Population in low elevation coastal zone in absolute frequency,5M,0-5 meters above sea level,2014,,3224,,N,units,,,,,,,This data was estimated based on population census of year 2021,
DATAFLOW,SPC:DF_POP_LECZ(1.0),Population living in low elevation coastal zones (0-10m and 0-20m above sea level),I,A,Annual,NR,Naoero,LECZPOPAF,Population in low elevation coastal zone in absolute frequency,5M,0-5 meters above sea level,2015,,3287,,N,units,,,,,,,This data was estimated based on population census of year 2021,
DATAFLOW,SPC:DF_POP_LECZ(1.0),Population living in low elevation coastal zones (0-10m and 0-20m above sea level),I,A,Annual,NR,Naoero,LECZPOPAF,Population in low elevation coastal zone in absolute frequency,5M,0-5 meters above sea level,2016,,3346,,N,units,,,,,,,This data was estimated based on population census of year 2021,
DATAFLOW,SPC:DF_POP_LECZ(1.0),Population living in low elevation coastal zones (0-10m and 0-20m above sea level),I,A,Annual,NR,Naoero,LECZPOPAF,Population in low elevation coastal zone in absolute frequency,5M,0-5 meters above sea level,2017,,3398,,N,units,,,,,,,This data was estimated based on population census of year 2021,
DATAFLOW,SPC:DF_POP_LECZ(1.0),Population living in low elevation coastal zones (0-10m and 0-20m above sea level),I,A,Annual,NR,Naoero,LECZPOPAF,Population in low elevation coastal zone in absolute frequency,5M,0-5 meters above sea level,2018,,3444,,N,units,,,,,,,This data was estimated based on population census of year 2021,
DATAFLOW,SPC:DF_POP_LECZ(1.0),Population living in low elevation coastal zones (0-10m and 0-20m above sea level),I,A,Annual,NR,Naoero,LECZPOPAF,Population in low elevation coastal zone in absolute frequency,5M,0-5 meters above sea level,2019,,3477,,N,units,,,,,,,This data was estimated based on population census of year 2021,
DATAFLOW,SPC:DF_POP_LECZ(1.0),Population living in low elevation coastal zones (0-10m and 0-20m above sea level),I,A,Annual,NR,Naoero,LECZPOPAF,Population in low elevation coastal zone in absolute frequency,5M,0-5 meters above sea level,2020,,3494,,N,units,,,,,,,This data was estimated based on population census of year 2021,
DATAFLOW,SPC:DF_POP_LECZ(1.0),Population living in low elevation coastal zones (0-10m and 0-20m above sea level),I,A,Annual,NR,Naoero,LECZPOPAF,Population in low elevation coastal zone in absolute frequency,5M,0-5 meters above sea level,2021,,3514,,N,units,,,,,,,This data was estimated based on population census of year 2021,
DATAFLOW,SPC:DF_POP_LECZ(1.0),Population living in low elevation coastal zones (0-10m and 0-20m above sea level),I,A,Annual,NR,Naoero,LECZPOPAF,Population in low elevation coastal zone in absolute frequency,5M,0-5 meters above sea level,2022,,3541,,N,units,,,,,,,This data was estimated based on population census of year 2021,
DATAFLOW,SPC:DF_POP_LECZ(1.0),Population living in low elevation coastal zones (0-10m and 0-20m above sea level),I,A,Annual,NR,Naoero,LECZPOPAF,Population in low elevation coastal zone in absolute frequency,5M,0-5 meters above sea level,2023,,3564,,N,units,,,,,,,This data was estimated based on population census of year 2021,
DATAFLOW,SPC:DF_POP_LECZ(1.0),Population living in low elevation coastal zones (0-10m and 0-20m above sea level),I,A,Annual,NR,Naoero,LECZPOPAF,Population in low elevation coastal zone in absolute frequency,5M,0-5 meters above sea level,2024,,3585,,N,units,,,,,,,This data was estimated based on population census of year 2021,
DATAFLOW,SPC:DF_POP_LECZ(1.0),Population living in low elevation coastal zones (0-10m and 0-20m above sea level),I,A,Annual,KI,Kiribati,LECZPOPAF,Population in low elevation coastal zone in absolute frequency,10M,0-10 meters above sea level,2010,,83727,,N,units,,,E,Estimated value,,,This data was estimated based on population census of year 2023,
DATAFLOW,SPC:DF_POP_LECZ(1.0),Population living in low elevation coastal zones (0-10m and 0-20m above sea level),I,A,Annual,KI,Kiribati,LECZPOPAF,Population in low elevation coastal zone in absolute frequency,10M,0-10 meters above sea level,2011,,85226,,N,units,,,E,Estimated value,,,This data was estimated based on population census of year 2023,
DATAFLOW,SPC:DF_POP_LECZ(1.0),Population living in low elevation coastal zones (0-10m and 0-20m above sea level),I,A,Annual,KI,Kiribati,LECZPOPAF,Population in low elevation coastal zone in absolute frequency,10M,0-10 meters above sea level,2012,,86489,,N,units,,,E,Estimated value,,,This data was estimated based on population census of year 2023,
DATAFLOW,SPC:DF_POP_LECZ(1.0),Population living in low elevation coastal zones (0-10m and 0-20m above sea level),I,A,Annual,KI,Kiribati,LECZPOPAF,Population in low elevation coastal zone in absolute frequency,10M,0-10 meters above sea level,2013,,87684,,N,units,,,E,Estimated value,,,This data was estimated based on population census of year 2023,
DATAFLOW,SPC:DF_POP_LECZ(1.0),Population living in low elevation coastal zones (0-10m and 0-20m above sea level),I,A,Annual,KI,Kiribati,LECZPOPAF,Population in low elevation coastal zone in absolute frequency,10M,0-10 meters above sea level,2014,,88826,,N,units,,,E,Estimated value,,,This data was estimated based on population census of year 2023,
DATAFLOW,SPC:DF_POP_LECZ(1.0),Population living in low elevation coastal zones (0-10m and 0-20m above sea level),I,A,Annual,KI,Kiribati,LECZPOPAF,Population in low elevation coastal zone in absolute frequency,10M,0-10 meters above sea level,2015,,89974,,N,units,,,E,Estimated value,,,This data was estimated based on population census of year 2023,
DATAFLOW,SPC:DF_POP_LECZ(1.0),Population living in low elevation coastal zones (0-10m and 0-20m above sea level),I,A,Annual,KI,Kiribati,LECZPOPAF,Population in low elevation coastal zone in absolute frequency,10M,0-10 meters above sea level,2016,,91256,,N,units,,,E,Estimated value,,,This data was estimated based on population census of year 2023,
DATAFLOW,SPC:DF_POP_LECZ(1.0),Population living in low elevation coastal zones (0-10m and 0-20m above sea level),I,A,Annual,KI,Kiribati,LECZPOPAF,Population in low elevation coastal zone in absolute frequency,10M,0-10 meters above sea level,2017,,92633,,N,units,,,E,Estimated value,,,This data was estimated based on population census of year 2023,
DATAFLOW,SPC:DF_POP_LECZ(1.0),Population living in low elevation coastal zones (0-10m and 0-20m above sea level),I,A,Annual,KI,Kiribati,LECZPOPAF,Population in low elevation coastal zone in absolute frequency,10M,0-10 meters above sea level,2018,,94032,,N,units,,,E,Estimated value,,,This data was estimated based on population census of year 2023,
DATAFLOW,SPC:DF_POP_LECZ(1.0),Population living in low elevation coastal zones (0-10m and 0-20m above sea level),I,A,Annual,KI,Kiribati,LECZPOPAF,Population in low elevation coastal zone in absolute frequency,10M,0-10 meters above sea level,2019,,95449,,N,units,,,E,Estimated value,,,This data was estimated based on population census of year 2023,
DATAFLOW,SPC:DF_POP_LECZ(1.0),Population living in low elevation coastal zones (0-10m and 0-20m above sea level),I,A,Annual,KI,Kiribati,LECZPOPAF,Population in low elevation coastal zone in absolute frequency,10M,0-10 meters above sea level,2020,,97122,,N,units,,,E,Estimated value,,,This data was estimated based on population census of year 2023,
DATAFLOW,SPC:DF_POP_LECZ(1.0),Population living in low elevation coastal zones (0-10m and 0-20m above sea level),I,A,Annual,KI,Kiribati,LECZPOPAF,Population in low elevation coastal zone in absolute frequency,10M,0-10 meters above sea level,2021,,98876,,N,units,,,E,Estimated value,,,This data was estimated based on population census of year 2023,
DATAFLOW,SPC:DF_POP_LECZ(1.0),Population living in low elevation coastal zones (0-10m and 0-20m above sea level),I,A,Annual,KI,Kiribati,LECZPOPAF,Population in low elevation coastal zone in absolute frequency,10M,0-10 meters above sea level,2022,,95933,,N,units,,,,,,,This data was estimated based on population census of year 2023,
DATAFLOW,SPC:DF_POP_LECZ(1.0),Population living in low elevation coastal zones (0-10m and 0-20m above sea level),I,A,Annual,KI,Kiribati,LECZPOPAF,Population in low elevation coastal zone in absolute frequency,10M,0-10 meters above sea level,2023,,97450,,N,units,,,,,,,This data was estimated based on population census of year 2023,
DATAFLOW,SPC:DF_POP_LECZ(1.0),Population living in low elevation coastal zones (0-10m and 0-20m above sea level),I,A,Annual,KI,Kiribati,LECZPOPAF,Population in low elevation coastal zone in absolute frequency,10M,0-10 meters above sea level,2024,,98911,,N,units,,,,,,,This data was estimated based on population census of year 2023,
DATAFLOW,SPC:DF_POP_LECZ(1.0),Population living in low elevation coastal zones (0-10m and 0-20m above sea level),I,A,Annual,PN,Pitcairn,LECZPOPRF,Population in low elevation coastal zone in relative frequency,10M,0-10 meters above sea level,2010,,,,PERCENT,percent,,,O,Missing value,,,,
DATAFLOW,SPC:DF_POP_LECZ(1.0),Population living in low elevation coastal zones (0-10m and 0-20m above sea level),I,A,Annual,PN,Pitcairn,LECZPOPRF,Population in low elevation coastal zone in relative frequency,10M,0-10 meters above sea level,2011,,,,PERCENT,percent,,,O,Missing value,,,,
DATAFLOW,SPC:DF_POP_LECZ(1.0),Population living in low elevation coastal zones (0-10m and 0-20m above sea level),I,A,Annual,PN,Pitcairn,LECZPOPRF,Population in low elevation coastal zone in relative frequency,10M,0-10 meters above sea level,2012,,,,PERCENT,percent,,,O,Missing value,,,,
DATAFLOW,SPC:DF_POP_LECZ(1.0),Population living in low elevation coastal zones (0-10m and 0-20m above sea level),I,A,Annual,PN,Pitcairn,LECZPOPRF,Population in low elevation coastal zone in relative frequency,10M,0-10 meters above sea level,2013,,,,PERCENT,percent,,,O,Missing value,,,,
DATAFLOW,SPC:DF_POP_LECZ(1.0),Population living in low elevation coastal zones (0-10m and 0-20m above sea level),I,A,Annual,PN,Pitcairn,LECZPOPRF,Population in low elevation coastal zone in relative frequency,10M,0-10 meters above sea level,2014,,,,PERCENT,percent,,,O,Missing value,,,,
DATAFLOW,SPC:DF_POP_LECZ(1.0),Population living in low elevation coastal zones (0-10m and 0-20m above sea level),I,A,Annual,PN,Pitcairn,LECZPOPRF,Population in low elevation coastal zone in relative frequency,10M,0-10 meters above sea level,2015,,,,PERCENT,percent,,,O,Missing value,,,,
DATAFLOW,SPC:DF_POP_LECZ(1.0),Population living in low elevation coastal zones (0-10m and 0-20m above sea level),I,A,Annual,PN,Pitcairn,LECZPOPRF,Population in low elevation coastal zone in relative frequency,10M,0-10 meters above sea level,2016,,,,PERCENT,percent,,,O,Missing value,,,,
DATAFLOW,SPC:DF_POP_LECZ(1.0),Population living in low elevation coastal zones (0-10m and 0-20m above sea level),I,A,Annual,PN,Pitcairn,LECZPOPRF,Population in low elevation coastal zone in relative frequency,10M,0-10 meters above sea level,2017,,,,PERCENT,percent,,,O,Missing value,,,,
DATAFLOW,SPC:DF_POP_LECZ(1.0),Population living in low elevation coastal zones (0-10m and 0-20m above sea level),I,A,Annual,PN,Pitcairn,LECZPOPRF,Population in low elevation coastal zone in relative frequency,10M,0-10 meters above sea level,2018,,,,PERCENT,percent,,,O,Missing value,,,,
DATAFLOW,SPC:DF_POP_LECZ(1.0),Population living in low elevation coastal zones (0-10m and 0-20m above sea level),I,A,Annual,PN,Pitcairn,LECZPOPRF,Population in low elevation coastal zone in relative frequency,10M,0-10 meters above sea level,2019,,,,PERCENT,percent,,,O,Missing value,,,,
DATAFLOW,SPC:DF_POP_LECZ(1.0),Population living in low elevation coastal zones (0-10m and 0-20m above sea level),I,A,Annual,PN,Pitcairn,LECZPOPRF,Population in low elevation coastal zone in relative frequency,10M,0-10 meters above sea level,2020,,,,PERCENT,percent,,,O,Missing value,,,,
DATAFLOW,SPC:DF_POP_LECZ(1.0),Population living in low elevation coastal zones (0-10m and 0-20m above sea level),I,A,Annual,PN,Pitcairn,LECZPOPRF,Population in low elevation coastal zone in relative frequency,10M,0-10 meters above sea level,2021,,,,PERCENT,percent,,,O,Missing value,,,,
DATAFLOW,SPC:DF_POP_LECZ(1.0),Population living in low elevation coastal zones (0-10m and 0-20m above sea level),I,A,Annual,PN,Pitcairn,LECZPOPRF,Population in low elevation coastal zone in relative frequency,10M,0-10 meters above sea level,2022,,,,PERCENT,percent,,,O,Missing value,,,,
DATAFLOW,SPC:DF_POP_LECZ(1.0),Population living in low elevation coastal zones (0-10m and 0-20m above sea level),I,A,Annual,PN,Pitcairn,LECZPOPRF,Population in low elevation coastal zone in relative frequency,10M,0-10 meters above sea level,2023,,,,PERCENT,percent,,,O,Missing value,,,,
DATAFLOW,SPC:DF_POP_LECZ(1.0),Population living in low elevation coastal zones (0-10m and 0-20m above sea level),I,A,Annual,PN,Pitcairn,LECZPOPRF,Population in low elevation coastal zone in relative frequency,10M,0-10 meters above sea level,2024,,,,PERCENT,percent,,,O,Missing value,,,,
DATAFLOW,SPC:DF_POP_LECZ(1.0),Population living in low elevation coastal zones (0-10m and 0-20m above sea level),I,A,Annual,SB,Solomon Islands,LECZPOPRF,Population in low elevation coastal zone in relative frequency,5M,0-5 meters above sea level,2010,,19,,PERCENT,percent,,,,,,,This data was estimated based on population census of year 2023,
DATAFLOW,SPC:DF_POP_LECZ(1.0),Population living in low elevation coastal zones (0-10m and 0-20m above sea level),I,A,Annual,SB,Solomon Islands,LECZPOPRF,Population in low elevation coastal zone in relative frequency,5M,0-5 meters above sea level,2011,,19,,PERCENT,percent,,,,,,,This data was estimated based on population census of year 2023,
DATAFLOW,SPC:DF_POP_LECZ(1.0),Population living in low elevation coastal zones (0-10m and 0-20m above sea level),I,A,Annual,SB,Solomon Islands,LECZPOPRF,Population in low elevation coastal zone in relative frequency,5M,0-5 meters above sea level,2012,,19,,PERCENT,percent,,,,,,,This data was estimated based on population census of year 2023,
DATAFLOW,SPC:DF_POP_LECZ(1.0),Population living in low elevation coastal zones (0-10m and 0-20m above sea level),I,A,Annual,SB,Solomon Islands,LECZPOPRF,Population in low elevation coastal zone in relative frequency,5M,0-5 meters above sea level,2013,,19,,PERCENT,percent,,,,,,,This data was estimated based on population census of year 2023,
DATAFLOW,SPC:DF_POP_LECZ(1.0),Population living in low elevation coastal zones (0-10m and 0-20m above sea level),I,A,Annual,SB,Solomon Islands,LECZPOPRF,Population in low elevation coastal zone in relative frequency,5M,0-5 meters above sea level,2014,,19,,PERCENT,percent,,,,,,,This data was estimated based on population census of year 2023,
DATAFLOW,SPC:DF_POP_LECZ(1.0),Population living in low elevation coastal zones (0-10m and 0-20m above sea level),I,A,Annual,SB,Solomon Islands,LECZPOPRF,Population in low elevation coastal zone in relative frequency,5M,0-5 meters above sea level,2015,,19,,PERCENT,percent,,,,,,,This data was estimated based on population census of year 2023,
DATAFLOW,SPC:DF_POP_LECZ(1.0),Population living in low elevation coastal zones (0-10m and 0-20m above sea level),I,A,Annual,SB,Solomon Islands,LECZPOPRF,Population in low elevation coastal zone in relative frequency,5M,0-5 meters above sea level,2016,,19,,PERCENT,percent,,,,,,,This data was estimated based on population census of year 2023,
DATAFLOW,SPC:DF_POP_LECZ(1.0),Population living in low elevation coastal zones (0-10m and 0-20m above sea level),I,A,Annual,SB,Solomon Islands,LECZPOPRF,Population in low elevation coastal zone in relative frequency,5M,0-5 meters above sea level,2017,,19,,PERCENT,percent,,,,,,,This data was estimated based on population census of year 2023,
DATAFLOW,SPC:DF_POP_LECZ(1.0),Population living in low elevation coastal zones (0-10m and 0-20m above sea level),I,A,Annual,SB,Solomon Islands,LECZPOPRF,Population in low elevation coastal zone in relative frequency,5M,0-5 meters above sea level,2018,,19,,PERCENT,percent,,,,,,,This data was estimated based on population census of year 2023,
DATAFLOW,SPC:DF_POP_LECZ(1.0),Population living in low elevation coastal zones (0-10m and 0-20m above sea level),I,A,Annual,SB,Solomon Islands,LECZPOPRF,Population in low elevation coastal zone in relative frequency,5M,0-5 meters above sea level,2019,,19,,PERCENT,percent,,,,,,,This data was estimated based on population census of year 2023,
DATAFLOW,SPC:DF_POP_LECZ(1.0),Population living in low elevation coastal zones (0-10m and 0-20m above sea level),I,A,Annual,SB,Solomon Islands,LECZPOPRF,Population in low elevation coastal zone in relative frequency,5M,0-5 meters above sea level,2020,,19,,PERCENT,percent,,,,,,,This data was estimated based on population census of year 2023,
DATAFLOW,SPC:DF_POP_LECZ(1.0),Population living in low elevation coastal zones (0-10m and 0-20m above sea level),I,A,Annual,SB,Solomon Islands,LECZPOPRF,Population in low elevation coastal zone in relative frequency,5M,0-5 meters above sea level,2021,,19,,PERCENT,percent,,,,,,,This data was estimated based on population census of year 2023,
DATAFLOW,SPC:DF_POP_LECZ(1.0),Population living in low elevation coastal zones (0-10m and 0-20m above sea level),I,A,Annual,SB,Solomon Islands,LECZPOPRF,Population in low elevation coastal zone in relative frequency,5M,0-5 meters above sea level,2022,,19,,PERCENT,percent,,,,,,,This data was estimated based on population census of year 2023,
DATAFLOW,SPC:DF_POP_LECZ(1.0),Population living in low elevation coastal zones (0-10m and 0-20m above sea level),I,A,Annual,SB,Solomon Islands,LECZPOPRF,Population in low elevation coastal zone in relative frequency,5M,0-5 meters above sea level,2023,,19,,PERCENT,percent,,,,,,,This data was estimated based on population census of year 2023,
DATAFLOW,SPC:DF_POP_LECZ(1.0),Population living in low elevation coastal zones (0-10m and 0-20m above sea level),I,A,Annual,SB,Solomon Islands,LECZPOPRF,Population in low elevation coastal zone in relative frequency,5M,0-5 meters above sea level,2024,,19,,PERCENT,percent,,,,,,,This data was estimated based on population census of year 2023,
DATAFLOW,SPC:DF_POP_LECZ(1.0),Population living in low elevation coastal zones (0-10m and 0-20m above sea level),I,A,Annual,GU,Guam,LECZPOPRF,Population in low elevation coastal zone in relative frequency,5M,0-5 meters above sea level,2010,,2,,PERCENT,percent,,,,,,,This data was estimated based on population census of year 2023,
DATAFLOW,SPC:DF_POP_LECZ(1.0),Population living in low elevation coastal zones (0-10m and 0-20m above sea level),I,A,Annual,GU,Guam,LECZPOPRF,Population in low elevation coastal zone in relative frequency,5M,0-5 meters above sea level,2011,,2,,PERCENT,percent,,,,,,,This data was estimated based on population census of year 2023,
DATAFLOW,SPC:DF_POP_LECZ(1.0),Population living in low elevation coastal zones (0-10m and 0-20m above sea level),I,A,Annual,GU,Guam,LECZPOPRF,Population in low elevation coastal zone in relative frequency,5M,0-5 meters above sea level,2012,,2,,PERCENT,percent,,,,,,,This data was estimated based on population census of year 2023,
DATAFLOW,SPC:DF_POP_LECZ(1.0),Population living in low elevation coastal zones (0-10m and 0-20m above sea level),I,A,Annual,GU,Guam,LECZPOPRF,Population in low elevation coastal zone in relative frequency,5M,0-5 meters above sea level,2013,,2,,PERCENT,percent,,,,,,,This data was estimated based on population census of year 2023,
DATAFLOW,SPC:DF_POP_LECZ(1.0),Population living in low elevation coastal zones (0-10m and 0-20m above sea level),I,A,Annual,GU,Guam,LECZPOPRF,Population in low elevation coastal zone in relative frequency,5M,0-5 meters above sea level,2014,,2,,PERCENT,percent,,,,,,,This data was estimated based on population census of year 2023,
DATAFLOW,SPC:DF_POP_LECZ(1.0),Population living in low elevation coastal zones (0-10m and 0-20m above sea level),I,A,Annual,GU,Guam,LECZPOPRF,Population in low elevation coastal zone in relative frequency,5M,0-5 meters above sea level,2015,,2,,PERCENT,percent,,,,,,,This data was estimated based on population census of year 2023,
DATAFLOW,SPC:DF_POP_LECZ(1.0),Population living in low elevation coastal zones (0-10m and 0-20m above sea level),I,A,Annual,GU,Guam,LECZPOPRF,Population in low elevation coastal zone in relative frequency,5M,0-5 meters above sea level,2016,,2,,PERCENT,percent,,,,,,,This data was estimated based on population census of year 2023,
DATAFLOW,SPC:DF_POP_LECZ(1.0),Population living in low elevation coastal zones (0-10m and 0-20m above sea level),I,A,Annual,GU,Guam,LECZPOPRF,Population in low elevation coastal zone in relative frequency,5M,0-5 meters above sea level,2017,,2,,PERCENT,percent,,,,,,,This data was estimated based on population census of year 2023,
DATAFLOW,SPC:DF_POP_LECZ(1.0),Population living in low elevation coastal zones (0-10m and 0-20m above sea level),I,A,Annual,GU,Guam,LECZPOPRF,Population in low elevation coastal zone in relative frequency,5M,0-5 meters above sea level,2018,,2,,PERCENT,percent,,,,,,,This data was estimated based on population census of year 2023,
DATAFLOW,SPC:DF_POP_LECZ(1.0),Population living in low elevation coastal zones (0-10m and 0-20m above sea level),I,A,Annual,GU,Guam,LECZPOPRF,Population in low elevation coastal zone in relative frequency,5M,0-5 meters above sea level,2019,,2,,PERCENT,percent,,,,,,,This data was estimated based on population census of year 2023,
DATAFLOW,SPC:DF_POP_LECZ(1.0),Population living in low elevation coastal zones (0-10m and 0-20m above sea level),I,A,Annual,GU,Guam,LECZPOPRF,Population in low elevation coastal zone in relative frequency,5M,0-5 meters above sea level,2020,,2,,PERCENT,percent,,,,,,,This data was estimated based on population census of year 2023,
DATAFLOW,SPC:DF_POP_LECZ(1.0),Population living in low elevation coastal zones (0-10m and 0-20m above sea level),I,A,Annual,GU,Guam,LECZPOPRF,Population in low elevation coastal zone in relative frequency,5M,0-5 meters above sea level,2021,,2,,PERCENT,percent,,,,,,,This data was estimated based on population census of year 2023,
DATAFLOW,SPC:DF_POP_LECZ(1.0),Population living in low elevation coastal zones (0-10m and 0-20m above sea level),I,A,Annual,GU,Guam,LECZPOPRF,Population in low elevation coastal zone in relative frequency,5M,0-5 meters above sea level,2022,,2,,PERCENT,percent,,,,,,,This data was estimated based on population census of year 2023,
DATAFLOW,SPC:DF_POP_LECZ(1.0),Population living in low elevation coastal zones (0-10m and 0-20m above sea level),I,A,Annual,GU,Guam,LECZPOPRF,Population in low elevation coastal zone in relative frequency,5M,0-5 meters above sea level,2023,,2,,PERCENT,percent,,,,,,,This data was estimated based on population census of year 2023,
DATAFLOW,SPC:DF_POP_LECZ(1.0),Population living in low elevation coastal zones (0-10m and 0-20m above sea level),I,A,Annual,GU,Guam,LECZPOPRF,Population in low elevation coastal zone in relative frequency,5M,0-5 meters above sea level,2024,,2,,PERCENT,percent,,,,,,,This data was estimated based on population census of year 2023,
DATAFLOW,SPC:DF_POP_LECZ(1.0),Population living in low elevation coastal zones (0-10m and 0-20m above sea level),I,A,Annual,CK,Cook Islands,LECZPOPRF,Population in low elevation coastal zone in relative frequency,20M,0-20 meters above sea level,2010,,74,,PERCENT,percent,,,E,Estimated value,,,This data was estimated based on population census of year 2021,
DATAFLOW,SPC:DF_POP_LECZ(1.0),Population living in low elevation coastal zones (0-10m and 0-20m above sea level),I,A,Annual,CK,Cook Islands,LECZPOPRF,Population in low elevation coastal zone in relative frequency,20M,0-20 meters above sea level,2011,,74,,PERCENT,percent,,,E,Estimated value,,,This data was estimated based on population census of year 2021,
DATAFLOW,SPC:DF_POP_LECZ(1.0),Population living in low elevation coastal zones (0-10m and 0-20m above sea level),I,A,Annual,CK,Cook Islands,LECZPOPRF,Population in low elevation coastal zone in relative frequency,20M,0-20 meters above sea level,2012,,74,,PERCENT,percent,,,E,Estimated value,,,This data was estimated based on population census of year 2021,
DATAFLOW,SPC:DF_POP_LECZ(1.0),Population living in low elevation coastal zones (0-10m and 0-20m above sea level),I,A,Annual,CK,Cook Islands,LECZPOPRF,Population in low elevation coastal zone in relative frequency,20M,0-20 meters above sea level,2013,,74,,PERCENT,percent,,,E,Estimated value,,,This data was estimated based on population census of year 2021,
DATAFLOW,SPC:DF_POP_LECZ(1.0),Population living in low elevation coastal zones (0-10m and 0-20m above sea level),I,A,Annual,CK,Cook Islands,LECZPOPRF,Population in low elevation coastal zone in relative frequency,20M,0-20 meters above sea level,2014,,74,,PERCENT,percent,,,E,Estimated value,,,This data was estimated based on population census of year 2021,
DATAFLOW,SPC:DF_POP_LECZ(1.0),Population living in low elevation coastal zones (0-10m and 0-20m above sea level),I,A,Annual,CK,Cook Islands,LECZPOPRF,Population in low elevation coastal zone in relative frequency,20M,0-20 meters above sea level,2015,,74,,PERCENT,percent,,,E,Estimated value,,,This data was estimated based on population census of year 2021,
DATAFLOW,SPC:DF_POP_LECZ(1.0),Population living in low elevation coastal zones (0-10m and 0-20m above sea level),I,A,Annual,CK,Cook Islands,LECZPOPRF,Population in low elevation coastal zone in relative frequency,20M,0-20 meters above sea level,2016,,74,,PERCENT,percent,,,E,Estimated value,,,This data was estimated based on population census of year 2021,
DATAFLOW,SPC:DF_POP_LECZ(1.0),Population living in low elevation coastal zones (0-10m and 0-20m above sea level),I,A,Annual,CK,Cook Islands,LECZPOPRF,Population in low elevation coastal zone in relative frequency,20M,0-20 meters above sea level,2017,,74,,PERCENT,percent,,,E,Estimated value,,,This data was estimated based on population census of year 2021,
DATAFLOW,SPC:DF_POP_LECZ(1.0),Population living in low elevation coastal zones (0-10m and 0-20m above sea level),I,A,Annual,CK,Cook Islands,LECZPOPRF,Population in low elevation coastal zone in relative frequency,20M,0-20 meters above sea level,2018,,74,,PERCENT,percent,,,E,Estimated value,,,This data was estimated based on population census of year 2021,
DATAFLOW,SPC:DF_POP_LECZ(1.0),Population living in low elevation coastal zones (0-10m and 0-20m above sea level),I,A,Annual,CK,Cook Islands,LECZPOPRF,Population in low elevation coastal zone in relative frequency,20M,0-20 meters above sea level,2019,,74,,PERCENT,percent,,,E,Estimated value,,,This data was estimated based on population census of year 2021,
DATAFLOW,SPC:DF_POP_LECZ(1.0),Population living in low elevation coastal zones (0-10m and 0-20m above sea level),I,A,Annual,CK,Cook Islands,LECZPOPRF,Population in low elevation coastal zone in relative frequency,20M,0-20 meters above sea level,2020,,74,,PERCENT,percent,,,E,Estimated value,,,This data was estimated based on population census of year 2021,
DATAFLOW,SPC:DF_POP_LECZ(1.0),Population living in low elevation coastal zones (0-10m and 0-20m above sea level),I,A,Annual,CK,Cook Islands,LECZPOPRF,Population in low elevation coastal zone in relative frequency,20M,0-20 meters above sea level,2021,,74,,PERCENT,percent,,,E,Estimated value,,,This data was estimated based on population census of year 2021,
DATAFLOW,SPC:DF_POP_LECZ(1.0),Population living in low elevation coastal zones (0-10m and 0-20m above sea level),I,A,Annual,CK,Cook Islands,LECZPOPRF,Population in low elevation coastal zone in relative frequency,20M,0-20 meters above sea level,2022,,73,,PERCENT,percent,,,,,,,This data was estimated based on population census of year 2021,
DATAFLOW,SPC:DF_POP_LECZ(1.0),Population living in low elevation coastal zones (0-10m and 0-20m above sea level),I,A,Annual,CK,Cook Islands,LECZPOPRF,Population in low elevation coastal zone in relative frequency,20M,0-20 meters above sea level,2023,,73,,PERCENT,percent,,,,,,,This data was estimated based on population census of year 2021,
DATAFLOW,SPC:DF_POP_LECZ(1.0),Population living in low elevation coastal zones (0-10m and 0-20m above sea level),I,A,Annual,CK,Cook Islands,LECZPOPRF,Population in low elevation coastal zone in relative frequency,20M,0-20 meters above sea level,2024,,73,,PERCENT,percent,,,,,,,This data was estimated based on population census of year 2021,
DATAFLOW,SPC:DF_POP_LECZ(1.0),Population living in low elevation coastal zones (0-10m and 0-20m above sea level),I,A,Annual,NR,Naoero,LECZPOPAF,Population in low elevation coastal zone in absolute frequency,_T,Total,2010,,10088,,N,units,,,E,Estimated value,,,Estimated mid-year population for year 2010.,
DATAFLOW,SPC:DF_POP_LECZ(1.0),Population living in low elevation coastal zones (0-10m and 0-20m above sea level),I,A,Annual,NR,Naoero,LECZPOPAF,Population in low elevation coastal zone in absolute frequency,_T,Total,2011,,10149,,N,units,,,E,Estimated value,,,Estimated mid-year population for year 2011.,
DATAFLOW,SPC:DF_POP_LECZ(1.0),Population living in low elevation coastal zones (0-10m and 0-20m above sea level),I,A,Annual,NR,Naoero,LECZPOPAF,Population in low elevation coastal zone in absolute frequency,_T,Total,2012,,10309,,N,units,,,E,Estimated value,,,Estimated mid-year population for year 2012.,
DATAFLOW,SPC:DF_POP_LECZ(1.0),Population living in low elevation coastal zones (0-10m and 0-20m above sea level),I,A,Annual,NR,Naoero,LECZPOPAF,Population in low elevation coastal zone in absolute frequency,_T,Total,2013,,10565,,N,units,,,E,Estimated value,,,Estimated mid-year population for year 2013.,
DATAFLOW,SPC:DF_POP_LECZ(1.0),Population living in low elevation coastal zones (0-10m and 0-20m above sea level),I,A,Annual,NR,Naoero,LECZPOPAF,Population in low elevation coastal zone in absolute frequency,_T,Total,2014,,10789,,N,units,,,E,Estimated value,,,Estimated mid-year population for year 2014.,
DATAFLOW,SPC:DF_POP_LECZ(1.0),Population living in low elevation coastal zones (0-10m and 0-20m above sea level),I,A,Annual,NR,Naoero,LECZPOPAF,Population in low elevation coastal zone in absolute frequency,_T,Total,2015,,11003,,N,units,,,E,Estimated value,,,Estimated mid-year population for year 2015.,
DATAFLOW,SPC:DF_POP_LECZ(1.0),Population living in low elevation coastal zones (0-10m and 0-20m above sea level),I,A,Annual,NR,Naoero,LECZPOPAF,Population in low elevation coastal zone in absolute frequency,_T,Total,2016,,11190,,N,units,,,E,Estimated value,,,Estimated mid-year population for year 2016.,
DATAFLOW,SPC:DF_POP_LECZ(1.0),Population living in low elevation coastal zones (0-10m and 0-20m above sea level),I,A,Annual,NR,Naoero,LECZPOPAF,Population in low elevation coastal zone in absolute frequency,_T,Total,2017,,11372,,N,units,,,E,Estimated value,,,Estimated mid-year population for year 2017.,
DATAFLOW,SPC:DF_POP_LECZ(1.0),Population living in low elevation coastal zones (0-10m and 0-20m above sea level),I,A,Annual,NR,Naoero,LECZPOPAF,Population in low elevation coastal zone in absolute frequency,_T,Total,2018,,11522,,N,units,,,E,Estimated value,,,Estimated mid-year population for year 2018.,
DATAFLOW,SPC:DF_POP_LECZ(1.0),Population living in low elevation coastal zones (0-10m and 0-20m above sea level),I,A,Annual,NR,Naoero,LECZPOPAF,Population in low elevation coastal zone in absolute frequency,_T,Total,2019,,11637,,N,units,,,E,Estimated value,,,Estimated mid-year population for year 2019.,
DATAFLOW,SPC:DF_POP_LECZ(1.0),Population living in low elevation coastal zones (0-10m and 0-20m above sea level),I,A,Annual,NR,Naoero,LECZPOPAF,Population in low elevation coastal zone in absolute frequency,_T,Total,2020,,11684,,N,units,,,E,Estimated value,,,Estimated mid-year population for year 2020.,
DATAFLOW,SPC:DF_POP_LECZ(1.0),Population living in low elevation coastal zones (0-10m and 0-20m above sea level),I,A,Annual,NR,Naoero,LECZPOPAF,Population in low elevation coastal zone in absolute frequency,_T,Total,2021,,11753,,N,units,,,E,Estimated value,,,Estimated mid-year population for year 2021.,
DATAFLOW,SPC:DF_POP_LECZ(1.0),Population living in low elevation coastal zones (0-10m and 0-20m above sea level),I,A,Annual,KI,Kiribati,LECZPOPRF,Population in low elevation coastal zone in relative frequency,5M,0-5 meters above sea level,2010,,24,,PERCENT,percent,,,,,,,This data was estimated based on population census of year 2023,
DATAFLOW,SPC:DF_POP_LECZ(1.0),Population living in low elevation coastal zones (0-10m and 0-20m above sea level),I,A,Annual,KI,Kiribati,LECZPOPRF,Population in low elevation coastal zone in relative frequency,5M,0-5 meters above sea level,2011,,24,,PERCENT,percent,,,,,,,This data was estimated based on population census of year 2023,
DATAFLOW,SPC:DF_POP_LECZ(1.0),Population living in low elevation coastal zones (0-10m and 0-20m above sea level),I,A,Annual,KI,Kiribati,LECZPOPRF,Population in low elevation coastal zone in relative frequency,5M,0-5 meters above sea level,2012,,24,,PERCENT,percent,,,,,,,This data was estimated based on population census of year 2023,
DATAFLOW,SPC:DF_POP_LECZ(1.0),Population living in low elevation coastal zones (0-10m and 0-20m above sea level),I,A,Annual,KI,Kiribati,LECZPOPRF,Population in low elevation coastal zone in relative frequency,5M,0-5 meters above sea level,2013,,24,,PERCENT,percent,,,,,,,This data was estimated based on population census of year 2023,
DATAFLOW,SPC:DF_POP_LECZ(1.0),Population living in low elevation coastal zones (0-10m and 0-20m above sea level),I,A,Annual,KI,Kiribati,LECZPOPRF,Population in low elevation coastal zone in relative frequency,5M,0-5 meters above sea level,2014,,24,,PERCENT,percent,,,,,,,This data was estimated based on population census of year 2023,
DATAFLOW,SPC:DF_POP_LECZ(1.0),Population living in low elevation coastal zones (0-10m and 0-20m above sea level),I,A,Annual,KI,Kiribati,LECZPOPRF,Population in low elevation coastal zone in relative frequency,5M,0-5 meters above sea level,2015,,24,,PERCENT,percent,,,,,,,This data was estimated based on population census of year 2023,
DATAFLOW,SPC:DF_POP_LECZ(1.0),Population living in low elevation coastal zones (0-10m and 0-20m above sea level),I,A,Annual,KI,Kiribati,LECZPOPRF,Population in low elevation coastal zone in relative frequency,5M,0-5 meters above sea level,2016,,24,,PERCENT,percent,,,,,,,This data was estimated based on population census of year 2023,
DATAFLOW,SPC:DF_POP_LECZ(1.0),Population living in low elevation coastal zones (0-10m and 0-20m above sea level),I,A,Annual,KI,Kiribati,LECZPOPRF,Population in low elevation coastal zone in relative frequency,5M,0-5 meters above sea level,2017,,24,,PERCENT,percent,,,,,,,This data was estimated based on population census of year 2023,
DATAFLOW,SPC:DF_POP_LECZ(1.0),Population living in low elevation coastal zones (0-10m and 0-20m above sea level),I,A,Annual,KI,Kiribati,LECZPOPRF,Population in low elevation coastal zone in relative frequency,5M,0-5 meters above sea level,2018,,24,,PERCENT,percent,,,,,,,This data was estimated based on population census of year 2023,
DATAFLOW,SPC:DF_POP_LECZ(1.0),Population living in low elevation coastal zones (0-10m and 0-20m above sea level),I,A,Annual,KI,Kiribati,LECZPOPRF,Population in low elevation coastal zone in relative frequency,5M,0-5 meters above sea level,2019,,24,,PERCENT,percent,,,,,,,This data was estimated based on population census of year 2023,
DATAFLOW,SPC:DF_POP_LECZ(1.0),Population living in low elevation coastal zones (0-10m and 0-20m above sea level),I,A,Annual,KI,Kiribati,LECZPOPRF,Population in low elevation coastal zone in relative frequency,5M,0-5 meters above sea level,2020,,24,,PERCENT,percent,,,,,,,This data was estimated based on population census of year 2023,
DATAFLOW,SPC:DF_POP_LECZ(1.0),Population living in low elevation coastal zones (0-10m and 0-20m above sea level),I,A,Annual,KI,Kiribati,LECZPOPRF,Population in low elevation coastal zone in relative frequency,5M,0-5 meters above sea level,2021,,24,,PERCENT,percent,,,,,,,This data was estimated based on population census of year 2023,
DATAFLOW,SPC:DF_POP_LECZ(1.0),Population living in low elevation coastal zones (0-10m and 0-20m above sea level),I,A,Annual,KI,Kiribati,LECZPOPRF,Population in low elevation coastal zone in relative frequency,5M,0-5 meters above sea level,2022,,24,,PERCENT,percent,,,,,,,This data was estimated based on population census of year 2023,
DATAFLOW,SPC:DF_POP_LECZ(1.0),Population living in low elevation coastal zones (0-10m and 0-20m above sea level),I,A,Annual,KI,Kiribati,LECZPOPRF,Population in low elevation coastal zone in relative frequency,5M,0-5 meters above sea level,2023,,24,,PERCENT,percent,,,,,,,This data was estimated based on population census of year 2023,
DATAFLOW,SPC:DF_POP_LECZ(1.0),Population living in low elevation coastal zones (0-10m and 0-20m above sea level),I,A,Annual,KI,Kiribati,LECZPOPRF,Population in low elevation coastal zone in relative frequency,5M,0-5 meters above sea level,2024,,24,,PERCENT,percent,,,,,,,This data was estimated based on population census of year 2023,
DATAFLOW,SPC:DF_POP_LECZ(1.0),Population living in low elevation coastal zones (0-10m and 0-20m above sea level),I,A,Annual,NC,New Caledonia,LECZPOPAF,Population in low elevation coastal zone in absolute frequency,5M,0-5 meters above sea level,2010,,32645,,N,units,,,,,,,This data was estimated based on population census of year 2023,
DATAFLOW,SPC:DF_POP_LECZ(1.0),Population living in low elevation coastal zones (0-10m and 0-20m above sea level),I,A,Annual,NC,New Caledonia,LECZPOPAF,Population in low elevation coastal zone in absolute frequency,5M,0-5 meters above sea level,2011,,33265,,N,units,,,,,,,This data was estimated based on population census of year 2023,
DATAFLOW,SPC:DF_POP_LECZ(1.0),Population living in low elevation coastal zones (0-10m and 0-20m above sea level),I,A,Annual,NC,New Caledonia,LECZPOPAF,Population in low elevation coastal zone in absolute frequency,5M,0-5 meters above sea level,2012,,33900,,N,units,,,,,,,This data was estimated based on population census of year 2023,
DATAFLOW,SPC:DF_POP_LECZ(1.0),Population living in low elevation coastal zones (0-10m and 0-20m above sea level),I,A,Annual,NC,New Caledonia,LECZPOPAF,Population in low elevation coastal zone in absolute frequency,5M,0-5 meters above sea level,2013,,34547,,N,units,,,,,,,This data was estimated based on population census of year 2023,
DATAFLOW,SPC:DF_POP_LECZ(1.0),Population living in low elevation coastal zones (0-10m and 0-20m above sea level),I,A,Annual,NC,New Caledonia,LECZPOPAF,Population in low elevation coastal zone in absolute frequency,5M,0-5 meters above sea level,2014,,35097,,N,units,,,,,,,This data was estimated based on population census of year 2023,
DATAFLOW,SPC:DF_POP_LECZ(1.0),Population living in low elevation coastal zones (0-10m and 0-20m above sea level),I,A,Annual,NC,New Caledonia,LECZPOPAF,Population in low elevation coastal zone in absolute frequency,5M,0-5 meters above sea level,2015,,35339,,N,units,,,,,,,This data was estimated based on population census of year 2023,
DATAFLOW,SPC:DF_POP_LECZ(1.0),Population living in low elevation coastal zones (0-10m and 0-20m above sea level),I,A,Annual,NC,New Caledonia,LECZPOPAF,Population in low elevation coastal zone in absolute frequency,5M,0-5 meters above sea level,2016,,35371,,N,units,,,,,,,This data was estimated based on population census of year 2023,
DATAFLOW,SPC:DF_POP_LECZ(1.0),Population living in low elevation coastal zones (0-10m and 0-20m above sea level),I,A,Annual,NC,New Caledonia,LECZPOPAF,Population in low elevation coastal zone in absolute frequency,5M,0-5 meters above sea level,2017,,35387,,N,units,,,,,,,This data was estimated based on population census of year 2023,
DATAFLOW,SPC:DF_POP_LECZ(1.0),Population living in low elevation coastal zones (0-10m and 0-20m above sea level),I,A,Annual,NC,New Caledonia,LECZPOPAF,Population in low elevation coastal zone in absolute frequency,5M,0-5 meters above sea level,2018,,35386,,N,units,,,,,,,This data was estimated based on population census of year 2023,
DATAFLOW,SPC:DF_POP_LECZ(1.0),Population living in low elevation coastal zones (0-10m and 0-20m above sea level),I,A,Annual,NC,New Caledonia,LECZPOPAF,Population in low elevation coastal zone in absolute frequency,5M,0-5 meters above sea level,2019,,35394,,N,units,,,,,,,This data was estimated based on population census of year 2023,
DATAFLOW,SPC:DF_POP_LECZ(1.0),Population living in low elevation coastal zones (0-10m and 0-20m above sea level),I,A,Annual,NC,New Caledonia,LECZPOPAF,Population in low elevation coastal zone in absolute frequency,5M,0-5 meters above sea level,2020,,35465,,N,units,,,,,,,This data was estimated based on population census of year 2023,
DATAFLOW,SPC:DF_POP_LECZ(1.0),Population living in low elevation coastal zones (0-10m and 0-20m above sea level),I,A,Annual,NC,New Caledonia,LECZPOPAF,Population in low elevation coastal zone in absolute frequency,5M,0-5 meters above sea level,2021,,35595,,N,units,,,,,,,This data was estimated based on population census of year 2023,
DATAFLOW,SPC:DF_POP_LECZ(1.0),Population living in low elevation coastal zones (0-10m and 0-20m above sea level),I,A,Annual,NC,New Caledonia,LECZPOPAF,Population in low elevation coastal zone in absolute frequency,5M,0-5 meters above sea level,2022,,35833,,N,units,,,,,,,This data was estimated based on population census of year 2023,
DATAFLOW,SPC:DF_POP_LECZ(1.0),Population living in low elevation coastal zones (0-10m and 0-20m above sea level),I,A,Annual,NC,New Caledonia,LECZPOPAF,Population in low elevation coastal zone in absolute frequency,5M,0-5 meters above sea level,2023,,36176,,N,units,,,,,,,This data was estimated based on population census of year 2023,
DATAFLOW,SPC:DF_POP_LECZ(1.0),Population living in low elevation coastal zones (0-10m and 0-20m above sea level),I,A,Annual,NC,New Caledonia,LECZPOPAF,Population in low elevation coastal zone in absolute frequency,5M,0-5 meters above sea level,2024,,36521,,N,units,,,,,,,This data was estimated based on population census of year 2023,
DATAFLOW,SPC:DF_POP_LECZ(1.0),Population living in low elevation coastal zones (0-10m and 0-20m above sea level),I,A,Annual,MH,Marshall Islands,LECZPOPAF,Population in low elevation coastal zone in absolute frequency,10M,0-10 meters above sea level,2010,,50006,,N,units,,,E,Estimated value,,,This data was estimated based on population census of year 2021,
DATAFLOW,SPC:DF_POP_LECZ(1.0),Population living in low elevation coastal zones (0-10m and 0-20m above sea level),I,A,Annual,MH,Marshall Islands,LECZPOPAF,Population in low elevation coastal zone in absolute frequency,10M,0-10 meters above sea level,2011,,49869,,N,units,,,E,Estimated value,,,This data was estimated based on population census of year 2021,
DATAFLOW,SPC:DF_POP_LECZ(1.0),Population living in low elevation coastal zones (0-10m and 0-20m above sea level),I,A,Annual,MH,Marshall Islands,LECZPOPAF,Population in low elevation coastal zone in absolute frequency,10M,0-10 meters above sea level,2012,,49401,,N,units,,,E,Estimated value,,,This data was estimated based on population census of year 2021,
DATAFLOW,SPC:DF_POP_LECZ(1.0),Population living in low elevation coastal zones (0-10m and 0-20m above sea level),I,A,Annual,MH,Marshall Islands,LECZPOPAF,Population in low elevation coastal zone in absolute frequency,10M,0-10 meters above sea level,2013,,48697,,N,units,,,E,Estimated value,,,This data was estimated based on population census of year 2021,
DATAFLOW,SPC:DF_POP_LECZ(1.0),Population living in low elevation coastal zones (0-10m and 0-20m above sea level),I,A,Annual,MH,Marshall Islands,LECZPOPAF,Population in low elevation coastal zone in absolute frequency,10M,0-10 meters above sea level,2014,,47841,,N,units,,,E,Estimated value,,,This data was estimated based on population census of year 2021,
DATAFLOW,SPC:DF_POP_LECZ(1.0),Population living in low elevation coastal zones (0-10m and 0-20m above sea level),I,A,Annual,MH,Marshall Islands,LECZPOPAF,Population in low elevation coastal zone in absolute frequency,10M,0-10 meters above sea level,2015,,46889,,N,units,,,E,Estimated value,,,This data was estimated based on population census of year 2021,
DATAFLOW,SPC:DF_POP_LECZ(1.0),Population living in low elevation coastal zones (0-10m and 0-20m above sea level),I,A,Annual,MH,Marshall Islands,LECZPOPAF,Population in low elevation coastal zone in absolute frequency,10M,0-10 meters above sea level,2016,,45843,,N,units,,,E,Estimated value,,,This data was estimated based on population census of year 2021,
DATAFLOW,SPC:DF_POP_LECZ(1.0),Population living in low elevation coastal zones (0-10m and 0-20m above sea level),I,A,Annual,MH,Marshall Islands,LECZPOPAF,Population in low elevation coastal zone in absolute frequency,10M,0-10 meters above sea level,2017,,44711,,N,units,,,E,Estimated value,,,This data was estimated based on population census of year 2021,
DATAFLOW,SPC:DF_POP_LECZ(1.0),Population living in low elevation coastal zones (0-10m and 0-20m above sea level),I,A,Annual,MH,Marshall Islands,LECZPOPAF,Population in low elevation coastal zone in absolute frequency,10M,0-10 meters above sea level,2018,,43512,,N,units,,,E,Estimated value,,,This data was estimated based on population census of year 2021,
DATAFLOW,SPC:DF_POP_LECZ(1.0),Population living in low elevation coastal zones (0-10m and 0-20m above sea level),I,A,Annual,MH,Marshall Islands,LECZPOPAF,Population in low elevation coastal zone in absolute frequency,10M,0-10 meters above sea level,2019,,42287,,N,units,,,E,Estimated value,,,This data was estimated based on population census of year 2021,
DATAFLOW,SPC:DF_POP_LECZ(1.0),Population living in low elevation coastal zones (0-10m and 0-20m above sea level),I,A,Annual,MH,Marshall Islands,LECZPOPAF,Population in low elevation coastal zone in absolute frequency,10M,0-10 meters above sea level,2020,,41035,,N,units,,,E,Estimated value,,,This data was estimated based on population census of year 2021,
DATAFLOW,SPC:DF_POP_LECZ(1.0),Population living in low elevation coastal zones (0-10m and 0-20m above sea level),I,A,Annual,MH,Marshall Islands,LECZPOPAF,Population in low elevation coastal zone in absolute frequency,10M,0-10 meters above sea level,2021,,39761,,N,units,,,E,Estimated value,,,This data was estimated based on population census of year 2021,
DATAFLOW,SPC:DF_POP_LECZ(1.0),Population living in low elevation coastal zones (0-10m and 0-20m above sea level),I,A,Annual,MH,Marshall Islands,LECZPOPAF,Population in low elevation coastal zone in absolute frequency,10M,0-10 meters above sea level,2022,,38562,,N,units,,,,,,,This data was estimated based on population census of year 2021,
DATAFLOW,SPC:DF_POP_LECZ(1.0),Population living in low elevation coastal zones (0-10m and 0-20m above sea level),I,A,Annual,MH,Marshall Islands,LECZPOPAF,Population in low elevation coastal zone in absolute frequency,10M,0-10 meters above sea level,2023,,37359,,N,units,,,,,,,This data was estimated based on population census of year 2021,
DATAFLOW,SPC:DF_POP_LECZ(1.0),Population living in low elevation coastal zones (0-10m and 0-20m above sea level),I,A,Annual,MH,Marshall Islands,LECZPOPAF,Population in low elevation coastal zone in absolute frequency,10M,0-10 meters above sea level,2024,,36129,,N,units,,,,,,,This data was estimated based on population census of year 2021,
DATAFLOW,SPC:DF_POP_LECZ(1.0),Population living in low elevation coastal zones (0-10m and 0-20m above sea level),I,A,Annual,NU,Niue,LECZPOPAF,Population in low elevation coastal zone in absolute frequency,_T,Total,2010,,1809,,N,units,,,E,Estimated value,,,Estimated mid-year population for year 2010.,
DATAFLOW,SPC:DF_POP_LECZ(1.0),Population living in low elevation coastal zones (0-10m and 0-20m above sea level),I,A,Annual,NU,Niue,LECZPOPAF,Population in low elevation coastal zone in absolute frequency,_T,Total,2011,,1797,,N,units,,,E,Estimated value,,,Estimated mid-year population for year 2011.,
DATAFLOW,SPC:DF_POP_LECZ(1.0),Population living in low elevation coastal zones (0-10m and 0-20m above sea level),I,A,Annual,NU,Niue,LECZPOPAF,Population in low elevation coastal zone in absolute frequency,_T,Total,2012,,1797,,N,units,,,E,Estimated value,,,Estimated mid-year population for year 2012.,
DATAFLOW,SPC:DF_POP_LECZ(1.0),Population living in low elevation coastal zones (0-10m and 0-20m above sea level),I,A,Annual,NU,Niue,LECZPOPAF,Population in low elevation coastal zone in absolute frequency,_T,Total,2013,,1801,,N,units,,,E,Estimated value,,,Estimated mid-year population for year 2013.,
DATAFLOW,SPC:DF_POP_LECZ(1.0),Population living in low elevation coastal zones (0-10m and 0-20m above sea level),I,A,Annual,NU,Niue,LECZPOPAF,Population in low elevation coastal zone in absolute frequency,_T,Total,2014,,1811,,N,units,,,E,Estimated value,,,Estimated mid-year population for year 2014.,
DATAFLOW,SPC:DF_POP_LECZ(1.0),Population living in low elevation coastal zones (0-10m and 0-20m above sea level),I,A,Annual,NU,Niue,LECZPOPAF,Population in low elevation coastal zone in absolute frequency,_T,Total,2015,,1825,,N,units,,,E,Estimated value,,,Estimated mid-year population for year 2015.,
DATAFLOW,SPC:DF_POP_LECZ(1.0),Population living in low elevation coastal zones (0-10m and 0-20m above sea level),I,A,Annual,NU,Niue,LECZPOPAF,Population in low elevation coastal zone in absolute frequency,_T,Total,2016,,1822,,N,units,,,E,Estimated value,,,Estimated mid-year population for year 2016.,
DATAFLOW,SPC:DF_POP_LECZ(1.0),Population living in low elevation coastal zones (0-10m and 0-20m above sea level),I,A,Annual,NU,Niue,LECZPOPAF,Population in low elevation coastal zone in absolute frequency,_T,Total,2017,,1825,,N,units,,,E,Estimated value,,,Estimated mid-year population for year 2017.,
DATAFLOW,SPC:DF_POP_LECZ(1.0),Population living in low elevation coastal zones (0-10m and 0-20m above sea level),I,A,Annual,NU,Niue,LECZPOPAF,Population in low elevation coastal zone in absolute frequency,_T,Total,2018,,1830,,N,units,,,E,Estimated value,,,Estimated mid-year population for year 2018.,
DATAFLOW,SPC:DF_POP_LECZ(1.0),Population living in low elevation coastal zones (0-10m and 0-20m above sea level),I,A,Annual,NU,Niue,LECZPOPAF,Population in low elevation coastal zone in absolute frequency,_T,Total,2019,,1835,,N,units,,,E,Estimated value,,,Estimated mid-year population for year 2019.,
DATAFLOW,SPC:DF_POP_LECZ(1.0),Population living in low elevation coastal zones (0-10m and 0-20m above sea level),I,A,Annual,NU,Niue,LECZPOPAF,Population in low elevation coastal zone in absolute frequency,_T,Total,2020,,1841,,N,units,,,E,Estimated value,,,Estimated mid-year population for year 2020.,
DATAFLOW,SPC:DF_POP_LECZ(1.0),Population living in low elevation coastal zones (0-10m and 0-20m above sea level),I,A,Annual,NU,Niue,LECZPOPAF,Population in low elevation coastal zone in absolute frequency,_T,Total,2021,,1857,,N,units,,,E,Estimated value,,,Estimated mid-year population for year 2021.,
DATAFLOW,SPC:DF_POP_LECZ(1.0),Population living in low elevation coastal zones (0-10m and 0-20m above sea level),I,A,Annual,PG,Papua New Guinea,LECZPOPRF,Population in low elevation coastal zone in relative frequency,10M,0-10 meters above sea level,2010,,10,,PERCENT,percent,,,O,Missing value,,,This data was estimated based on population census of year 2023,
DATAFLOW,SPC:DF_POP_LECZ(1.0),Population living in low elevation coastal zones (0-10m and 0-20m above sea level),I,A,Annual,PG,Papua New Guinea,LECZPOPRF,Population in low elevation coastal zone in relative frequency,10M,0-10 meters above sea level,2011,,10,,PERCENT,percent,,,O,Missing value,,,This data was estimated based on population census of year 2023,
DATAFLOW,SPC:DF_POP_LECZ(1.0),Population living in low elevation coastal zones (0-10m and 0-20m above sea level),I,A,Annual,PG,Papua New Guinea,LECZPOPRF,Population in low elevation coastal zone in relative frequency,10M,0-10 meters above sea level,2012,,10,,PERCENT,percent,,,O,Missing value,,,This data was estimated based on population census of year 2023,
DATAFLOW,SPC:DF_POP_LECZ(1.0),Population living in low elevation coastal zones (0-10m and 0-20m above sea level),I,A,Annual,PG,Papua New Guinea,LECZPOPRF,Population in low elevation coastal zone in relative frequency,10M,0-10 meters above sea level,2013,,10,,PERCENT,percent,,,O,Missing value,,,This data was estimated based on population census of year 2023,
DATAFLOW,SPC:DF_POP_LECZ(1.0),Population living in low elevation coastal zones (0-10m and 0-20m above sea level),I,A,Annual,PG,Papua New Guinea,LECZPOPRF,Population in low elevation coastal zone in relative frequency,10M,0-10 meters above sea level,2014,,10,,PERCENT,percent,,,O,Missing value,,,This data was estimated based on population census of year 2023,
DATAFLOW,SPC:DF_POP_LECZ(1.0),Population living in low elevation coastal zones (0-10m and 0-20m above sea level),I,A,Annual,PG,Papua New Guinea,LECZPOPRF,Population in low elevation coastal zone in relative frequency,10M,0-10 meters above sea level,2015,,10,,PERCENT,percent,,,O,Missing value,,,This data was estimated based on population census of year 2023,
DATAFLOW,SPC:DF_POP_LECZ(1.0),Population living in low elevation coastal zones (0-10m and 0-20m above sea level),I,A,Annual,PG,Papua New Guinea,LECZPOPRF,Population in low elevation coastal zone in relative frequency,10M,0-10 meters above sea level,2016,,10,,PERCENT,percent,,,O,Missing value,,,This data was estimated based on population census of year 2023,
DATAFLOW,SPC:DF_POP_LECZ(1.0),Population living in low elevation coastal zones (0-10m and 0-20m above sea level),I,A,Annual,PG,Papua New Guinea,LECZPOPRF,Population in low elevation coastal zone in relative frequency,10M,0-10 meters above sea level,2017,,10,,PERCENT,percent,,,O,Missing value,,,This data was estimated based on population census of year 2023,
DATAFLOW,SPC:DF_POP_LECZ(1.0),Population living in low elevation coastal zones (0-10m and 0-20m above sea level),I,A,Annual,PG,Papua New Guinea,LECZPOPRF,Population in low elevation coastal zone in relative frequency,10M,0-10 meters above sea level,2018,,10,,PERCENT,percent,,,O,Missing value,,,This data was estimated based on population census of year 2023,
DATAFLOW,SPC:DF_POP_LECZ(1.0),Population living in low elevation coastal zones (0-10m and 0-20m above sea level),I,A,Annual,PG,Papua New Guinea,LECZPOPRF,Population in low elevation coastal zone in relative frequency,10M,0-10 meters above sea level,2019,,10,,PERCENT,percent,,,O,Missing value,,,This data was estimated based on population census of year 2023,
DATAFLOW,SPC:DF_POP_LECZ(1.0),Population living in low elevation coastal zones (0-10m and 0-20m above sea level),I,A,Annual,PG,Papua New Guinea,LECZPOPRF,Population in low elevation coastal zone in relative frequency,10M,0-10 meters above sea level,2020,,10,,PERCENT,percent,,,O,Missing value,,,This data was estimated based on population census of year 2023,
DATAFLOW,SPC:DF_POP_LECZ(1.0),Population living in low elevation coastal zones (0-10m and 0-20m above sea level),I,A,Annual,PG,Papua New Guinea,LECZPOPRF,Population in low elevation coastal zone in relative frequency,10M,0-10 meters above sea level,2021,,10,,PERCENT,percent,,,O,Missing value,,,This data was estimated based on population census of year 2023,
DATAFLOW,SPC:DF_POP_LECZ(1.0),Population living in low elevation coastal zones (0-10m and 0-20m above sea level),I,A,Annual,PG,Papua New Guinea,LECZPOPRF,Population in low elevation coastal zone in relative frequency,10M,0-10 meters above sea level,2022,,10,,PERCENT,percent,,,,,,,This data was estimated based on population census of year 2023,
DATAFLOW,SPC:DF_POP_LECZ(1.0),Population living in low elevation coastal zones (0-10m and 0-20m above sea level),I,A,Annual,PG,Papua New Guinea,LECZPOPRF,Population in low elevation coastal zone in relative frequency,10M,0-10 meters above sea level,2023,,10,,PERCENT,percent,,,,,,,This data was estimated based on population census of year 2023,
DATAFLOW,SPC:DF_POP_LECZ(1.0),Population living in low elevation coastal zones (0-10m and 0-20m above sea level),I,A,Annual,PG,Papua New Guinea,LECZPOPRF,Population in low elevation coastal zone in relative frequency,10M,0-10 meters above sea level,2024,,10,,PERCENT,percent,,,,,,,This data was estimated based on population census of year 2023,
DATAFLOW,SPC:DF_POP_LECZ(1.0),Population living in low elevation coastal zones (0-10m and 0-20m above sea level),I,A,Annual,TV,Tuvalu,LECZPOPRF,Population in low elevation coastal zone in relative frequency,20M,0-20 meters above sea level,2010,,99,,PERCENT,percent,,,E,Estimated value,,,This data was estimated based on population census of year 2023,
DATAFLOW,SPC:DF_POP_LECZ(1.0),Population living in low elevation coastal zones (0-10m and 0-20m above sea level),I,A,Annual,TV,Tuvalu,LECZPOPRF,Population in low elevation coastal zone in relative frequency,20M,0-20 meters above sea level,2011,,99,,PERCENT,percent,,,E,Estimated value,,,This data was estimated based on population census of year 2023,
DATAFLOW,SPC:DF_POP_LECZ(1.0),Population living in low elevation coastal zones (0-10m and 0-20m above sea level),I,A,Annual,TV,Tuvalu,LECZPOPRF,Population in low elevation coastal zone in relative frequency,20M,0-20 meters above sea level,2012,,99,,PERCENT,percent,,,E,Estimated value,,,This data was estimated based on population census of year 2023,
DATAFLOW,SPC:DF_POP_LECZ(1.0),Population living in low elevation coastal zones (0-10m and 0-20m above sea level),I,A,Annual,TV,Tuvalu,LECZPOPRF,Population in low elevation coastal zone in relative frequency,20M,0-20 meters above sea level,2013,,99,,PERCENT,percent,,,E,Estimated value,,,This data was estimated based on population census of year 2023,
DATAFLOW,SPC:DF_POP_LECZ(1.0),Population living in low elevation coastal zones (0-10m and 0-20m above sea level),I,A,Annual,TV,Tuvalu,LECZPOPRF,Population in low elevation coastal zone in relative frequency,20M,0-20 meters above sea level,2014,,99,,PERCENT,percent,,,E,Estimated value,,,This data was estimated based on population census of year 2023,
DATAFLOW,SPC:DF_POP_LECZ(1.0),Population living in low elevation coastal zones (0-10m and 0-20m above sea level),I,A,Annual,TV,Tuvalu,LECZPOPRF,Population in low elevation coastal zone in relative frequency,20M,0-20 meters above sea level,2015,,99,,PERCENT,percent,,,E,Estimated value,,,This data was estimated based on population census of year 2023,
DATAFLOW,SPC:DF_POP_LECZ(1.0),Population living in low elevation coastal zones (0-10m and 0-20m above sea level),I,A,Annual,TV,Tuvalu,LECZPOPRF,Population in low elevation coastal zone in relative frequency,20M,0-20 meters above sea level,2016,,99,,PERCENT,percent,,,E,Estimated value,,,This data was estimated based on population census of year 2023,
DATAFLOW,SPC:DF_POP_LECZ(1.0),Population living in low elevation coastal zones (0-10m and 0-20m above sea level),I,A,Annual,TV,Tuvalu,LECZPOPRF,Population in low elevation coastal zone in relative frequency,20M,0-20 meters above sea level,2017,,99,,PERCENT,percent,,,E,Estimated value,,,This data was estimated based on population census of year 2023,
DATAFLOW,SPC:DF_POP_LECZ(1.0),Population living in low elevation coastal zones (0-10m and 0-20m above sea level),I,A,Annual,TV,Tuvalu,LECZPOPRF,Population in low elevation coastal zone in relative frequency,20M,0-20 meters above sea level,2018,,99,,PERCENT,percent,,,E,Estimated value,,,This data was estimated based on population census of year 2023,
DATAFLOW,SPC:DF_POP_LECZ(1.0),Population living in low elevation coastal zones (0-10m and 0-20m above sea level),I,A,Annual,TV,Tuvalu,LECZPOPRF,Population in low elevation coastal zone in relative frequency,20M,0-20 meters above sea level,2019,,99,,PERCENT,percent,,,E,Estimated value,,,This data was estimated based on population census of year 2023,
DATAFLOW,SPC:DF_POP_LECZ(1.0),Population living in low elevation coastal zones (0-10m and 0-20m above sea level),I,A,Annual,TV,Tuvalu,LECZPOPRF,Population in low elevation coastal zone in relative frequency,20M,0-20 meters above sea level,2020,,99,,PERCENT,percent,,,E,Estimated value,,,This data was estimated based on population census of year 2023,
DATAFLOW,SPC:DF_POP_LECZ(1.0),Population living in low elevation coastal zones (0-10m and 0-20m above sea level),I,A,Annual,TV,Tuvalu,LECZPOPRF,Population in low elevation coastal zone in relative frequency,20M,0-20 meters above sea level,2021,,99,,PERCENT,percent,,,E,Estimated value,,,This data was estimated based on population census of year 2023,
DATAFLOW,SPC:DF_POP_LECZ(1.0),Population living in low elevation coastal zones (0-10m and 0-20m above sea level),I,A,Annual,TV,Tuvalu,LECZPOPRF,Population in low elevation coastal zone in relative frequency,20M,0-20 meters above sea level,2022,,98,,PERCENT,percent,,,,,,,This data was estimated based on population census of year 2023,
DATAFLOW,SPC:DF_POP_LECZ(1.0),Population living in low elevation coastal zones (0-10m and 0-20m above sea level),I,A,Annual,TV,Tuvalu,LECZPOPRF,Population in low elevation coastal zone in relative frequency,20M,0-20 meters above sea level,2023,,98,,PERCENT,percent,,,,,,,This data was estimated based on population census of year 2023,
DATAFLOW,SPC:DF_POP_LECZ(1.0),Population living in low elevation coastal zones (0-10m and 0-20m above sea level),I,A,Annual,TV,Tuvalu,LECZPOPRF,Population in low elevation coastal zone in relative frequency,20M,0-20 meters above sea level,2024,,98,,PERCENT,percent,,,,,,,This data was estimated based on population census of year 2023,
DATAFLOW,SPC:DF_POP_LECZ(1.0),Population living in low elevation coastal zones (0-10m and 0-20m above sea level),I,A,Annual,SB,Solomon Islands,LECZPOPAF,Population in low elevation coastal zone in absolute frequency,5M,0-5 meters above sea level,2010,,99665,,N,units,,,,,,,This data was estimated based on population census of year 2023,
DATAFLOW,SPC:DF_POP_LECZ(1.0),Population living in low elevation coastal zones (0-10m and 0-20m above sea level),I,A,Annual,SB,Solomon Islands,LECZPOPAF,Population in low elevation coastal zone in absolute frequency,5M,0-5 meters above sea level,2011,,103401,,N,units,,,,,,,This data was estimated based on population census of year 2023,
DATAFLOW,SPC:DF_POP_LECZ(1.0),Population living in low elevation coastal zones (0-10m and 0-20m above sea level),I,A,Annual,SB,Solomon Islands,LECZPOPAF,Population in low elevation coastal zone in absolute frequency,5M,0-5 meters above sea level,2012,,107264,,N,units,,,,,,,This data was estimated based on population census of year 2023,
DATAFLOW,SPC:DF_POP_LECZ(1.0),Population living in low elevation coastal zones (0-10m and 0-20m above sea level),I,A,Annual,SB,Solomon Islands,LECZPOPAF,Population in low elevation coastal zone in absolute frequency,5M,0-5 meters above sea level,2013,,111255,,N,units,,,,,,,This data was estimated based on population census of year 2023,
DATAFLOW,SPC:DF_POP_LECZ(1.0),Population living in low elevation coastal zones (0-10m and 0-20m above sea level),I,A,Annual,SB,Solomon Islands,LECZPOPAF,Population in low elevation coastal zone in absolute frequency,5M,0-5 meters above sea level,2014,,115362,,N,units,,,,,,,This data was estimated based on population census of year 2023,
DATAFLOW,SPC:DF_POP_LECZ(1.0),Population living in low elevation coastal zones (0-10m and 0-20m above sea level),I,A,Annual,SB,Solomon Islands,LECZPOPAF,Population in low elevation coastal zone in absolute frequency,5M,0-5 meters above sea level,2015,,119571,,N,units,,,,,,,This data was estimated based on population census of year 2023,
DATAFLOW,SPC:DF_POP_LECZ(1.0),Population living in low elevation coastal zones (0-10m and 0-20m above sea level),I,A,Annual,SB,Solomon Islands,LECZPOPAF,Population in low elevation coastal zone in absolute frequency,5M,0-5 meters above sea level,2016,,123865,,N,units,,,,,,,This data was estimated based on population census of year 2023,
DATAFLOW,SPC:DF_POP_LECZ(1.0),Population living in low elevation coastal zones (0-10m and 0-20m above sea level),I,A,Annual,SB,Solomon Islands,LECZPOPAF,Population in low elevation coastal zone in absolute frequency,5M,0-5 meters above sea level,2017,,128221,,N,units,,,,,,,This data was estimated based on population census of year 2023,
DATAFLOW,SPC:DF_POP_LECZ(1.0),Population living in low elevation coastal zones (0-10m and 0-20m above sea level),I,A,Annual,SB,Solomon Islands,LECZPOPAF,Population in low elevation coastal zone in absolute frequency,5M,0-5 meters above sea level,2018,,132602,,N,units,,,,,,,This data was estimated based on population census of year 2023,
DATAFLOW,SPC:DF_POP_LECZ(1.0),Population living in low elevation coastal zones (0-10m and 0-20m above sea level),I,A,Annual,SB,Solomon Islands,LECZPOPAF,Population in low elevation coastal zone in absolute frequency,5M,0-5 meters above sea level,2019,,136163,,N,units,,,,,,,This data was estimated based on population census of year 2023,
DATAFLOW,SPC:DF_POP_LECZ(1.0),Population living in low elevation coastal zones (0-10m and 0-20m above sea level),I,A,Annual,SB,Solomon Islands,LECZPOPAF,Population in low elevation coastal zone in absolute frequency,5M,0-5 meters above sea level,2020,,139221,,N,units,,,,,,,This data was estimated based on population census of year 2023,
DATAFLOW,SPC:DF_POP_LECZ(1.0),Population living in low elevation coastal zones (0-10m and 0-20m above sea level),I,A,Annual,SB,Solomon Islands,LECZPOPAF,Population in low elevation coastal zone in absolute frequency,5M,0-5 meters above sea level,2021,,142605,,N,units,,,,,,,This data was estimated based on population census of year 2023,
DATAFLOW,SPC:DF_POP_LECZ(1.0),Population living in low elevation coastal zones (0-10m and 0-20m above sea level),I,A,Annual,SB,Solomon Islands,LECZPOPAF,Population in low elevation coastal zone in absolute frequency,5M,0-5 meters above sea level,2022,,146059,,N,units,,,,,,,This data was estimated based on population census of year 2023,
DATAFLOW,SPC:DF_POP_LECZ(1.0),Population living in low elevation coastal zones (0-10m and 0-20m above sea level),I,A,Annual,SB,Solomon Islands,LECZPOPAF,Population in low elevation coastal zone in absolute frequency,5M,0-5 meters above sea level,2023,,149601,,N,units,,,,,,,This data was estimated based on population census of year 2023,
DATAFLOW,SPC:DF_POP_LECZ(1.0),Population living in low elevation coastal zones (0-10m and 0-20m above sea level),I,A,Annual,SB,Solomon Islands,LECZPOPAF,Population in low elevation coastal zone in absolute frequency,5M,0-5 meters above sea level,2024,,153190,,N,units,,,,,,,This data was estimated based on population census of year 2023,
DATAFLOW,SPC:DF_POP_LECZ(1.0),Population living in low elevation coastal zones (0-10m and 0-20m above sea level),I,A,Annual,MH,Marshall Islands,LECZPOPRF,Population in low elevation coastal zone in relative frequency,10M,0-10 meters above sea level,2010,,96,,PERCENT,percent,,,E,Estimated value,,,This data was estimated based on population census of year 2021,
DATAFLOW,SPC:DF_POP_LECZ(1.0),Population living in low elevation coastal zones (0-10m and 0-20m above sea level),I,A,Annual,MH,Marshall Islands,LECZPOPRF,Population in low elevation coastal zone in relative frequency,10M,0-10 meters above sea level,2011,,96,,PERCENT,percent,,,E,Estimated value,,,This data was estimated based on population census of year 2021,
DATAFLOW,SPC:DF_POP_LECZ(1.0),Population living in low elevation coastal zones (0-10m and 0-20m above sea level),I,A,Annual,MH,Marshall Islands,LECZPOPRF,Population in low elevation coastal zone in relative frequency,10M,0-10 meters above sea level,2012,,96,,PERCENT,percent,,,E,Estimated value,,,This data was estimated based on population census of year 2021,
DATAFLOW,SPC:DF_POP_LECZ(1.0),Population living in low elevation coastal zones (0-10m and 0-20m above sea level),I,A,Annual,MH,Marshall Islands,LECZPOPRF,Population in low elevation coastal zone in relative frequency,10M,0-10 meters above sea level,2013,,96,,PERCENT,percent,,,E,Estimated value,,,This data was estimated based on population census of year 2021,
DATAFLOW,SPC:DF_POP_LECZ(1.0),Population living in low elevation coastal zones (0-10m and 0-20m above sea level),I,A,Annual,MH,Marshall Islands,LECZPOPRF,Population in low elevation coastal zone in relative frequency,10M,0-10 meters above sea level,2014,,96,,PERCENT,percent,,,E,Estimated value,,,This data was estimated based on population census of year 2021,
DATAFLOW,SPC:DF_POP_LECZ(1.0),Population living in low elevation coastal zones (0-10m and 0-20m above sea level),I,A,Annual,MH,Marshall Islands,LECZPOPRF,Population in low elevation coastal zone in relative frequency,10M,0-10 meters above sea level,2015,,96,,PERCENT,percent,,,E,Estimated value,,,This data was estimated based on population census of year 2021,
DATAFLOW,SPC:DF_POP_LECZ(1.0),Population living in low elevation coastal zones (0-10m and 0-20m above sea level),I,A,Annual,MH,Marshall Islands,LECZPOPRF,Population in low elevation coastal zone in relative frequency,10M,0-10 meters above sea level,2016,,96,,PERCENT,percent,,,E,Estimated value,,,This data was estimated based on population census of year 2021,
DATAFLOW,SPC:DF_POP_LECZ(1.0),Population living in low elevation coastal zones (0-10m and 0-20m above sea level),I,A,Annual,MH,Marshall Islands,LECZPOPRF,Population in low elevation coastal zone in relative frequency,10M,0-10 meters above sea level,2017,,96,,PERCENT,percent,,,E,Estimated value,,,This data was estimated based on population census of year 2021,
DATAFLOW,SPC:DF_POP_LECZ(1.0),Population living in low elevation coastal zones (0-10m and 0-20m above sea level),I,A,Annual,MH,Marshall Islands,LECZPOPRF,Population in low elevation coastal zone in relative frequency,10M,0-10 meters above sea level,2018,,96,,PERCENT,percent,,,E,Estimated value,,,This data was estimated based on population census of year 2021,
DATAFLOW,SPC:DF_POP_LECZ(1.0),Population living in low elevation coastal zones (0-10m and 0-20m above sea level),I,A,Annual,MH,Marshall Islands,LECZPOPRF,Population in low elevation coastal zone in relative frequency,10M,0-10 meters above sea level,2019,,96,,PERCENT,percent,,,E,Estimated value,,,This data was estimated based on population census of year 2021,
DATAFLOW,SPC:DF_POP_LECZ(1.0),Population living in low elevation coastal zones (0-10m and 0-20m above sea level),I,A,Annual,MH,Marshall Islands,LECZPOPRF,Population in low elevation coastal zone in relative frequency,10M,0-10 meters above sea level,2020,,96,,PERCENT,percent,,,E,Estimated value,,,This data was estimated based on population census of year 2021,
DATAFLOW,SPC:DF_POP_LECZ(1.0),Population living in low elevation coastal zones (0-10m and 0-20m above sea level),I,A,Annual,MH,Marshall Islands,LECZPOPRF,Population in low elevation coastal zone in relative frequency,10M,0-10 meters above sea level,2021,,96,,PERCENT,percent,,,E,Estimated value,,,This data was estimated based on population census of year 2021,
DATAFLOW,SPC:DF_POP_LECZ(1.0),Population living in low elevation coastal zones (0-10m and 0-20m above sea level),I,A,Annual,MH,Marshall Islands,LECZPOPRF,Population in low elevation coastal zone in relative frequency,10M,0-10 meters above sea level,2022,,96,,PERCENT,percent,,,,,,,This data was estimated based on population census of year 2021,
DATAFLOW,SPC:DF_POP_LECZ(1.0),Population living in low elevation coastal zones (0-10m and 0-20m above sea level),I,A,Annual,MH,Marshall Islands,LECZPOPRF,Population in low elevation coastal zone in relative frequency,10M,0-10 meters above sea level,2023,,96,,PERCENT,percent,,,,,,,This data was estimated based on population census of year 2021,
DATAFLOW,SPC:DF_POP_LECZ(1.0),Population living in low elevation coastal zones (0-10m and 0-20m above sea level),I,A,Annual,MH,Marshall Islands,LECZPOPRF,Population in low elevation coastal zone in relative frequency,10M,0-10 meters above sea level,2024,,96,,PERCENT,percent,,,,,,,This data was estimated based on population census of year 2021,
DATAFLOW,SPC:DF_POP_LECZ(1.0),Population living in low elevation coastal zones (0-10m and 0-20m above sea level),I,A,Annual,TK,Tokelau,LECZPOPAF,Population in low elevation coastal zone in absolute frequency,_T,Total,2010,,1625,,N,units,,,E,Estimated value,,,Estimated mid-year population for year 2010.,
DATAFLOW,SPC:DF_POP_LECZ(1.0),Population living in low elevation coastal zones (0-10m and 0-20m above sea level),I,A,Annual,TK,Tokelau,LECZPOPAF,Population in low elevation coastal zone in absolute frequency,_T,Total,2011,,1642,,N,units,,,E,Estimated value,,,Estimated mid-year population for year 2011.,
DATAFLOW,SPC:DF_POP_LECZ(1.0),Population living in low elevation coastal zones (0-10m and 0-20m above sea level),I,A,Annual,TK,Tokelau,LECZPOPAF,Population in low elevation coastal zone in absolute frequency,_T,Total,2012,,1698,,N,units,,,E,Estimated value,,,Estimated mid-year population for year 2012.,
DATAFLOW,SPC:DF_POP_LECZ(1.0),Population living in low elevation coastal zones (0-10m and 0-20m above sea level),I,A,Annual,TK,Tokelau,LECZPOPAF,Population in low elevation coastal zone in absolute frequency,_T,Total,2013,,1769,,N,units,,,E,Estimated value,,,Estimated mid-year population for year 2013.,
DATAFLOW,SPC:DF_POP_LECZ(1.0),Population living in low elevation coastal zones (0-10m and 0-20m above sea level),I,A,Annual,TK,Tokelau,LECZPOPAF,Population in low elevation coastal zone in absolute frequency,_T,Total,2014,,1772,,N,units,,,E,Estimated value,,,Estimated mid-year population for year 2014.,
DATAFLOW,SPC:DF_POP_LECZ(1.0),Population living in low elevation coastal zones (0-10m and 0-20m above sea level),I,A,Annual,TK,Tokelau,LECZPOPAF,Population in low elevation coastal zone in absolute frequency,_T,Total,2015,,1740,,N,units,,,E,Estimated value,,,Estimated mid-year population for year 2015.,
DATAFLOW,SPC:DF_POP_LECZ(1.0),Population living in low elevation coastal zones (0-10m and 0-20m above sea level),I,A,Annual,TK,Tokelau,LECZPOPAF,Population in low elevation coastal zone in absolute frequency,_T,Total,2016,,1719,,N,units,,,E,Estimated value,,,Estimated mid-year population for year 2016.,
DATAFLOW,SPC:DF_POP_LECZ(1.0),Population living in low elevation coastal zones (0-10m and 0-20m above sea level),I,A,Annual,TK,Tokelau,LECZPOPAF,Population in low elevation coastal zone in absolute frequency,_T,Total,2017,,1780,,N,units,,,E,Estimated value,,,Estimated mid-year population for year 2017.,
DATAFLOW,SPC:DF_POP_LECZ(1.0),Population living in low elevation coastal zones (0-10m and 0-20m above sea level),I,A,Annual,TK,Tokelau,LECZPOPAF,Population in low elevation coastal zone in absolute frequency,_T,Total,2018,,1914,,N,units,,,E,Estimated value,,,Estimated mid-year population for year 2018.,
DATAFLOW,SPC:DF_POP_LECZ(1.0),Population living in low elevation coastal zones (0-10m and 0-20m above sea level),I,A,Annual,TK,Tokelau,LECZPOPAF,Population in low elevation coastal zone in absolute frequency,_T,Total,2019,,2055,,N,units,,,E,Estimated value,,,Estimated mid-year population for year 2019.,
DATAFLOW,SPC:DF_POP_LECZ(1.0),Population living in low elevation coastal zones (0-10m and 0-20m above sea level),I,A,Annual,TK,Tokelau,LECZPOPAF,Population in low elevation coastal zone in absolute frequency,_T,Total,2020,,2170,,N,units,,,E,Estimated value,,,Estimated mid-year population for year 2020.,
DATAFLOW,SPC:DF_POP_LECZ(1.0),Population living in low elevation coastal zones (0-10m and 0-20m above sea level),I,A,Annual,TK,Tokelau,LECZPOPAF,Population in low elevation coastal zone in absolute frequency,_T,Total,2021,,2252,,N,units,,,E,Estimated value,,,Estimated mid-year population for year 2021.,
DATAFLOW,SPC:DF_POP_LECZ(1.0),Population living in low elevation coastal zones (0-10m and 0-20m above sea level),I,A,Annual,TK,Tokelau,LECZPOPRF,Population in low elevation coastal zone in relative frequency,5M,0-5 meters above sea level,2010,,,,PERCENT,percent,,,O,Missing value,,,,
DATAFLOW,SPC:DF_POP_LECZ(1.0),Population living in low elevation coastal zones (0-10m and 0-20m above sea level),I,A,Annual,TK,Tokelau,LECZPOPRF,Population in low elevation coastal zone in relative frequency,5M,0-5 meters above sea level,2011,,,,PERCENT,percent,,,O,Missing value,,,,
DATAFLOW,SPC:DF_POP_LECZ(1.0),Population living in low elevation coastal zones (0-10m and 0-20m above sea level),I,A,Annual,TK,Tokelau,LECZPOPRF,Population in low elevation coastal zone in relative frequency,5M,0-5 meters above sea level,2012,,,,PERCENT,percent,,,O,Missing value,,,,
DATAFLOW,SPC:DF_POP_LECZ(1.0),Population living in low elevation coastal zones (0-10m and 0-20m above sea level),I,A,Annual,TK,Tokelau,LECZPOPRF,Population in low elevation coastal zone in relative frequency,5M,0-5 meters above sea level,2013,,,,PERCENT,percent,,,O,Missing value,,,,
DATAFLOW,SPC:DF_POP_LECZ(1.0),Population living in low elevation coastal zones (0-10m and 0-20m above sea level),I,A,Annual,TK,Tokelau,LECZPOPRF,Population in low elevation coastal zone in relative frequency,5M,0-5 meters above sea level,2014,,,,PERCENT,percent,,,O,Missing value,,,,
DATAFLOW,SPC:DF_POP_LECZ(1.0),Population living in low elevation coastal zones (0-10m and 0-20m above sea level),I,A,Annual,TK,Tokelau,LECZPOPRF,Population in low elevation coastal zone in relative frequency,5M,0-5 meters above sea level,2015,,,,PERCENT,percent,,,O,Missing value,,,,
DATAFLOW,SPC:DF_POP_LECZ(1.0),Population living in low elevation coastal zones (0-10m and 0-20m above sea level),I,A,Annual,TK,Tokelau,LECZPOPRF,Population in low elevation coastal zone in relative frequency,5M,0-5 meters above sea level,2016,,,,PERCENT,percent,,,O,Missing value,,,,
DATAFLOW,SPC:DF_POP_LECZ(1.0),Population living in low elevation coastal zones (0-10m and 0-20m above sea level),I,A,Annual,TK,Tokelau,LECZPOPRF,Population in low elevation coastal zone in relative frequency,5M,0-5 meters above sea level,2017,,,,PERCENT,percent,,,O,Missing value,,,,
DATAFLOW,SPC:DF_POP_LECZ(1.0),Population living in low elevation coastal zones (0-10m and 0-20m above sea level),I,A,Annual,TK,Tokelau,LECZPOPRF,Population in low elevation coastal zone in relative frequency,5M,0-5 meters above sea level,2018,,,,PERCENT,percent,,,O,Missing value,,,,
DATAFLOW,SPC:DF_POP_LECZ(1.0),Population living in low elevation coastal zones (0-10m and 0-20m above sea level),I,A,Annual,TK,Tokelau,LECZPOPRF,Population in low elevation coastal zone in relative frequency,5M,0-5 meters above sea level,2019,,,,PERCENT,percent,,,O,Missing value,,,,
DATAFLOW,SPC:DF_POP_LECZ(1.0),Population living in low elevation coastal zones (0-10m and 0-20m above sea level),I,A,Annual,TK,Tokelau,LECZPOPRF,Population in low elevation coastal zone in relative frequency,5M,0-5 meters above sea level,2020,,,,PERCENT,percent,,,O,Missing value,,,,
DATAFLOW,SPC:DF_POP_LECZ(1.0),Population living in low elevation coastal zones (0-10m and 0-20m above sea level),I,A,Annual,TK,Tokelau,LECZPOPRF,Population in low elevation coastal zone in relative frequency,5M,0-5 meters above sea level,2021,,,,PERCENT,percent,,,O,Missing value,,,,
DATAFLOW,SPC:DF_POP_LECZ(1.0),Population living in low elevation coastal zones (0-10m and 0-20m above sea level),I,A,Annual,TK,Tokelau,LECZPOPRF,Population in low elevation coastal zone in relative frequency,5M,0-5 meters above sea level,2022,,,,PERCENT,percent,,,O,Missing value,,,,
DATAFLOW,SPC:DF_POP_LECZ(1.0),Population living in low elevation coastal zones (0-10m and 0-20m above sea level),I,A,Annual,TK,Tokelau,LECZPOPRF,Population in low elevation coastal zone in relative frequency,5M,0-5 meters above sea level,2023,,,,PERCENT,percent,,,O,Missing value,,,,
DATAFLOW,SPC:DF_POP_LECZ(1.0),Population living in low elevation coastal zones (0-10m and 0-20m above sea level),I,A,Annual,TK,Tokelau,LECZPOPRF,Population in low elevation coastal zone in relative frequency,5M,0-5 meters above sea level,2024,,,,PERCENT,percent,,,O,Missing value,,,,
DATAFLOW,SPC:DF_POP_LECZ(1.0),Population living in low elevation coastal zones (0-10m and 0-20m above sea level),I,A,Annual,PG,Papua New Guinea,LECZPOPRF,Population in low elevation coastal zone in relative frequency,20M,0-20 meters above sea level,2010,,17,,PERCENT,percent,,,O,Missing value,,,This data was estimated based on population census of year 2023,
DATAFLOW,SPC:DF_POP_LECZ(1.0),Population living in low elevation coastal zones (0-10m and 0-20m above sea level),I,A,Annual,PG,Papua New Guinea,LECZPOPRF,Population in low elevation coastal zone in relative frequency,20M,0-20 meters above sea level,2011,,17,,PERCENT,percent,,,O,Missing value,,,This data was estimated based on population census of year 2023,
DATAFLOW,SPC:DF_POP_LECZ(1.0),Population living in low elevation coastal zones (0-10m and 0-20m above sea level),I,A,Annual,PG,Papua New Guinea,LECZPOPRF,Population in low elevation coastal zone in relative frequency,20M,0-20 meters above sea level,2012,,17,,PERCENT,percent,,,O,Missing value,,,This data was estimated based on population census of year 2023,
DATAFLOW,SPC:DF_POP_LECZ(1.0),Population living in low elevation coastal zones (0-10m and 0-20m above sea level),I,A,Annual,PG,Papua New Guinea,LECZPOPRF,Population in low elevation coastal zone in relative frequency,20M,0-20 meters above sea level,2013,,17,,PERCENT,percent,,,O,Missing value,,,This data was estimated based on population census of year 2023,
DATAFLOW,SPC:DF_POP_LECZ(1.0),Population living in low elevation coastal zones (0-10m and 0-20m above sea level),I,A,Annual,PG,Papua New Guinea,LECZPOPRF,Population in low elevation coastal zone in relative frequency,20M,0-20 meters above sea level,2014,,17,,PERCENT,percent,,,O,Missing value,,,This data was estimated based on population census of year 2023,
DATAFLOW,SPC:DF_POP_LECZ(1.0),Population living in low elevation coastal zones (0-10m and 0-20m above sea level),I,A,Annual,PG,Papua New Guinea,LECZPOPRF,Population in low elevation coastal zone in relative frequency,20M,0-20 meters above sea level,2015,,17,,PERCENT,percent,,,O,Missing value,,,This data was estimated based on population census of year 2023,
DATAFLOW,SPC:DF_POP_LECZ(1.0),Population living in low elevation coastal zones (0-10m and 0-20m above sea level),I,A,Annual,PG,Papua New Guinea,LECZPOPRF,Population in low elevation coastal zone in relative frequency,20M,0-20 meters above sea level,2016,,17,,PERCENT,percent,,,O,Missing value,,,This data was estimated based on population census of year 2023,
DATAFLOW,SPC:DF_POP_LECZ(1.0),Population living in low elevation coastal zones (0-10m and 0-20m above sea level),I,A,Annual,PG,Papua New Guinea,LECZPOPRF,Population in low elevation coastal zone in relative frequency,20M,0-20 meters above sea level,2017,,17,,PERCENT,percent,,,O,Missing value,,,This data was estimated based on population census of year 2023,
DATAFLOW,SPC:DF_POP_LECZ(1.0),Population living in low elevation coastal zones (0-10m and 0-20m above sea level),I,A,Annual,PG,Papua New Guinea,LECZPOPRF,Population in low elevation coastal zone in relative frequency,20M,0-20 meters above sea level,2018,,17,,PERCENT,percent,,,O,Missing value,,,This data was estimated based on population census of year 2023,
DATAFLOW,SPC:DF_POP_LECZ(1.0),Population living in low elevation coastal zones (0-10m and 0-20m above sea level),I,A,Annual,PG,Papua New Guinea,LECZPOPRF,Population in low elevation coastal zone in relative frequency,20M,0-20 meters above sea level,2019,,17,,PERCENT,percent,,,O,Missing value,,,This data was estimated based on population census of year 2023,
DATAFLOW,SPC:DF_POP_LECZ(1.0),Population living in low elevation coastal zones (0-10m and 0-20m above sea level),I,A,Annual,PG,Papua New Guinea,LECZPOPRF,Population in low elevation coastal zone in relative frequency,20M,0-20 meters above sea level,2020,,17,,PERCENT,percent,,,O,Missing value,,,This data was estimated based on population census of year 2023,
DATAFLOW,SPC:DF_POP_LECZ(1.0),Population living in low elevation coastal zones (0-10m and 0-20m above sea level),I,A,Annual,PG,Papua New Guinea,LECZPOPRF,Population in low elevation coastal zone in relative frequency,20M,0-20 meters above sea level,2021,,17,,PERCENT,percent,,,O,Missing value,,,This data was estimated based on population census of year 2023,
DATAFLOW,SPC:DF_POP_LECZ(1.0),Population living in low elevation coastal zones (0-10m and 0-20m above sea level),I,A,Annual,PG,Papua New Guinea,LECZPOPRF,Population in low elevation coastal zone in relative frequency,20M,0-20 meters above sea level,2022,,17,,PERCENT,percent,,,,,,,This data was estimated based on population census of year 2023,
DATAFLOW,SPC:DF_POP_LECZ(1.0),Population living in low elevation coastal zones (0-10m and 0-20m above sea level),I,A,Annual,PG,Papua New Guinea,LECZPOPRF,Population in low elevation coastal zone in relative frequency,20M,0-20 meters above sea level,2023,,17,,PERCENT,percent,,,,,,,This data was estimated based on population census of year 2023,
DATAFLOW,SPC:DF_POP_LECZ(1.0),Population living in low elevation coastal zones (0-10m and 0-20m above sea level),I,A,Annual,PG,Papua New Guinea,LECZPOPRF,Population in low elevation coastal zone in relative frequency,20M,0-20 meters above sea level,2024,,17,,PERCENT,percent,,,,,,,This data was estimated based on population census of year 2023,
DATAFLOW,SPC:DF_POP_LECZ(1.0),Population living in low elevation coastal zones (0-10m and 0-20m above sea level),I,A,Annual,FM,Micronesia (Federated States of),LECZPOPAF,Population in low elevation coastal zone in absolute frequency,_T,Total,2010,,107580,,N,units,,,E,Estimated value,,,Estimated mid-year population for year 2010.,
DATAFLOW,SPC:DF_POP_LECZ(1.0),Population living in low elevation coastal zones (0-10m and 0-20m above sea level),I,A,Annual,FM,Micronesia (Federated States of),LECZPOPAF,Population in low elevation coastal zone in absolute frequency,_T,Total,2011,,107729,,N,units,,,E,Estimated value,,,Estimated mid-year population for year 2011.,
DATAFLOW,SPC:DF_POP_LECZ(1.0),Population living in low elevation coastal zones (0-10m and 0-20m above sea level),I,A,Annual,FM,Micronesia (Federated States of),LECZPOPAF,Population in low elevation coastal zone in absolute frequency,_T,Total,2012,,107922,,N,units,,,E,Estimated value,,,Estimated mid-year population for year 2012.,
DATAFLOW,SPC:DF_POP_LECZ(1.0),Population living in low elevation coastal zones (0-10m and 0-20m above sea level),I,A,Annual,FM,Micronesia (Federated States of),LECZPOPAF,Population in low elevation coastal zone in absolute frequency,_T,Total,2013,,108159,,N,units,,,E,Estimated value,,,Estimated mid-year population for year 2013.,
DATAFLOW,SPC:DF_POP_LECZ(1.0),Population living in low elevation coastal zones (0-10m and 0-20m above sea level),I,A,Annual,FM,Micronesia (Federated States of),LECZPOPAF,Population in low elevation coastal zone in absolute frequency,_T,Total,2014,,108430,,N,units,,,E,Estimated value,,,Estimated mid-year population for year 2014.,
DATAFLOW,SPC:DF_POP_LECZ(1.0),Population living in low elevation coastal zones (0-10m and 0-20m above sea level),I,A,Annual,FM,Micronesia (Federated States of),LECZPOPAF,Population in low elevation coastal zone in absolute frequency,_T,Total,2015,,108744,,N,units,,,E,Estimated value,,,Estimated mid-year population for year 2015.,
DATAFLOW,SPC:DF_POP_LECZ(1.0),Population living in low elevation coastal zones (0-10m and 0-20m above sea level),I,A,Annual,FM,Micronesia (Federated States of),LECZPOPAF,Population in low elevation coastal zone in absolute frequency,_T,Total,2016,,109102,,N,units,,,E,Estimated value,,,Estimated mid-year population for year 2016.,
DATAFLOW,SPC:DF_POP_LECZ(1.0),Population living in low elevation coastal zones (0-10m and 0-20m above sea level),I,A,Annual,FM,Micronesia (Federated States of),LECZPOPAF,Population in low elevation coastal zone in absolute frequency,_T,Total,2017,,109508,,N,units,,,E,Estimated value,,,Estimated mid-year population for year 2017.,
DATAFLOW,SPC:DF_POP_LECZ(1.0),Population living in low elevation coastal zones (0-10m and 0-20m above sea level),I,A,Annual,FM,Micronesia (Federated States of),LECZPOPAF,Population in low elevation coastal zone in absolute frequency,_T,Total,2018,,109941,,N,units,,,E,Estimated value,,,Estimated mid-year population for year 2018.,
DATAFLOW,SPC:DF_POP_LECZ(1.0),Population living in low elevation coastal zones (0-10m and 0-20m above sea level),I,A,Annual,FM,Micronesia (Federated States of),LECZPOPAF,Population in low elevation coastal zone in absolute frequency,_T,Total,2019,,110321,,N,units,,,E,Estimated value,,,Estimated mid-year population for year 2019.,
DATAFLOW,SPC:DF_POP_LECZ(1.0),Population living in low elevation coastal zones (0-10m and 0-20m above sea level),I,A,Annual,FM,Micronesia (Federated States of),LECZPOPAF,Population in low elevation coastal zone in absolute frequency,_T,Total,2020,,110951,,N,units,,,E,Estimated value,,,Estimated mid-year population for year 2020.,
DATAFLOW,SPC:DF_POP_LECZ(1.0),Population living in low elevation coastal zones (0-10m and 0-20m above sea level),I,A,Annual,FM,Micronesia (Federated States of),LECZPOPAF,Population in low elevation coastal zone in absolute frequency,_T,Total,2021,,111655,,N,units,,,E,Estimated value,,,Estimated mid-year population for year 2021.,
DATAFLOW,SPC:DF_POP_LECZ(1.0),Population living in low elevation coastal zones (0-10m and 0-20m above sea level),I,A,Annual,PG,Papua New Guinea,LECZPOPAF,Population in low elevation coastal zone in absolute frequency,10M,0-10 meters above sea level,2010,,727475,,N,units,,,O,Missing value,,,This data was estimated based on population census of year 2023,
DATAFLOW,SPC:DF_POP_LECZ(1.0),Population living in low elevation coastal zones (0-10m and 0-20m above sea level),I,A,Annual,PG,Papua New Guinea,LECZPOPAF,Population in low elevation coastal zone in absolute frequency,10M,0-10 meters above sea level,2011,,748996,,N,units,,,O,Missing value,,,This data was estimated based on population census of year 2023,
DATAFLOW,SPC:DF_POP_LECZ(1.0),Population living in low elevation coastal zones (0-10m and 0-20m above sea level),I,A,Annual,PG,Papua New Guinea,LECZPOPAF,Population in low elevation coastal zone in absolute frequency,10M,0-10 meters above sea level,2012,,770156,,N,units,,,O,Missing value,,,This data was estimated based on population census of year 2023,
DATAFLOW,SPC:DF_POP_LECZ(1.0),Population living in low elevation coastal zones (0-10m and 0-20m above sea level),I,A,Annual,PG,Papua New Guinea,LECZPOPAF,Population in low elevation coastal zone in absolute frequency,10M,0-10 meters above sea level,2013,,791247,,N,units,,,O,Missing value,,,This data was estimated based on population census of year 2023,
DATAFLOW,SPC:DF_POP_LECZ(1.0),Population living in low elevation coastal zones (0-10m and 0-20m above sea level),I,A,Annual,PG,Papua New Guinea,LECZPOPAF,Population in low elevation coastal zone in absolute frequency,10M,0-10 meters above sea level,2014,,812284,,N,units,,,O,Missing value,,,This data was estimated based on population census of year 2023,
DATAFLOW,SPC:DF_POP_LECZ(1.0),Population living in low elevation coastal zones (0-10m and 0-20m above sea level),I,A,Annual,PG,Papua New Guinea,LECZPOPAF,Population in low elevation coastal zone in absolute frequency,10M,0-10 meters above sea level,2015,,833231,,N,units,,,O,Missing value,,,This data was estimated based on population census of year 2023,
DATAFLOW,SPC:DF_POP_LECZ(1.0),Population living in low elevation coastal zones (0-10m and 0-20m above sea level),I,A,Annual,PG,Papua New Guinea,LECZPOPAF,Population in low elevation coastal zone in absolute frequency,10M,0-10 meters above sea level,2016,,854052,,N,units,,,O,Missing value,,,This data was estimated based on population census of year 2023,
DATAFLOW,SPC:DF_POP_LECZ(1.0),Population living in low elevation coastal zones (0-10m and 0-20m above sea level),I,A,Annual,PG,Papua New Guinea,LECZPOPAF,Population in low elevation coastal zone in absolute frequency,10M,0-10 meters above sea level,2017,,874731,,N,units,,,O,Missing value,,,This data was estimated based on population census of year 2023,
DATAFLOW,SPC:DF_POP_LECZ(1.0),Population living in low elevation coastal zones (0-10m and 0-20m above sea level),I,A,Annual,PG,Papua New Guinea,LECZPOPAF,Population in low elevation coastal zone in absolute frequency,10M,0-10 meters above sea level,2018,,895297,,N,units,,,O,Missing value,,,This data was estimated based on population census of year 2023,
DATAFLOW,SPC:DF_POP_LECZ(1.0),Population living in low elevation coastal zones (0-10m and 0-20m above sea level),I,A,Annual,PG,Papua New Guinea,LECZPOPAF,Population in low elevation coastal zone in absolute frequency,10M,0-10 meters above sea level,2019,,915739,,N,units,,,O,Missing value,,,This data was estimated based on population census of year 2023,
DATAFLOW,SPC:DF_POP_LECZ(1.0),Population living in low elevation coastal zones (0-10m and 0-20m above sea level),I,A,Annual,PG,Papua New Guinea,LECZPOPAF,Population in low elevation coastal zone in absolute frequency,10M,0-10 meters above sea level,2020,,935441,,N,units,,,O,Missing value,,,This data was estimated based on population census of year 2023,
DATAFLOW,SPC:DF_POP_LECZ(1.0),Population living in low elevation coastal zones (0-10m and 0-20m above sea level),I,A,Annual,PG,Papua New Guinea,LECZPOPAF,Population in low elevation coastal zone in absolute frequency,10M,0-10 meters above sea level,2021,,954229,,N,units,,,O,Missing value,,,This data was estimated based on population census of year 2023,
DATAFLOW,SPC:DF_POP_LECZ(1.0),Population living in low elevation coastal zones (0-10m and 0-20m above sea level),I,A,Annual,PG,Papua New Guinea,LECZPOPAF,Population in low elevation coastal zone in absolute frequency,10M,0-10 meters above sea level,2022,,972362,,N,units,,,,,,,This data was estimated based on population census of year 2023,
DATAFLOW,SPC:DF_POP_LECZ(1.0),Population living in low elevation coastal zones (0-10m and 0-20m above sea level),I,A,Annual,PG,Papua New Guinea,LECZPOPAF,Population in low elevation coastal zone in absolute frequency,10M,0-10 meters above sea level,2023,,990132,,N,units,,,,,,,This data was estimated based on population census of year 2023,
DATAFLOW,SPC:DF_POP_LECZ(1.0),Population living in low elevation coastal zones (0-10m and 0-20m above sea level),I,A,Annual,PG,Papua New Guinea,LECZPOPAF,Population in low elevation coastal zone in absolute frequency,10M,0-10 meters above sea level,2024,,1007941,,N,units,,,,,,,This data was estimated based on population census of year 2023,
DATAFLOW,SPC:DF_POP_LECZ(1.0),Population living in low elevation coastal zones (0-10m and 0-20m above sea level),I,A,Annual,VU,Vanuatu,LECZPOPRF,Population in low elevation coastal zone in relative frequency,20M,0-20 meters above sea level,2010,,31,,PERCENT,percent,,,E,Estimated value,,,This data was estimated based on population census of year 2020,
DATAFLOW,SPC:DF_POP_LECZ(1.0),Population living in low elevation coastal zones (0-10m and 0-20m above sea level),I,A,Annual,VU,Vanuatu,LECZPOPRF,Population in low elevation coastal zone in relative frequency,20M,0-20 meters above sea level,2011,,31,,PERCENT,percent,,,E,Estimated value,,,This data was estimated based on population census of year 2020,
DATAFLOW,SPC:DF_POP_LECZ(1.0),Population living in low elevation coastal zones (0-10m and 0-20m above sea level),I,A,Annual,VU,Vanuatu,LECZPOPRF,Population in low elevation coastal zone in relative frequency,20M,0-20 meters above sea level,2012,,31,,PERCENT,percent,,,E,Estimated value,,,This data was estimated based on population census of year 2020,
DATAFLOW,SPC:DF_POP_LECZ(1.0),Population living in low elevation coastal zones (0-10m and 0-20m above sea level),I,A,Annual,VU,Vanuatu,LECZPOPRF,Population in low elevation coastal zone in relative frequency,20M,0-20 meters above sea level,2013,,31,,PERCENT,percent,,,E,Estimated value,,,This data was estimated based on population census of year 2020,
DATAFLOW,SPC:DF_POP_LECZ(1.0),Population living in low elevation coastal zones (0-10m and 0-20m above sea level),I,A,Annual,VU,Vanuatu,LECZPOPRF,Population in low elevation coastal zone in relative frequency,20M,0-20 meters above sea level,2014,,31,,PERCENT,percent,,,E,Estimated value,,,This data was estimated based on population census of year 2020,
DATAFLOW,SPC:DF_POP_LECZ(1.0),Population living in low elevation coastal zones (0-10m and 0-20m above sea level),I,A,Annual,VU,Vanuatu,LECZPOPRF,Population in low elevation coastal zone in relative frequency,20M,0-20 meters above sea level,2015,,31,,PERCENT,percent,,,E,Estimated value,,,This data was estimated based on population census of year 2020,
DATAFLOW,SPC:DF_POP_LECZ(1.0),Population living in low elevation coastal zones (0-10m and 0-20m above sea level),I,A,Annual,VU,Vanuatu,LECZPOPRF,Population in low elevation coastal zone in relative frequency,20M,0-20 meters above sea level,2016,,31,,PERCENT,percent,,,E,Estimated value,,,This data was estimated based on population census of year 2020,
DATAFLOW,SPC:DF_POP_LECZ(1.0),Population living in low elevation coastal zones (0-10m and 0-20m above sea level),I,A,Annual,VU,Vanuatu,LECZPOPRF,Population in low elevation coastal zone in relative frequency,20M,0-20 meters above sea level,2017,,31,,PERCENT,percent,,,E,Estimated value,,,This data was estimated based on population census of year 2020,
DATAFLOW,SPC:DF_POP_LECZ(1.0),Population living in low elevation coastal zones (0-10m and 0-20m above sea level),I,A,Annual,VU,Vanuatu,LECZPOPRF,Population in low elevation coastal zone in relative frequency,20M,0-20 meters above sea level,2018,,31,,PERCENT,percent,,,E,Estimated value,,,This data was estimated based on population census of year 2020,
DATAFLOW,SPC:DF_POP_LECZ(1.0),Population living in low elevation coastal zones (0-10m and 0-20m above sea level),I,A,Annual,VU,Vanuatu,LECZPOPRF,Population in low elevation coastal zone in relative frequency,20M,0-20 meters above sea level,2019,,31,,PERCENT,percent,,,E,Estimated value,,,This data was estimated based on population census of year 2020,
DATAFLOW,SPC:DF_POP_LECZ(1.0),Population living in low elevation coastal zones (0-10m and 0-20m above sea level),I,A,Annual,VU,Vanuatu,LECZPOPRF,Population in low elevation coastal zone in relative frequency,20M,0-20 meters above sea level,2020,,31,,PERCENT,percent,,,E,Estimated value,,,This data was estimated based on population census of year 2020,
DATAFLOW,SPC:DF_POP_LECZ(1.0),Population living in low elevation coastal zones (0-10m and 0-20m above sea level),I,A,Annual,VU,Vanuatu,LECZPOPRF,Population in low elevation coastal zone in relative frequency,20M,0-20 meters above sea level,2021,,31,,PERCENT,percent,,,E,Estimated value,,,This data was estimated based on population census of year 2020,
DATAFLOW,SPC:DF_POP_LECZ(1.0),Population living in low elevation coastal zones (0-10m and 0-20m above sea level),I,A,Annual,VU,Vanuatu,LECZPOPRF,Population in low elevation coastal zone in relative frequency,20M,0-20 meters above sea level,2022,,31,,PERCENT,percent,,,,,,,This data was estimated based on population census of year 2020,
DATAFLOW,SPC:DF_POP_LECZ(1.0),Population living in low elevation coastal zones (0-10m and 0-20m above sea level),I,A,Annual,VU,Vanuatu,LECZPOPRF,Population in low elevation coastal zone in relative frequency,20M,0-20 meters above sea level,2023,,31,,PERCENT,percent,,,,,,,This data was estimated based on population census of year 2020,
DATAFLOW,SPC:DF_POP_LECZ(1.0),Population living in low elevation coastal zones (0-10m and 0-20m above sea level),I,A,Annual,VU,Vanuatu,LECZPOPRF,Population in low elevation coastal zone in relative frequency,20M,0-20 meters above sea level,2024,,31,,PERCENT,percent,,,,,,,This data was estimated based on population census of year 2020,
DATAFLOW,SPC:DF_POP_LECZ(1.0),Population living in low elevation coastal zones (0-10m and 0-20m above sea level),I,A,Annual,PG,Papua New Guinea,LECZPOPAF,Population in low elevation coastal zone in absolute frequency,20M,0-20 meters above sea level,2010,,1283195,,N,units,,,O,Missing value,,,This data was estimated based on population census of year 2023,
DATAFLOW,SPC:DF_POP_LECZ(1.0),Population living in low elevation coastal zones (0-10m and 0-20m above sea level),I,A,Annual,PG,Papua New Guinea,LECZPOPAF,Population in low elevation coastal zone in absolute frequency,20M,0-20 meters above sea level,2011,,1321156,,N,units,,,O,Missing value,,,This data was estimated based on population census of year 2023,
DATAFLOW,SPC:DF_POP_LECZ(1.0),Population living in low elevation coastal zones (0-10m and 0-20m above sea level),I,A,Annual,PG,Papua New Guinea,LECZPOPAF,Population in low elevation coastal zone in absolute frequency,20M,0-20 meters above sea level,2012,,1358482,,N,units,,,O,Missing value,,,This data was estimated based on population census of year 2023,
DATAFLOW,SPC:DF_POP_LECZ(1.0),Population living in low elevation coastal zones (0-10m and 0-20m above sea level),I,A,Annual,PG,Papua New Guinea,LECZPOPAF,Population in low elevation coastal zone in absolute frequency,20M,0-20 meters above sea level,2013,,1395683,,N,units,,,O,Missing value,,,This data was estimated based on population census of year 2023,
DATAFLOW,SPC:DF_POP_LECZ(1.0),Population living in low elevation coastal zones (0-10m and 0-20m above sea level),I,A,Annual,PG,Papua New Guinea,LECZPOPAF,Population in low elevation coastal zone in absolute frequency,20M,0-20 meters above sea level,2014,,1432790,,N,units,,,O,Missing value,,,This data was estimated based on population census of year 2023,
DATAFLOW,SPC:DF_POP_LECZ(1.0),Population living in low elevation coastal zones (0-10m and 0-20m above sea level),I,A,Annual,PG,Papua New Guinea,LECZPOPAF,Population in low elevation coastal zone in absolute frequency,20M,0-20 meters above sea level,2015,,1469740,,N,units,,,O,Missing value,,,This data was estimated based on population census of year 2023,
DATAFLOW,SPC:DF_POP_LECZ(1.0),Population living in low elevation coastal zones (0-10m and 0-20m above sea level),I,A,Annual,PG,Papua New Guinea,LECZPOPAF,Population in low elevation coastal zone in absolute frequency,20M,0-20 meters above sea level,2016,,1506465,,N,units,,,O,Missing value,,,This data was estimated based on population census of year 2023,
DATAFLOW,SPC:DF_POP_LECZ(1.0),Population living in low elevation coastal zones (0-10m and 0-20m above sea level),I,A,Annual,PG,Papua New Guinea,LECZPOPAF,Population in low elevation coastal zone in absolute frequency,20M,0-20 meters above sea level,2017,,1542942,,N,units,,,O,Missing value,,,This data was estimated based on population census of year 2023,
DATAFLOW,SPC:DF_POP_LECZ(1.0),Population living in low elevation coastal zones (0-10m and 0-20m above sea level),I,A,Annual,PG,Papua New Guinea,LECZPOPAF,Population in low elevation coastal zone in absolute frequency,20M,0-20 meters above sea level,2018,,1579218,,N,units,,,O,Missing value,,,This data was estimated based on population census of year 2023,
DATAFLOW,SPC:DF_POP_LECZ(1.0),Population living in low elevation coastal zones (0-10m and 0-20m above sea level),I,A,Annual,PG,Papua New Guinea,LECZPOPAF,Population in low elevation coastal zone in absolute frequency,20M,0-20 meters above sea level,2019,,1615275,,N,units,,,O,Missing value,,,This data was estimated based on population census of year 2023,
DATAFLOW,SPC:DF_POP_LECZ(1.0),Population living in low elevation coastal zones (0-10m and 0-20m above sea level),I,A,Annual,PG,Papua New Guinea,LECZPOPAF,Population in low elevation coastal zone in absolute frequency,20M,0-20 meters above sea level,2020,,1650027,,N,units,,,O,Missing value,,,This data was estimated based on population census of year 2023,
DATAFLOW,SPC:DF_POP_LECZ(1.0),Population living in low elevation coastal zones (0-10m and 0-20m above sea level),I,A,Annual,PG,Papua New Guinea,LECZPOPAF,Population in low elevation coastal zone in absolute frequency,20M,0-20 meters above sea level,2021,,1683168,,N,units,,,O,Missing value,,,This data was estimated based on population census of year 2023,
DATAFLOW,SPC:DF_POP_LECZ(1.0),Population living in low elevation coastal zones (0-10m and 0-20m above sea level),I,A,Annual,PG,Papua New Guinea,LECZPOPAF,Population in low elevation coastal zone in absolute frequency,20M,0-20 meters above sea level,2022,,1715153,,N,units,,,,,,,This data was estimated based on population census of year 2023,
DATAFLOW,SPC:DF_POP_LECZ(1.0),Population living in low elevation coastal zones (0-10m and 0-20m above sea level),I,A,Annual,PG,Papua New Guinea,LECZPOPAF,Population in low elevation coastal zone in absolute frequency,20M,0-20 meters above sea level,2023,,1746498,,N,units,,,,,,,This data was estimated based on population census of year 2023,
DATAFLOW,SPC:DF_POP_LECZ(1.0),Population living in low elevation coastal zones (0-10m and 0-20m above sea level),I,A,Annual,PG,Papua New Guinea,LECZPOPAF,Population in low elevation coastal zone in absolute frequency,20M,0-20 meters above sea level,2024,,1777910,,N,units,,,,,,,This data was estimated based on population census of year 2023,
DATAFLOW,SPC:DF_POP_LECZ(1.0),Population living in low elevation coastal zones (0-10m and 0-20m above sea level),I,A,Annual,KI,Kiribati,LECZPOPAF,Population in low elevation coastal zone in absolute frequency,20M,0-20 meters above sea level,2010,,108736,,N,units,,,E,Estimated value,,,This data was estimated based on population census of year 2023,
DATAFLOW,SPC:DF_POP_LECZ(1.0),Population living in low elevation coastal zones (0-10m and 0-20m above sea level),I,A,Annual,KI,Kiribati,LECZPOPAF,Population in low elevation coastal zone in absolute frequency,20M,0-20 meters above sea level,2011,,110683,,N,units,,,E,Estimated value,,,This data was estimated based on population census of year 2023,
DATAFLOW,SPC:DF_POP_LECZ(1.0),Population living in low elevation coastal zones (0-10m and 0-20m above sea level),I,A,Annual,KI,Kiribati,LECZPOPAF,Population in low elevation coastal zone in absolute frequency,20M,0-20 meters above sea level,2012,,112323,,N,units,,,E,Estimated value,,,This data was estimated based on population census of year 2023,
DATAFLOW,SPC:DF_POP_LECZ(1.0),Population living in low elevation coastal zones (0-10m and 0-20m above sea level),I,A,Annual,KI,Kiribati,LECZPOPAF,Population in low elevation coastal zone in absolute frequency,20M,0-20 meters above sea level,2013,,113875,,N,units,,,E,Estimated value,,,This data was estimated based on population census of year 2023,
DATAFLOW,SPC:DF_POP_LECZ(1.0),Population living in low elevation coastal zones (0-10m and 0-20m above sea level),I,A,Annual,KI,Kiribati,LECZPOPAF,Population in low elevation coastal zone in absolute frequency,20M,0-20 meters above sea level,2014,,115359,,N,units,,,E,Estimated value,,,This data was estimated based on population census of year 2023,
DATAFLOW,SPC:DF_POP_LECZ(1.0),Population living in low elevation coastal zones (0-10m and 0-20m above sea level),I,A,Annual,KI,Kiribati,LECZPOPAF,Population in low elevation coastal zone in absolute frequency,20M,0-20 meters above sea level,2015,,116849,,N,units,,,E,Estimated value,,,This data was estimated based on population census of year 2023,
DATAFLOW,SPC:DF_POP_LECZ(1.0),Population living in low elevation coastal zones (0-10m and 0-20m above sea level),I,A,Annual,KI,Kiribati,LECZPOPAF,Population in low elevation coastal zone in absolute frequency,20M,0-20 meters above sea level,2016,,118514,,N,units,,,E,Estimated value,,,This data was estimated based on population census of year 2023,
DATAFLOW,SPC:DF_POP_LECZ(1.0),Population living in low elevation coastal zones (0-10m and 0-20m above sea level),I,A,Annual,KI,Kiribati,LECZPOPAF,Population in low elevation coastal zone in absolute frequency,20M,0-20 meters above sea level,2017,,120303,,N,units,,,E,Estimated value,,,This data was estimated based on population census of year 2023,
DATAFLOW,SPC:DF_POP_LECZ(1.0),Population living in low elevation coastal zones (0-10m and 0-20m above sea level),I,A,Annual,KI,Kiribati,LECZPOPAF,Population in low elevation coastal zone in absolute frequency,20M,0-20 meters above sea level,2018,,122119,,N,units,,,E,Estimated value,,,This data was estimated based on population census of year 2023,
DATAFLOW,SPC:DF_POP_LECZ(1.0),Population living in low elevation coastal zones (0-10m and 0-20m above sea level),I,A,Annual,KI,Kiribati,LECZPOPAF,Population in low elevation coastal zone in absolute frequency,20M,0-20 meters above sea level,2019,,123960,,N,units,,,E,Estimated value,,,This data was estimated based on population census of year 2023,
DATAFLOW,SPC:DF_POP_LECZ(1.0),Population living in low elevation coastal zones (0-10m and 0-20m above sea level),I,A,Annual,KI,Kiribati,LECZPOPAF,Population in low elevation coastal zone in absolute frequency,20M,0-20 meters above sea level,2020,,126132,,N,units,,,E,Estimated value,,,This data was estimated based on population census of year 2023,
DATAFLOW,SPC:DF_POP_LECZ(1.0),Population living in low elevation coastal zones (0-10m and 0-20m above sea level),I,A,Annual,KI,Kiribati,LECZPOPAF,Population in low elevation coastal zone in absolute frequency,20M,0-20 meters above sea level,2021,,128411,,N,units,,,E,Estimated value,,,This data was estimated based on population census of year 2023,
DATAFLOW,SPC:DF_POP_LECZ(1.0),Population living in low elevation coastal zones (0-10m and 0-20m above sea level),I,A,Annual,KI,Kiribati,LECZPOPAF,Population in low elevation coastal zone in absolute frequency,20M,0-20 meters above sea level,2022,,129777,,N,units,,,,,,,This data was estimated based on population census of year 2023,
DATAFLOW,SPC:DF_POP_LECZ(1.0),Population living in low elevation coastal zones (0-10m and 0-20m above sea level),I,A,Annual,KI,Kiribati,LECZPOPAF,Population in low elevation coastal zone in absolute frequency,20M,0-20 meters above sea level,2023,,131828,,N,units,,,,,,,This data was estimated based on population census of year 2023,
DATAFLOW,SPC:DF_POP_LECZ(1.0),Population living in low elevation coastal zones (0-10m and 0-20m above sea level),I,A,Annual,KI,Kiribati,LECZPOPAF,Population in low elevation coastal zone in absolute frequency,20M,0-20 meters above sea level,2024,,133805,,N,units,,,,,,,This data was estimated based on population census of year 2023,
DATAFLOW,SPC:DF_POP_LECZ(1.0),Population living in low elevation coastal zones (0-10m and 0-20m above sea level),I,A,Annual,VU,Vanuatu,LECZPOPRF,Population in low elevation coastal zone in relative frequency,10M,0-10 meters above sea level,2010,,12,,PERCENT,percent,,,E,Estimated value,,,This data was estimated based on population census of year 2020,
DATAFLOW,SPC:DF_POP_LECZ(1.0),Population living in low elevation coastal zones (0-10m and 0-20m above sea level),I,A,Annual,VU,Vanuatu,LECZPOPRF,Population in low elevation coastal zone in relative frequency,10M,0-10 meters above sea level,2011,,12,,PERCENT,percent,,,E,Estimated value,,,This data was estimated based on population census of year 2020,
DATAFLOW,SPC:DF_POP_LECZ(1.0),Population living in low elevation coastal zones (0-10m and 0-20m above sea level),I,A,Annual,VU,Vanuatu,LECZPOPRF,Population in low elevation coastal zone in relative frequency,10M,0-10 meters above sea level,2012,,12,,PERCENT,percent,,,E,Estimated value,,,This data was estimated based on population census of year 2020,
DATAFLOW,SPC:DF_POP_LECZ(1.0),Population living in low elevation coastal zones (0-10m and 0-20m above sea level),I,A,Annual,VU,Vanuatu,LECZPOPRF,Population in low elevation coastal zone in relative frequency,10M,0-10 meters above sea level,2013,,12,,PERCENT,percent,,,E,Estimated value,,,This data was estimated based on population census of year 2020,
DATAFLOW,SPC:DF_POP_LECZ(1.0),Population living in low elevation coastal zones (0-10m and 0-20m above sea level),I,A,Annual,VU,Vanuatu,LECZPOPRF,Population in low elevation coastal zone in relative frequency,10M,0-10 meters above sea level,2014,,12,,PERCENT,percent,,,E,Estimated value,,,This data was estimated based on population census of year 2020,
DATAFLOW,SPC:DF_POP_LECZ(1.0),Population living in low elevation coastal zones (0-10m and 0-20m above sea level),I,A,Annual,VU,Vanuatu,LECZPOPRF,Population in low elevation coastal zone in relative frequency,10M,0-10 meters above sea level,2015,,12,,PERCENT,percent,,,E,Estimated value,,,This data was estimated based on population census of year 2020,
DATAFLOW,SPC:DF_POP_LECZ(1.0),Population living in low elevation coastal zones (0-10m and 0-20m above sea level),I,A,Annual,VU,Vanuatu,LECZPOPRF,Population in low elevation coastal zone in relative frequency,10M,0-10 meters above sea level,2016,,12,,PERCENT,percent,,,E,Estimated value,,,This data was estimated based on population census of year 2020,
DATAFLOW,SPC:DF_POP_LECZ(1.0),Population living in low elevation coastal zones (0-10m and 0-20m above sea level),I,A,Annual,VU,Vanuatu,LECZPOPRF,Population in low elevation coastal zone in relative frequency,10M,0-10 meters above sea level,2017,,12,,PERCENT,percent,,,E,Estimated value,,,This data was estimated based on population census of year 2020,
DATAFLOW,SPC:DF_POP_LECZ(1.0),Population living in low elevation coastal zones (0-10m and 0-20m above sea level),I,A,Annual,VU,Vanuatu,LECZPOPRF,Population in low elevation coastal zone in relative frequency,10M,0-10 meters above sea level,2018,,12,,PERCENT,percent,,,E,Estimated value,,,This data was estimated based on population census of year 2020,
DATAFLOW,SPC:DF_POP_LECZ(1.0),Population living in low elevation coastal zones (0-10m and 0-20m above sea level),I,A,Annual,VU,Vanuatu,LECZPOPRF,Population in low elevation coastal zone in relative frequency,10M,0-10 meters above sea level,2019,,12,,PERCENT,percent,,,E,Estimated value,,,This data was estimated based on population census of year 2020,
DATAFLOW,SPC:DF_POP_LECZ(1.0),Population living in low elevation coastal zones (0-10m and 0-20m above sea level),I,A,Annual,VU,Vanuatu,LECZPOPRF,Population in low elevation coastal zone in relative frequency,10M,0-10 meters above sea level,2020,,12,,PERCENT,percent,,,E,Estimated value,,,This data was estimated based on population census of year 2020,
DATAFLOW,SPC:DF_POP_LECZ(1.0),Population living in low elevation coastal zones (0-10m and 0-20m above sea level),I,A,Annual,VU,Vanuatu,LECZPOPRF,Population in low elevation coastal zone in relative frequency,10M,0-10 meters above sea level,2021,,12,,PERCENT,percent,,,E,Estimated value,,,This data was estimated based on population census of year 2020,
DATAFLOW,SPC:DF_POP_LECZ(1.0),Population living in low elevation coastal zones (0-10m and 0-20m above sea level),I,A,Annual,VU,Vanuatu,LECZPOPRF,Population in low elevation coastal zone in relative frequency,10M,0-10 meters above sea level,2022,,12,,PERCENT,percent,,,,,,,This data was estimated based on population census of year 2020,
DATAFLOW,SPC:DF_POP_LECZ(1.0),Population living in low elevation coastal zones (0-10m and 0-20m above sea level),I,A,Annual,VU,Vanuatu,LECZPOPRF,Population in low elevation coastal zone in relative frequency,10M,0-10 meters above sea level,2023,,12,,PERCENT,percent,,,,,,,This data was estimated based on population census of year 2020,
DATAFLOW,SPC:DF_POP_LECZ(1.0),Population living in low elevation coastal zones (0-10m and 0-20m above sea level),I,A,Annual,VU,Vanuatu,LECZPOPRF,Population in low elevation coastal zone in relative frequency,10M,0-10 meters above sea level,2024,,12,,PERCENT,percent,,,,,,,This data was estimated based on population census of year 2020,
DATAFLOW,SPC:DF_POP_LECZ(1.0),Population living in low elevation coastal zones (0-10m and 0-20m above sea level),I,A,Annual,WF,Wallis and Futuna,LECZPOPRF,Population in low elevation coastal zone in relative frequency,5M,0-5 meters above sea level,2010,,15,,PERCENT,percent,,,,,,,This data was estimated based on population census of year 2023,
DATAFLOW,SPC:DF_POP_LECZ(1.0),Population living in low elevation coastal zones (0-10m and 0-20m above sea level),I,A,Annual,WF,Wallis and Futuna,LECZPOPRF,Population in low elevation coastal zone in relative frequency,5M,0-5 meters above sea level,2011,,15,,PERCENT,percent,,,,,,,This data was estimated based on population census of year 2023,
DATAFLOW,SPC:DF_POP_LECZ(1.0),Population living in low elevation coastal zones (0-10m and 0-20m above sea level),I,A,Annual,WF,Wallis and Futuna,LECZPOPRF,Population in low elevation coastal zone in relative frequency,5M,0-5 meters above sea level,2012,,15,,PERCENT,percent,,,,,,,This data was estimated based on population census of year 2023,
DATAFLOW,SPC:DF_POP_LECZ(1.0),Population living in low elevation coastal zones (0-10m and 0-20m above sea level),I,A,Annual,WF,Wallis and Futuna,LECZPOPRF,Population in low elevation coastal zone in relative frequency,5M,0-5 meters above sea level,2013,,15,,PERCENT,percent,,,,,,,This data was estimated based on population census of year 2023,
DATAFLOW,SPC:DF_POP_LECZ(1.0),Population living in low elevation coastal zones (0-10m and 0-20m above sea level),I,A,Annual,WF,Wallis and Futuna,LECZPOPRF,Population in low elevation coastal zone in relative frequency,5M,0-5 meters above sea level,2014,,15,,PERCENT,percent,,,,,,,This data was estimated based on population census of year 2023,
DATAFLOW,SPC:DF_POP_LECZ(1.0),Population living in low elevation coastal zones (0-10m and 0-20m above sea level),I,A,Annual,WF,Wallis and Futuna,LECZPOPRF,Population in low elevation coastal zone in relative frequency,5M,0-5 meters above sea level,2015,,15,,PERCENT,percent,,,,,,,This data was estimated based on population census of year 2023,
DATAFLOW,SPC:DF_POP_LECZ(1.0),Population living in low elevation coastal zones (0-10m and 0-20m above sea level),I,A,Annual,WF,Wallis and Futuna,LECZPOPRF,Population in low elevation coastal zone in relative frequency,5M,0-5 meters above sea level,2016,,15,,PERCENT,percent,,,,,,,This data was estimated based on population census of year 2023,
DATAFLOW,SPC:DF_POP_LECZ(1.0),Population living in low elevation coastal zones (0-10m and 0-20m above sea level),I,A,Annual,WF,Wallis and Futuna,LECZPOPRF,Population in low elevation coastal zone in relative frequency,5M,0-5 meters above sea level,2017,,15,,PERCENT,percent,,,,,,,This data was estimated based on population census of year 2023,
DATAFLOW,SPC:DF_POP_LECZ(1.0),Population living in low elevation coastal zones (0-10m and 0-20m above sea level),I,A,Annual,WF,Wallis and Futuna,LECZPOPRF,Population in low elevation coastal zone in relative frequency,5M,0-5 meters above sea level,2018,,15,,PERCENT,percent,,,,,,,This data was estimated based on population census of year 2023,
DATAFLOW,SPC:DF_POP_LECZ(1.0),Population living in low elevation coastal zones (0-10m and 0-20m above sea level),I,A,Annual,WF,Wallis and Futuna,LECZPOPRF,Population in low elevation coastal zone in relative frequency,5M,0-5 meters above sea level,2019,,15,,PERCENT,percent,,,,,,,This data was estimated based on population census of year 2023,
DATAFLOW,SPC:DF_POP_LECZ(1.0),Population living in low elevation coastal zones (0-10m and 0-20m above sea level),I,A,Annual,WF,Wallis and Futuna,LECZPOPRF,Population in low elevation coastal zone in relative frequency,5M,0-5 meters above sea level,2020,,15,,PERCENT,percent,,,,,,,This data was estimated based on population census of year 2023,
DATAFLOW,SPC:DF_POP_LECZ(1.0),Population living in low elevation coastal zones (0-10m and 0-20m above sea level),I,A,Annual,WF,Wallis and Futuna,LECZPOPRF,Population in low elevation coastal zone in relative frequency,5M,0-5 meters above sea level,2021,,15,,PERCENT,percent,,,,,,,This data was estimated based on population census of year 2023,
DATAFLOW,SPC:DF_POP_LECZ(1.0),Population living in low elevation coastal zones (0-10m and 0-20m above sea level),I,A,Annual,WF,Wallis and Futuna,LECZPOPRF,Population in low elevation coastal zone in relative frequency,5M,0-5 meters above sea level,2022,,15,,PERCENT,percent,,,,,,,This data was estimated based on population census of year 2023,
DATAFLOW,SPC:DF_POP_LECZ(1.0),Population living in low elevation coastal zones (0-10m and 0-20m above sea level),I,A,Annual,WF,Wallis and Futuna,LECZPOPRF,Population in low elevation coastal zone in relative frequency,5M,0-5 meters above sea level,2023,,15,,PERCENT,percent,,,,,,,This data was estimated based on population census of year 2023,
DATAFLOW,SPC:DF_POP_LECZ(1.0),Population living in low elevation coastal zones (0-10m and 0-20m above sea level),I,A,Annual,WF,Wallis and Futuna,LECZPOPRF,Population in low elevation coastal zone in relative frequency,5M,0-5 meters above sea level,2024,,15,,PERCENT,percent,,,,,,,This data was estimated based on population census of year 2023,
DATAFLOW,SPC:DF_POP_LECZ(1.0),Population living in low elevation coastal zones (0-10m and 0-20m above sea level),I,A,Annual,TK,Tokelau,LECZPOPAF,Population in low elevation coastal zone in absolute frequency,20M,0-20 meters above sea level,2010,,,,N,units,,,O,Missing value,,,,
DATAFLOW,SPC:DF_POP_LECZ(1.0),Population living in low elevation coastal zones (0-10m and 0-20m above sea level),I,A,Annual,TK,Tokelau,LECZPOPAF,Population in low elevation coastal zone in absolute frequency,20M,0-20 meters above sea level,2011,,,,N,units,,,O,Missing value,,,,
DATAFLOW,SPC:DF_POP_LECZ(1.0),Population living in low elevation coastal zones (0-10m and 0-20m above sea level),I,A,Annual,TK,Tokelau,LECZPOPAF,Population in low elevation coastal zone in absolute frequency,20M,0-20 meters above sea level,2012,,,,N,units,,,O,Missing value,,,,
DATAFLOW,SPC:DF_POP_LECZ(1.0),Population living in low elevation coastal zones (0-10m and 0-20m above sea level),I,A,Annual,TK,Tokelau,LECZPOPAF,Population in low elevation coastal zone in absolute frequency,20M,0-20 meters above sea level,2013,,,,N,units,,,O,Missing value,,,,
DATAFLOW,SPC:DF_POP_LECZ(1.0),Population living in low elevation coastal zones (0-10m and 0-20m above sea level),I,A,Annual,TK,Tokelau,LECZPOPAF,Population in low elevation coastal zone in absolute frequency,20M,0-20 meters above sea level,2014,,,,N,units,,,O,Missing value,,,,
DATAFLOW,SPC:DF_POP_LECZ(1.0),Population living in low elevation coastal zones (0-10m and 0-20m above sea level),I,A,Annual,TK,Tokelau,LECZPOPAF,Population in low elevation coastal zone in absolute frequency,20M,0-20 meters above sea level,2015,,,,N,units,,,O,Missing value,,,,
DATAFLOW,SPC:DF_POP_LECZ(1.0),Population living in low elevation coastal zones (0-10m and 0-20m above sea level),I,A,Annual,TK,Tokelau,LECZPOPAF,Population in low elevation coastal zone in absolute frequency,20M,0-20 meters above sea level,2016,,,,N,units,,,O,Missing value,,,,
DATAFLOW,SPC:DF_POP_LECZ(1.0),Population living in low elevation coastal zones (0-10m and 0-20m above sea level),I,A,Annual,TK,Tokelau,LECZPOPAF,Population in low elevation coastal zone in absolute frequency,20M,0-20 meters above sea level,2017,,,,N,units,,,O,Missing value,,,,
DATAFLOW,SPC:DF_POP_LECZ(1.0),Population living in low elevation coastal zones (0-10m and 0-20m above sea level),I,A,Annual,TK,Tokelau,LECZPOPAF,Population in low elevation coastal zone in absolute frequency,20M,0-20 meters above sea level,2018,,,,N,units,,,O,Missing value,,,,
DATAFLOW,SPC:DF_POP_LECZ(1.0),Population living in low elevation coastal zones (0-10m and 0-20m above sea level),I,A,Annual,TK,Tokelau,LECZPOPAF,Population in low elevation coastal zone in absolute frequency,20M,0-20 meters above sea level,2019,,,,N,units,,,O,Missing value,,,,
DATAFLOW,SPC:DF_POP_LECZ(1.0),Population living in low elevation coastal zones (0-10m and 0-20m above sea level),I,A,Annual,TK,Tokelau,LECZPOPAF,Population in low elevation coastal zone in absolute frequency,20M,0-20 meters above sea level,2020,,,,N,units,,,O,Missing value,,,,
DATAFLOW,SPC:DF_POP_LECZ(1.0),Population living in low elevation coastal zones (0-10m and 0-20m above sea level),I,A,Annual,TK,Tokelau,LECZPOPAF,Population in low elevation coastal zone in absolute frequency,20M,0-20 meters above sea level,2021,,,,N,units,,,O,Missing value,,,,
DATAFLOW,SPC:DF_POP_LECZ(1.0),Population living in low elevation coastal zones (0-10m and 0-20m above sea level),I,A,Annual,TK,Tokelau,LECZPOPAF,Population in low elevation coastal zone in absolute frequency,20M,0-20 meters above sea level,2022,,,,N,units,,,O,Missing value,,,,
DATAFLOW,SPC:DF_POP_LECZ(1.0),Population living in low elevation coastal zones (0-10m and 0-20m above sea level),I,A,Annual,TK,Tokelau,LECZPOPAF,Population in low elevation coastal zone in absolute frequency,20M,0-20 meters above sea level,2023,,,,N,units,,,O,Missing value,,,,
DATAFLOW,SPC:DF_POP_LECZ(1.0),Population living in low elevation coastal zones (0-10m and 0-20m above sea level),I,A,Annual,TK,Tokelau,LECZPOPAF,Population in low elevation coastal zone in absolute frequency,20M,0-20 meters above sea level,2024,,,,N,units,,,O,Missing value,,,,
DATAFLOW,SPC:DF_POP_LECZ(1.0),Population living in low elevation coastal zones (0-10m and 0-20m above sea level),I,A,Annual,TO,Tonga,LECZPOPRF,Population in low elevation coastal zone in relative frequency,10M,0-10 meters above sea level,2010,,56,,PERCENT,percent,,,E,Estimated value,,,This data was estimated based on population census of year 2021,
DATAFLOW,SPC:DF_POP_LECZ(1.0),Population living in low elevation coastal zones (0-10m and 0-20m above sea level),I,A,Annual,TO,Tonga,LECZPOPRF,Population in low elevation coastal zone in relative frequency,10M,0-10 meters above sea level,2011,,56,,PERCENT,percent,,,E,Estimated value,,,This data was estimated based on population census of year 2021,
DATAFLOW,SPC:DF_POP_LECZ(1.0),Population living in low elevation coastal zones (0-10m and 0-20m above sea level),I,A,Annual,TO,Tonga,LECZPOPRF,Population in low elevation coastal zone in relative frequency,10M,0-10 meters above sea level,2012,,56,,PERCENT,percent,,,E,Estimated value,,,This data was estimated based on population census of year 2021,
DATAFLOW,SPC:DF_POP_LECZ(1.0),Population living in low elevation coastal zones (0-10m and 0-20m above sea level),I,A,Annual,TO,Tonga,LECZPOPRF,Population in low elevation coastal zone in relative frequency,10M,0-10 meters above sea level,2013,,56,,PERCENT,percent,,,E,Estimated value,,,This data was estimated based on population census of year 2021,
DATAFLOW,SPC:DF_POP_LECZ(1.0),Population living in low elevation coastal zones (0-10m and 0-20m above sea level),I,A,Annual,TO,Tonga,LECZPOPRF,Population in low elevation coastal zone in relative frequency,10M,0-10 meters above sea level,2014,,56,,PERCENT,percent,,,E,Estimated value,,,This data was estimated based on population census of year 2021,
DATAFLOW,SPC:DF_POP_LECZ(1.0),Population living in low elevation coastal zones (0-10m and 0-20m above sea level),I,A,Annual,TO,Tonga,LECZPOPRF,Population in low elevation coastal zone in relative frequency,10M,0-10 meters above sea level,2015,,56,,PERCENT,percent,,,E,Estimated value,,,This data was estimated based on population census of year 2021,
DATAFLOW,SPC:DF_POP_LECZ(1.0),Population living in low elevation coastal zones (0-10m and 0-20m above sea level),I,A,Annual,TO,Tonga,LECZPOPRF,Population in low elevation coastal zone in relative frequency,10M,0-10 meters above sea level,2016,,56,,PERCENT,percent,,,E,Estimated value,,,This data was estimated based on population census of year 2021,
DATAFLOW,SPC:DF_POP_LECZ(1.0),Population living in low elevation coastal zones (0-10m and 0-20m above sea level),I,A,Annual,TO,Tonga,LECZPOPRF,Population in low elevation coastal zone in relative frequency,10M,0-10 meters above sea level,2017,,56,,PERCENT,percent,,,E,Estimated value,,,This data was estimated based on population census of year 2021,
DATAFLOW,SPC:DF_POP_LECZ(1.0),Population living in low elevation coastal zones (0-10m and 0-20m above sea level),I,A,Annual,TO,Tonga,LECZPOPRF,Population in low elevation coastal zone in relative frequency,10M,0-10 meters above sea level,2018,,56,,PERCENT,percent,,,E,Estimated value,,,This data was estimated based on population census of year 2021,
DATAFLOW,SPC:DF_POP_LECZ(1.0),Population living in low elevation coastal zones (0-10m and 0-20m above sea level),I,A,Annual,TO,Tonga,LECZPOPRF,Population in low elevation coastal zone in relative frequency,10M,0-10 meters above sea level,2019,,56,,PERCENT,percent,,,E,Estimated value,,,This data was estimated based on population census of year 2021,
DATAFLOW,SPC:DF_POP_LECZ(1.0),Population living in low elevation coastal zones (0-10m and 0-20m above sea level),I,A,Annual,TO,Tonga,LECZPOPRF,Population in low elevation coastal zone in relative frequency,10M,0-10 meters above sea level,2020,,56,,PERCENT,percent,,,E,Estimated value,,,This data was estimated based on population census of year 2021,
DATAFLOW,SPC:DF_POP_LECZ(1.0),Population living in low elevation coastal zones (0-10m and 0-20m above sea level),I,A,Annual,TO,Tonga,LECZPOPRF,Population in low elevation coastal zone in relative frequency,10M,0-10 meters above sea level,2021,,56,,PERCENT,percent,,,E,Estimated value,,,This data was estimated based on population census of year 2021,
DATAFLOW,SPC:DF_POP_LECZ(1.0),Population living in low elevation coastal zones (0-10m and 0-20m above sea level),I,A,Annual,TO,Tonga,LECZPOPRF,Population in low elevation coastal zone in relative frequency,10M,0-10 meters above sea level,2022,,27,,PERCENT,percent,,,,,,,This data was estimated based on population census of year 2021,
DATAFLOW,SPC:DF_POP_LECZ(1.0),Population living in low elevation coastal zones (0-10m and 0-20m above sea level),I,A,Annual,TO,Tonga,LECZPOPRF,Population in low elevation coastal zone in relative frequency,10M,0-10 meters above sea level,2023,,27,,PERCENT,percent,,,,,,,This data was estimated based on population census of year 2021,
DATAFLOW,SPC:DF_POP_LECZ(1.0),Population living in low elevation coastal zones (0-10m and 0-20m above sea level),I,A,Annual,TO,Tonga,LECZPOPRF,Population in low elevation coastal zone in relative frequency,10M,0-10 meters above sea level,2024,,27,,PERCENT,percent,,,,,,,This data was estimated based on population census of year 2021,
DATAFLOW,SPC:DF_POP_LECZ(1.0),Population living in low elevation coastal zones (0-10m and 0-20m above sea level),I,A,Annual,NU,Niue,LECZPOPAF,Population in low elevation coastal zone in absolute frequency,10M,0-10 meters above sea level,2010,,18,,N,units,,,E,Estimated value,,,This data was estimated based on population census of year 2022,
DATAFLOW,SPC:DF_POP_LECZ(1.0),Population living in low elevation coastal zones (0-10m and 0-20m above sea level),I,A,Annual,NU,Niue,LECZPOPAF,Population in low elevation coastal zone in absolute frequency,10M,0-10 meters above sea level,2011,,18,,N,units,,,E,Estimated value,,,This data was estimated based on population census of year 2022,
DATAFLOW,SPC:DF_POP_LECZ(1.0),Population living in low elevation coastal zones (0-10m and 0-20m above sea level),I,A,Annual,NU,Niue,LECZPOPAF,Population in low elevation coastal zone in absolute frequency,10M,0-10 meters above sea level,2012,,18,,N,units,,,E,Estimated value,,,This data was estimated based on population census of year 2022,
DATAFLOW,SPC:DF_POP_LECZ(1.0),Population living in low elevation coastal zones (0-10m and 0-20m above sea level),I,A,Annual,NU,Niue,LECZPOPAF,Population in low elevation coastal zone in absolute frequency,10M,0-10 meters above sea level,2013,,18,,N,units,,,E,Estimated value,,,This data was estimated based on population census of year 2022,
DATAFLOW,SPC:DF_POP_LECZ(1.0),Population living in low elevation coastal zones (0-10m and 0-20m above sea level),I,A,Annual,NU,Niue,LECZPOPAF,Population in low elevation coastal zone in absolute frequency,10M,0-10 meters above sea level,2014,,18,,N,units,,,E,Estimated value,,,This data was estimated based on population census of year 2022,
DATAFLOW,SPC:DF_POP_LECZ(1.0),Population living in low elevation coastal zones (0-10m and 0-20m above sea level),I,A,Annual,NU,Niue,LECZPOPAF,Population in low elevation coastal zone in absolute frequency,10M,0-10 meters above sea level,2015,,18,,N,units,,,E,Estimated value,,,This data was estimated based on population census of year 2022,
DATAFLOW,SPC:DF_POP_LECZ(1.0),Population living in low elevation coastal zones (0-10m and 0-20m above sea level),I,A,Annual,NU,Niue,LECZPOPAF,Population in low elevation coastal zone in absolute frequency,10M,0-10 meters above sea level,2016,,18,,N,units,,,E,Estimated value,,,This data was estimated based on population census of year 2022,
DATAFLOW,SPC:DF_POP_LECZ(1.0),Population living in low elevation coastal zones (0-10m and 0-20m above sea level),I,A,Annual,NU,Niue,LECZPOPAF,Population in low elevation coastal zone in absolute frequency,10M,0-10 meters above sea level,2017,,18,,N,units,,,E,Estimated value,,,This data was estimated based on population census of year 2022,
DATAFLOW,SPC:DF_POP_LECZ(1.0),Population living in low elevation coastal zones (0-10m and 0-20m above sea level),I,A,Annual,NU,Niue,LECZPOPAF,Population in low elevation coastal zone in absolute frequency,10M,0-10 meters above sea level,2018,,18,,N,units,,,E,Estimated value,,,This data was estimated based on population census of year 2022,
DATAFLOW,SPC:DF_POP_LECZ(1.0),Population living in low elevation coastal zones (0-10m and 0-20m above sea level),I,A,Annual,NU,Niue,LECZPOPAF,Population in low elevation coastal zone in absolute frequency,10M,0-10 meters above sea level,2019,,18,,N,units,,,E,Estimated value,,,This data was estimated based on population census of year 2022,
DATAFLOW,SPC:DF_POP_LECZ(1.0),Population living in low elevation coastal zones (0-10m and 0-20m above sea level),I,A,Annual,NU,Niue,LECZPOPAF,Population in low elevation coastal zone in absolute frequency,10M,0-10 meters above sea level,2020,,18,,N,units,,,E,Estimated value,,,This data was estimated based on population census of year 2022,
DATAFLOW,SPC:DF_POP_LECZ(1.0),Population living in low elevation coastal zones (0-10m and 0-20m above sea level),I,A,Annual,NU,Niue,LECZPOPAF,Population in low elevation coastal zone in absolute frequency,10M,0-10 meters above sea level,2021,,19,,N,units,,,E,Estimated value,,,This data was estimated based on population census of year 2022,
DATAFLOW,SPC:DF_POP_LECZ(1.0),Population living in low elevation coastal zones (0-10m and 0-20m above sea level),I,A,Annual,NU,Niue,LECZPOPAF,Population in low elevation coastal zone in absolute frequency,10M,0-10 meters above sea level,2022,,21,,N,units,,,,,,,This data was estimated based on population census of year 2022,
DATAFLOW,SPC:DF_POP_LECZ(1.0),Population living in low elevation coastal zones (0-10m and 0-20m above sea level),I,A,Annual,NU,Niue,LECZPOPAF,Population in low elevation coastal zone in absolute frequency,10M,0-10 meters above sea level,2023,,21,,N,units,,,,,,,This data was estimated based on population census of year 2022,
DATAFLOW,SPC:DF_POP_LECZ(1.0),Population living in low elevation coastal zones (0-10m and 0-20m above sea level),I,A,Annual,NU,Niue,LECZPOPAF,Population in low elevation coastal zone in absolute frequency,10M,0-10 meters above sea level,2024,,21,,N,units,,,,,,,This data was estimated based on population census of year 2022,
DATAFLOW,SPC:DF_POP_LECZ(1.0),Population living in low elevation coastal zones (0-10m and 0-20m above sea level),I,A,Annual,CK,Cook Islands,LECZPOPAF,Population in low elevation coastal zone in absolute frequency,10M,0-10 meters above sea level,2010,,5618,,N,units,,,E,Estimated value,,,This data was estimated based on population census of year 2021,
DATAFLOW,SPC:DF_POP_LECZ(1.0),Population living in low elevation coastal zones (0-10m and 0-20m above sea level),I,A,Annual,CK,Cook Islands,LECZPOPAF,Population in low elevation coastal zone in absolute frequency,10M,0-10 meters above sea level,2011,,5776,,N,units,,,E,Estimated value,,,This data was estimated based on population census of year 2021,
DATAFLOW,SPC:DF_POP_LECZ(1.0),Population living in low elevation coastal zones (0-10m and 0-20m above sea level),I,A,Annual,CK,Cook Islands,LECZPOPAF,Population in low elevation coastal zone in absolute frequency,10M,0-10 meters above sea level,2012,,5844,,N,units,,,E,Estimated value,,,This data was estimated based on population census of year 2021,
DATAFLOW,SPC:DF_POP_LECZ(1.0),Population living in low elevation coastal zones (0-10m and 0-20m above sea level),I,A,Annual,CK,Cook Islands,LECZPOPAF,Population in low elevation coastal zone in absolute frequency,10M,0-10 meters above sea level,2013,,5826,,N,units,,,E,Estimated value,,,This data was estimated based on population census of year 2021,
DATAFLOW,SPC:DF_POP_LECZ(1.0),Population living in low elevation coastal zones (0-10m and 0-20m above sea level),I,A,Annual,CK,Cook Islands,LECZPOPAF,Population in low elevation coastal zone in absolute frequency,10M,0-10 meters above sea level,2014,,5801,,N,units,,,E,Estimated value,,,This data was estimated based on population census of year 2021,
DATAFLOW,SPC:DF_POP_LECZ(1.0),Population living in low elevation coastal zones (0-10m and 0-20m above sea level),I,A,Annual,CK,Cook Islands,LECZPOPAF,Population in low elevation coastal zone in absolute frequency,10M,0-10 meters above sea level,2015,,5773,,N,units,,,E,Estimated value,,,This data was estimated based on population census of year 2021,
DATAFLOW,SPC:DF_POP_LECZ(1.0),Population living in low elevation coastal zones (0-10m and 0-20m above sea level),I,A,Annual,CK,Cook Islands,LECZPOPAF,Population in low elevation coastal zone in absolute frequency,10M,0-10 meters above sea level,2016,,5735,,N,units,,,E,Estimated value,,,This data was estimated based on population census of year 2021,
DATAFLOW,SPC:DF_POP_LECZ(1.0),Population living in low elevation coastal zones (0-10m and 0-20m above sea level),I,A,Annual,CK,Cook Islands,LECZPOPAF,Population in low elevation coastal zone in absolute frequency,10M,0-10 meters above sea level,2017,,5641,,N,units,,,E,Estimated value,,,This data was estimated based on population census of year 2021,
DATAFLOW,SPC:DF_POP_LECZ(1.0),Population living in low elevation coastal zones (0-10m and 0-20m above sea level),I,A,Annual,CK,Cook Islands,LECZPOPAF,Population in low elevation coastal zone in absolute frequency,10M,0-10 meters above sea level,2018,,5490,,N,units,,,E,Estimated value,,,This data was estimated based on population census of year 2021,
DATAFLOW,SPC:DF_POP_LECZ(1.0),Population living in low elevation coastal zones (0-10m and 0-20m above sea level),I,A,Annual,CK,Cook Islands,LECZPOPAF,Population in low elevation coastal zone in absolute frequency,10M,0-10 meters above sea level,2019,,5338,,N,units,,,E,Estimated value,,,This data was estimated based on population census of year 2021,
DATAFLOW,SPC:DF_POP_LECZ(1.0),Population living in low elevation coastal zones (0-10m and 0-20m above sea level),I,A,Annual,CK,Cook Islands,LECZPOPAF,Population in low elevation coastal zone in absolute frequency,10M,0-10 meters above sea level,2020,,5178,,N,units,,,E,Estimated value,,,This data was estimated based on population census of year 2021,
DATAFLOW,SPC:DF_POP_LECZ(1.0),Population living in low elevation coastal zones (0-10m and 0-20m above sea level),I,A,Annual,CK,Cook Islands,LECZPOPAF,Population in low elevation coastal zone in absolute frequency,10M,0-10 meters above sea level,2021,,5025,,N,units,,,E,Estimated value,,,This data was estimated based on population census of year 2021,
DATAFLOW,SPC:DF_POP_LECZ(1.0),Population living in low elevation coastal zones (0-10m and 0-20m above sea level),I,A,Annual,CK,Cook Islands,LECZPOPAF,Population in low elevation coastal zone in absolute frequency,10M,0-10 meters above sea level,2022,,4539,,N,units,,,,,,,This data was estimated based on population census of year 2021,
DATAFLOW,SPC:DF_POP_LECZ(1.0),Population living in low elevation coastal zones (0-10m and 0-20m above sea level),I,A,Annual,CK,Cook Islands,LECZPOPAF,Population in low elevation coastal zone in absolute frequency,10M,0-10 meters above sea level,2023,,4385,,N,units,,,,,,,This data was estimated based on population census of year 2021,
DATAFLOW,SPC:DF_POP_LECZ(1.0),Population living in low elevation coastal zones (0-10m and 0-20m above sea level),I,A,Annual,CK,Cook Islands,LECZPOPAF,Population in low elevation coastal zone in absolute frequency,10M,0-10 meters above sea level,2024,,4233,,N,units,,,,,,,This data was estimated based on population census of year 2021,
DATAFLOW,SPC:DF_POP_LECZ(1.0),Population living in low elevation coastal zones (0-10m and 0-20m above sea level),I,A,Annual,MP,Northern Mariana Islands,LECZPOPAF,Population in low elevation coastal zone in absolute frequency,20M,0-20 meters above sea level,2010,,21115,,N,units,,,E,Estimated value,,,This data was estimated based on population census of year 2023,
DATAFLOW,SPC:DF_POP_LECZ(1.0),Population living in low elevation coastal zones (0-10m and 0-20m above sea level),I,A,Annual,MP,Northern Mariana Islands,LECZPOPAF,Population in low elevation coastal zone in absolute frequency,20M,0-20 meters above sea level,2011,,20927,,N,units,,,E,Estimated value,,,This data was estimated based on population census of year 2023,
DATAFLOW,SPC:DF_POP_LECZ(1.0),Population living in low elevation coastal zones (0-10m and 0-20m above sea level),I,A,Annual,MP,Northern Mariana Islands,LECZPOPAF,Population in low elevation coastal zone in absolute frequency,20M,0-20 meters above sea level,2012,,20778,,N,units,,,E,Estimated value,,,This data was estimated based on population census of year 2023,
DATAFLOW,SPC:DF_POP_LECZ(1.0),Population living in low elevation coastal zones (0-10m and 0-20m above sea level),I,A,Annual,MP,Northern Mariana Islands,LECZPOPAF,Population in low elevation coastal zone in absolute frequency,20M,0-20 meters above sea level,2013,,20592,,N,units,,,E,Estimated value,,,This data was estimated based on population census of year 2023,
DATAFLOW,SPC:DF_POP_LECZ(1.0),Population living in low elevation coastal zones (0-10m and 0-20m above sea level),I,A,Annual,MP,Northern Mariana Islands,LECZPOPAF,Population in low elevation coastal zone in absolute frequency,20M,0-20 meters above sea level,2014,,20365,,N,units,,,E,Estimated value,,,This data was estimated based on population census of year 2023,
DATAFLOW,SPC:DF_POP_LECZ(1.0),Population living in low elevation coastal zones (0-10m and 0-20m above sea level),I,A,Annual,MP,Northern Mariana Islands,LECZPOPAF,Population in low elevation coastal zone in absolute frequency,20M,0-20 meters above sea level,2015,,20108,,N,units,,,E,Estimated value,,,This data was estimated based on population census of year 2023,
DATAFLOW,SPC:DF_POP_LECZ(1.0),Population living in low elevation coastal zones (0-10m and 0-20m above sea level),I,A,Annual,MP,Northern Mariana Islands,LECZPOPAF,Population in low elevation coastal zone in absolute frequency,20M,0-20 meters above sea level,2016,,19819,,N,units,,,E,Estimated value,,,This data was estimated based on population census of year 2023,
DATAFLOW,SPC:DF_POP_LECZ(1.0),Population living in low elevation coastal zones (0-10m and 0-20m above sea level),I,A,Annual,MP,Northern Mariana Islands,LECZPOPAF,Population in low elevation coastal zone in absolute frequency,20M,0-20 meters above sea level,2017,,19503,,N,units,,,E,Estimated value,,,This data was estimated based on population census of year 2023,
DATAFLOW,SPC:DF_POP_LECZ(1.0),Population living in low elevation coastal zones (0-10m and 0-20m above sea level),I,A,Annual,MP,Northern Mariana Islands,LECZPOPAF,Population in low elevation coastal zone in absolute frequency,20M,0-20 meters above sea level,2018,,19158,,N,units,,,E,Estimated value,,,This data was estimated based on population census of year 2023,
DATAFLOW,SPC:DF_POP_LECZ(1.0),Population living in low elevation coastal zones (0-10m and 0-20m above sea level),I,A,Annual,MP,Northern Mariana Islands,LECZPOPAF,Population in low elevation coastal zone in absolute frequency,20M,0-20 meters above sea level,2019,,18789,,N,units,,,E,Estimated value,,,This data was estimated based on population census of year 2023,
DATAFLOW,SPC:DF_POP_LECZ(1.0),Population living in low elevation coastal zones (0-10m and 0-20m above sea level),I,A,Annual,MP,Northern Mariana Islands,LECZPOPAF,Population in low elevation coastal zone in absolute frequency,20M,0-20 meters above sea level,2020,,18553,,N,units,,,E,Estimated value,,,This data was estimated based on population census of year 2023,
DATAFLOW,SPC:DF_POP_LECZ(1.0),Population living in low elevation coastal zones (0-10m and 0-20m above sea level),I,A,Annual,MP,Northern Mariana Islands,LECZPOPAF,Population in low elevation coastal zone in absolute frequency,20M,0-20 meters above sea level,2021,,18342,,N,units,,,E,Estimated value,,,This data was estimated based on population census of year 2023,
DATAFLOW,SPC:DF_POP_LECZ(1.0),Population living in low elevation coastal zones (0-10m and 0-20m above sea level),I,A,Annual,MP,Northern Mariana Islands,LECZPOPAF,Population in low elevation coastal zone in absolute frequency,20M,0-20 meters above sea level,2022,,19657,,N,units,,,,,,,This data was estimated based on population census of year 2023,
DATAFLOW,SPC:DF_POP_LECZ(1.0),Population living in low elevation coastal zones (0-10m and 0-20m above sea level),I,A,Annual,MP,Northern Mariana Islands,LECZPOPAF,Population in low elevation coastal zone in absolute frequency,20M,0-20 meters above sea level,2023,,19258,,N,units,,,,,,,This data was estimated based on population census of year 2023,
DATAFLOW,SPC:DF_POP_LECZ(1.0),Population living in low elevation coastal zones (0-10m and 0-20m above sea level),I,A,Annual,MP,Northern Mariana Islands,LECZPOPAF,Population in low elevation coastal zone in absolute frequency,20M,0-20 meters above sea level,2024,,18889,,N,units,,,,,,,This data was estimated based on population census of year 2023,
DATAFLOW,SPC:DF_POP_LECZ(1.0),Population living in low elevation coastal zones (0-10m and 0-20m above sea level),I,A,Annual,PF,French Polynesia,LECZPOPRF,Population in low elevation coastal zone in relative frequency,5M,0-5 meters above sea level,2010,,30,,PERCENT,percent,,,,,,,This data was estimated based on population census of year 2023,
DATAFLOW,SPC:DF_POP_LECZ(1.0),Population living in low elevation coastal zones (0-10m and 0-20m above sea level),I,A,Annual,PF,French Polynesia,LECZPOPRF,Population in low elevation coastal zone in relative frequency,5M,0-5 meters above sea level,2011,,30,,PERCENT,percent,,,,,,,This data was estimated based on population census of year 2023,
DATAFLOW,SPC:DF_POP_LECZ(1.0),Population living in low elevation coastal zones (0-10m and 0-20m above sea level),I,A,Annual,PF,French Polynesia,LECZPOPRF,Population in low elevation coastal zone in relative frequency,5M,0-5 meters above sea level,2012,,30,,PERCENT,percent,,,,,,,This data was estimated based on population census of year 2023,
DATAFLOW,SPC:DF_POP_LECZ(1.0),Population living in low elevation coastal zones (0-10m and 0-20m above sea level),I,A,Annual,PF,French Polynesia,LECZPOPRF,Population in low elevation coastal zone in relative frequency,5M,0-5 meters above sea level,2013,,30,,PERCENT,percent,,,,,,,This data was estimated based on population census of year 2023,
DATAFLOW,SPC:DF_POP_LECZ(1.0),Population living in low elevation coastal zones (0-10m and 0-20m above sea level),I,A,Annual,PF,French Polynesia,LECZPOPRF,Population in low elevation coastal zone in relative frequency,5M,0-5 meters above sea level,2014,,30,,PERCENT,percent,,,,,,,This data was estimated based on population census of year 2023,
DATAFLOW,SPC:DF_POP_LECZ(1.0),Population living in low elevation coastal zones (0-10m and 0-20m above sea level),I,A,Annual,PF,French Polynesia,LECZPOPRF,Population in low elevation coastal zone in relative frequency,5M,0-5 meters above sea level,2015,,30,,PERCENT,percent,,,,,,,This data was estimated based on population census of year 2023,
DATAFLOW,SPC:DF_POP_LECZ(1.0),Population living in low elevation coastal zones (0-10m and 0-20m above sea level),I,A,Annual,PF,French Polynesia,LECZPOPRF,Population in low elevation coastal zone in relative frequency,5M,0-5 meters above sea level,2016,,30,,PERCENT,percent,,,,,,,This data was estimated based on population census of year 2023,
DATAFLOW,SPC:DF_POP_LECZ(1.0),Population living in low elevation coastal zones (0-10m and 0-20m above sea level),I,A,Annual,PF,French Polynesia,LECZPOPRF,Population in low elevation coastal zone in relative frequency,5M,0-5 meters above sea level,2017,,30,,PERCENT,percent,,,,,,,This data was estimated based on population census of year 2023,
DATAFLOW,SPC:DF_POP_LECZ(1.0),Population living in low elevation coastal zones (0-10m and 0-20m above sea level),I,A,Annual,PF,French Polynesia,LECZPOPRF,Population in low elevation coastal zone in relative frequency,5M,0-5 meters above sea level,2018,,30,,PERCENT,percent,,,,,,,This data was estimated based on population census of year 2023,
DATAFLOW,SPC:DF_POP_LECZ(1.0),Population living in low elevation coastal zones (0-10m and 0-20m above sea level),I,A,Annual,PF,French Polynesia,LECZPOPRF,Population in low elevation coastal zone in relative frequency,5M,0-5 meters above sea level,2019,,30,,PERCENT,percent,,,,,,,This data was estimated based on population census of year 2023,
DATAFLOW,SPC:DF_POP_LECZ(1.0),Population living in low elevation coastal zones (0-10m and 0-20m above sea level),I,A,Annual,PF,French Polynesia,LECZPOPRF,Population in low elevation coastal zone in relative frequency,5M,0-5 meters above sea level,2020,,30,,PERCENT,percent,,,,,,,This data was estimated based on population census of year 2023,
DATAFLOW,SPC:DF_POP_LECZ(1.0),Population living in low elevation coastal zones (0-10m and 0-20m above sea level),I,A,Annual,PF,French Polynesia,LECZPOPRF,Population in low elevation coastal zone in relative frequency,5M,0-5 meters above sea level,2021,,30,,PERCENT,percent,,,,,,,This data was estimated based on population census of year 2023,
DATAFLOW,SPC:DF_POP_LECZ(1.0),Population living in low elevation coastal zones (0-10m and 0-20m above sea level),I,A,Annual,PF,French Polynesia,LECZPOPRF,Population in low elevation coastal zone in relative frequency,5M,0-5 meters above sea level,2022,,30,,PERCENT,percent,,,,,,,This data was estimated based on population census of year 2023,
DATAFLOW,SPC:DF_POP_LECZ(1.0),Population living in low elevation coastal zones (0-10m and 0-20m above sea level),I,A,Annual,PF,French Polynesia,LECZPOPRF,Population in low elevation coastal zone in relative frequency,5M,0-5 meters above sea level,2023,,30,,PERCENT,percent,,,,,,,This data was estimated based on population census of year 2023,
DATAFLOW,SPC:DF_POP_LECZ(1.0),Population living in low elevation coastal zones (0-10m and 0-20m above sea level),I,A,Annual,PF,French Polynesia,LECZPOPRF,Population in low elevation coastal zone in relative frequency,5M,0-5 meters above sea level,2024,,30,,PERCENT,percent,,,,,,,This data was estimated based on population census of year 2023,
DATAFLOW,SPC:DF_POP_LECZ(1.0),Population living in low elevation coastal zones (0-10m and 0-20m above sea level),I,A,Annual,GU,Guam,LECZPOPAF,Population in low elevation coastal zone in absolute frequency,5M,0-5 meters above sea level,2010,,3014,,N,units,,,,,,,This data was estimated based on population census of year 2023,
DATAFLOW,SPC:DF_POP_LECZ(1.0),Population living in low elevation coastal zones (0-10m and 0-20m above sea level),I,A,Annual,GU,Guam,LECZPOPAF,Population in low elevation coastal zone in absolute frequency,5M,0-5 meters above sea level,2011,,3014,,N,units,,,,,,,This data was estimated based on population census of year 2023,
DATAFLOW,SPC:DF_POP_LECZ(1.0),Population living in low elevation coastal zones (0-10m and 0-20m above sea level),I,A,Annual,GU,Guam,LECZPOPAF,Population in low elevation coastal zone in absolute frequency,5M,0-5 meters above sea level,2012,,3011,,N,units,,,,,,,This data was estimated based on population census of year 2023,
DATAFLOW,SPC:DF_POP_LECZ(1.0),Population living in low elevation coastal zones (0-10m and 0-20m above sea level),I,A,Annual,GU,Guam,LECZPOPAF,Population in low elevation coastal zone in absolute frequency,5M,0-5 meters above sea level,2013,,3004,,N,units,,,,,,,This data was estimated based on population census of year 2023,
DATAFLOW,SPC:DF_POP_LECZ(1.0),Population living in low elevation coastal zones (0-10m and 0-20m above sea level),I,A,Annual,GU,Guam,LECZPOPAF,Population in low elevation coastal zone in absolute frequency,5M,0-5 meters above sea level,2014,,2995,,N,units,,,,,,,This data was estimated based on population census of year 2023,
DATAFLOW,SPC:DF_POP_LECZ(1.0),Population living in low elevation coastal zones (0-10m and 0-20m above sea level),I,A,Annual,GU,Guam,LECZPOPAF,Population in low elevation coastal zone in absolute frequency,5M,0-5 meters above sea level,2015,,2985,,N,units,,,,,,,This data was estimated based on population census of year 2023,
DATAFLOW,SPC:DF_POP_LECZ(1.0),Population living in low elevation coastal zones (0-10m and 0-20m above sea level),I,A,Annual,GU,Guam,LECZPOPAF,Population in low elevation coastal zone in absolute frequency,5M,0-5 meters above sea level,2016,,2973,,N,units,,,,,,,This data was estimated based on population census of year 2023,
DATAFLOW,SPC:DF_POP_LECZ(1.0),Population living in low elevation coastal zones (0-10m and 0-20m above sea level),I,A,Annual,GU,Guam,LECZPOPAF,Population in low elevation coastal zone in absolute frequency,5M,0-5 meters above sea level,2017,,2959,,N,units,,,,,,,This data was estimated based on population census of year 2023,
DATAFLOW,SPC:DF_POP_LECZ(1.0),Population living in low elevation coastal zones (0-10m and 0-20m above sea level),I,A,Annual,GU,Guam,LECZPOPAF,Population in low elevation coastal zone in absolute frequency,5M,0-5 meters above sea level,2018,,2944,,N,units,,,,,,,This data was estimated based on population census of year 2023,
DATAFLOW,SPC:DF_POP_LECZ(1.0),Population living in low elevation coastal zones (0-10m and 0-20m above sea level),I,A,Annual,GU,Guam,LECZPOPAF,Population in low elevation coastal zone in absolute frequency,5M,0-5 meters above sea level,2019,,2929,,N,units,,,,,,,This data was estimated based on population census of year 2023,
DATAFLOW,SPC:DF_POP_LECZ(1.0),Population living in low elevation coastal zones (0-10m and 0-20m above sea level),I,A,Annual,GU,Guam,LECZPOPAF,Population in low elevation coastal zone in absolute frequency,5M,0-5 meters above sea level,2020,,2935,,N,units,,,,,,,This data was estimated based on population census of year 2023,
DATAFLOW,SPC:DF_POP_LECZ(1.0),Population living in low elevation coastal zones (0-10m and 0-20m above sea level),I,A,Annual,GU,Guam,LECZPOPAF,Population in low elevation coastal zone in absolute frequency,5M,0-5 meters above sea level,2021,,2964,,N,units,,,,,,,This data was estimated based on population census of year 2023,
DATAFLOW,SPC:DF_POP_LECZ(1.0),Population living in low elevation coastal zones (0-10m and 0-20m above sea level),I,A,Annual,GU,Guam,LECZPOPAF,Population in low elevation coastal zone in absolute frequency,5M,0-5 meters above sea level,2022,,2990,,N,units,,,,,,,This data was estimated based on population census of year 2023,
DATAFLOW,SPC:DF_POP_LECZ(1.0),Population living in low elevation coastal zones (0-10m and 0-20m above sea level),I,A,Annual,GU,Guam,LECZPOPAF,Population in low elevation coastal zone in absolute frequency,5M,0-5 meters above sea level,2023,,3014,,N,units,,,,,,,This data was estimated based on population census of year 2023,
DATAFLOW,SPC:DF_POP_LECZ(1.0),Population living in low elevation coastal zones (0-10m and 0-20m above sea level),I,A,Annual,GU,Guam,LECZPOPAF,Population in low elevation coastal zone in absolute frequency,5M,0-5 meters above sea level,2024,,3037,,N,units,,,,,,,This data was estimated based on population census of year 2023,
DATAFLOW,SPC:DF_POP_LECZ(1.0),Population living in low elevation coastal zones (0-10m and 0-20m above sea level),I,A,Annual,NC,New Caledonia,LECZPOPRF,Population in low elevation coastal zone in relative frequency,10M,0-10 meters above sea level,2010,,19,,PERCENT,percent,,,E,Estimated value,,,This data was estimated based on population census of year 2023,
DATAFLOW,SPC:DF_POP_LECZ(1.0),Population living in low elevation coastal zones (0-10m and 0-20m above sea level),I,A,Annual,NC,New Caledonia,LECZPOPRF,Population in low elevation coastal zone in relative frequency,10M,0-10 meters above sea level,2011,,19,,PERCENT,percent,,,E,Estimated value,,,This data was estimated based on population census of year 2023,
DATAFLOW,SPC:DF_POP_LECZ(1.0),Population living in low elevation coastal zones (0-10m and 0-20m above sea level),I,A,Annual,NC,New Caledonia,LECZPOPRF,Population in low elevation coastal zone in relative frequency,10M,0-10 meters above sea level,2012,,19,,PERCENT,percent,,,E,Estimated value,,,This data was estimated based on population census of year 2023,
DATAFLOW,SPC:DF_POP_LECZ(1.0),Population living in low elevation coastal zones (0-10m and 0-20m above sea level),I,A,Annual,NC,New Caledonia,LECZPOPRF,Population in low elevation coastal zone in relative frequency,10M,0-10 meters above sea level,2013,,19,,PERCENT,percent,,,E,Estimated value,,,This data was estimated based on population census of year 2023,
DATAFLOW,SPC:DF_POP_LECZ(1.0),Population living in low elevation coastal zones (0-10m and 0-20m above sea level),I,A,Annual,NC,New Caledonia,LECZPOPRF,Population in low elevation coastal zone in relative frequency,10M,0-10 meters above sea level,2014,,19,,PERCENT,percent,,,E,Estimated value,,,This data was estimated based on population census of year 2023,
DATAFLOW,SPC:DF_POP_LECZ(1.0),Population living in low elevation coastal zones (0-10m and 0-20m above sea level),I,A,Annual,NC,New Caledonia,LECZPOPRF,Population in low elevation coastal zone in relative frequency,10M,0-10 meters above sea level,2015,,19,,PERCENT,percent,,,E,Estimated value,,,This data was estimated based on population census of year 2023,
DATAFLOW,SPC:DF_POP_LECZ(1.0),Population living in low elevation coastal zones (0-10m and 0-20m above sea level),I,A,Annual,NC,New Caledonia,LECZPOPRF,Population in low elevation coastal zone in relative frequency,10M,0-10 meters above sea level,2016,,19,,PERCENT,percent,,,E,Estimated value,,,This data was estimated based on population census of year 2023,
DATAFLOW,SPC:DF_POP_LECZ(1.0),Population living in low elevation coastal zones (0-10m and 0-20m above sea level),I,A,Annual,NC,New Caledonia,LECZPOPRF,Population in low elevation coastal zone in relative frequency,10M,0-10 meters above sea level,2017,,19,,PERCENT,percent,,,E,Estimated value,,,This data was estimated based on population census of year 2023,
DATAFLOW,SPC:DF_POP_LECZ(1.0),Population living in low elevation coastal zones (0-10m and 0-20m above sea level),I,A,Annual,NC,New Caledonia,LECZPOPRF,Population in low elevation coastal zone in relative frequency,10M,0-10 meters above sea level,2018,,19,,PERCENT,percent,,,E,Estimated value,,,This data was estimated based on population census of year 2023,
DATAFLOW,SPC:DF_POP_LECZ(1.0),Population living in low elevation coastal zones (0-10m and 0-20m above sea level),I,A,Annual,NC,New Caledonia,LECZPOPRF,Population in low elevation coastal zone in relative frequency,10M,0-10 meters above sea level,2019,,19,,PERCENT,percent,,,E,Estimated value,,,This data was estimated based on population census of year 2023,
DATAFLOW,SPC:DF_POP_LECZ(1.0),Population living in low elevation coastal zones (0-10m and 0-20m above sea level),I,A,Annual,NC,New Caledonia,LECZPOPRF,Population in low elevation coastal zone in relative frequency,10M,0-10 meters above sea level,2020,,19,,PERCENT,percent,,,E,Estimated value,,,This data was estimated based on population census of year 2023,
DATAFLOW,SPC:DF_POP_LECZ(1.0),Population living in low elevation coastal zones (0-10m and 0-20m above sea level),I,A,Annual,NC,New Caledonia,LECZPOPRF,Population in low elevation coastal zone in relative frequency,10M,0-10 meters above sea level,2021,,19,,PERCENT,percent,,,E,Estimated value,,,This data was estimated based on population census of year 2023,
DATAFLOW,SPC:DF_POP_LECZ(1.0),Population living in low elevation coastal zones (0-10m and 0-20m above sea level),I,A,Annual,NC,New Caledonia,LECZPOPRF,Population in low elevation coastal zone in relative frequency,10M,0-10 meters above sea level,2022,,31,,PERCENT,percent,,,,,,,This data was estimated based on population census of year 2023,
DATAFLOW,SPC:DF_POP_LECZ(1.0),Population living in low elevation coastal zones (0-10m and 0-20m above sea level),I,A,Annual,NC,New Caledonia,LECZPOPRF,Population in low elevation coastal zone in relative frequency,10M,0-10 meters above sea level,2023,,31,,PERCENT,percent,,,,,,,This data was estimated based on population census of year 2023,
DATAFLOW,SPC:DF_POP_LECZ(1.0),Population living in low elevation coastal zones (0-10m and 0-20m above sea level),I,A,Annual,NC,New Caledonia,LECZPOPRF,Population in low elevation coastal zone in relative frequency,10M,0-10 meters above sea level,2024,,31,,PERCENT,percent,,,,,,,This data was estimated based on population census of year 2023,
DATAFLOW,SPC:DF_POP_LECZ(1.0),Population living in low elevation coastal zones (0-10m and 0-20m above sea level),I,A,Annual,NR,Naoero,LECZPOPRF,Population in low elevation coastal zone in relative frequency,5M,0-5 meters above sea level,2010,,30,,PERCENT,percent,,,,,,,This data was estimated based on population census of year 2021,
DATAFLOW,SPC:DF_POP_LECZ(1.0),Population living in low elevation coastal zones (0-10m and 0-20m above sea level),I,A,Annual,NR,Naoero,LECZPOPRF,Population in low elevation coastal zone in relative frequency,5M,0-5 meters above sea level,2011,,30,,PERCENT,percent,,,,,,,This data was estimated based on population census of year 2021,
DATAFLOW,SPC:DF_POP_LECZ(1.0),Population living in low elevation coastal zones (0-10m and 0-20m above sea level),I,A,Annual,NR,Naoero,LECZPOPRF,Population in low elevation coastal zone in relative frequency,5M,0-5 meters above sea level,2012,,30,,PERCENT,percent,,,,,,,This data was estimated based on population census of year 2021,
DATAFLOW,SPC:DF_POP_LECZ(1.0),Population living in low elevation coastal zones (0-10m and 0-20m above sea level),I,A,Annual,NR,Naoero,LECZPOPRF,Population in low elevation coastal zone in relative frequency,5M,0-5 meters above sea level,2013,,30,,PERCENT,percent,,,,,,,This data was estimated based on population census of year 2021,
DATAFLOW,SPC:DF_POP_LECZ(1.0),Population living in low elevation coastal zones (0-10m and 0-20m above sea level),I,A,Annual,NR,Naoero,LECZPOPRF,Population in low elevation coastal zone in relative frequency,5M,0-5 meters above sea level,2014,,30,,PERCENT,percent,,,,,,,This data was estimated based on population census of year 2021,
DATAFLOW,SPC:DF_POP_LECZ(1.0),Population living in low elevation coastal zones (0-10m and 0-20m above sea level),I,A,Annual,NR,Naoero,LECZPOPRF,Population in low elevation coastal zone in relative frequency,5M,0-5 meters above sea level,2015,,30,,PERCENT,percent,,,,,,,This data was estimated based on population census of year 2021,
DATAFLOW,SPC:DF_POP_LECZ(1.0),Population living in low elevation coastal zones (0-10m and 0-20m above sea level),I,A,Annual,NR,Naoero,LECZPOPRF,Population in low elevation coastal zone in relative frequency,5M,0-5 meters above sea level,2016,,30,,PERCENT,percent,,,,,,,This data was estimated based on population census of year 2021,
DATAFLOW,SPC:DF_POP_LECZ(1.0),Population living in low elevation coastal zones (0-10m and 0-20m above sea level),I,A,Annual,NR,Naoero,LECZPOPRF,Population in low elevation coastal zone in relative frequency,5M,0-5 meters above sea level,2017,,30,,PERCENT,percent,,,,,,,This data was estimated based on population census of year 2021,
DATAFLOW,SPC:DF_POP_LECZ(1.0),Population living in low elevation coastal zones (0-10m and 0-20m above sea level),I,A,Annual,NR,Naoero,LECZPOPRF,Population in low elevation coastal zone in relative frequency,5M,0-5 meters above sea level,2018,,30,,PERCENT,percent,,,,,,,This data was estimated based on population census of year 2021,
DATAFLOW,SPC:DF_POP_LECZ(1.0),Population living in low elevation coastal zones (0-10m and 0-20m above sea level),I,A,Annual,NR,Naoero,LECZPOPRF,Population in low elevation coastal zone in relative frequency,5M,0-5 meters above sea level,2019,,30,,PERCENT,percent,,,,,,,This data was estimated based on population census of year 2021,
DATAFLOW,SPC:DF_POP_LECZ(1.0),Population living in low elevation coastal zones (0-10m and 0-20m above sea level),I,A,Annual,NR,Naoero,LECZPOPRF,Population in low elevation coastal zone in relative frequency,5M,0-5 meters above sea level,2020,,30,,PERCENT,percent,,,,,,,This data was estimated based on population census of year 2021,
DATAFLOW,SPC:DF_POP_LECZ(1.0),Population living in low elevation coastal zones (0-10m and 0-20m above sea level),I,A,Annual,NR,Naoero,LECZPOPRF,Population in low elevation coastal zone in relative frequency,5M,0-5 meters above sea level,2021,,30,,PERCENT,percent,,,,,,,This data was estimated based on population census of year 2021,
DATAFLOW,SPC:DF_POP_LECZ(1.0),Population living in low elevation coastal zones (0-10m and 0-20m above sea level),I,A,Annual,NR,Naoero,LECZPOPRF,Population in low elevation coastal zone in relative frequency,5M,0-5 meters above sea level,2022,,30,,PERCENT,percent,,,,,,,This data was estimated based on population census of year 2021,
DATAFLOW,SPC:DF_POP_LECZ(1.0),Population living in low elevation coastal zones (0-10m and 0-20m above sea level),I,A,Annual,NR,Naoero,LECZPOPRF,Population in low elevation coastal zone in relative frequency,5M,0-5 meters above sea level,2023,,30,,PERCENT,percent,,,,,,,This data was estimated based on population census of year 2021,
DATAFLOW,SPC:DF_POP_LECZ(1.0),Population living in low elevation coastal zones (0-10m and 0-20m above sea level),I,A,Annual,NR,Naoero,LECZPOPRF,Population in low elevation coastal zone in relative frequency,5M,0-5 meters above sea level,2024,,30,,PERCENT,percent,,,,,,,This data was estimated based on population census of year 2021,
DATAFLOW,SPC:DF_POP_LECZ(1.0),Population living in low elevation coastal zones (0-10m and 0-20m above sea level),I,A,Annual,KI,Kiribati,LECZPOPAF,Population in low elevation coastal zone in absolute frequency,_T,Total,2010,,108736,,N,units,,,E,Estimated value,,,Estimated mid-year population for year 2010.,
DATAFLOW,SPC:DF_POP_LECZ(1.0),Population living in low elevation coastal zones (0-10m and 0-20m above sea level),I,A,Annual,KI,Kiribati,LECZPOPAF,Population in low elevation coastal zone in absolute frequency,_T,Total,2011,,110683,,N,units,,,E,Estimated value,,,Estimated mid-year population for year 2011.,
DATAFLOW,SPC:DF_POP_LECZ(1.0),Population living in low elevation coastal zones (0-10m and 0-20m above sea level),I,A,Annual,KI,Kiribati,LECZPOPAF,Population in low elevation coastal zone in absolute frequency,_T,Total,2012,,112323,,N,units,,,E,Estimated value,,,Estimated mid-year population for year 2012.,
DATAFLOW,SPC:DF_POP_LECZ(1.0),Population living in low elevation coastal zones (0-10m and 0-20m above sea level),I,A,Annual,KI,Kiribati,LECZPOPAF,Population in low elevation coastal zone in absolute frequency,_T,Total,2013,,113875,,N,units,,,E,Estimated value,,,Estimated mid-year population for year 2013.,
DATAFLOW,SPC:DF_POP_LECZ(1.0),Population living in low elevation coastal zones (0-10m and 0-20m above sea level),I,A,Annual,KI,Kiribati,LECZPOPAF,Population in low elevation coastal zone in absolute frequency,_T,Total,2014,,115359,,N,units,,,E,Estimated value,,,Estimated mid-year population for year 2014.,
DATAFLOW,SPC:DF_POP_LECZ(1.0),Population living in low elevation coastal zones (0-10m and 0-20m above sea level),I,A,Annual,KI,Kiribati,LECZPOPAF,Population in low elevation coastal zone in absolute frequency,_T,Total,2015,,116849,,N,units,,,E,Estimated value,,,Estimated mid-year population for year 2015.,
DATAFLOW,SPC:DF_POP_LECZ(1.0),Population living in low elevation coastal zones (0-10m and 0-20m above sea level),I,A,Annual,KI,Kiribati,LECZPOPAF,Population in low elevation coastal zone in absolute frequency,_T,Total,2016,,118514,,N,units,,,E,Estimated value,,,Estimated mid-year population for year 2016.,
DATAFLOW,SPC:DF_POP_LECZ(1.0),Population living in low elevation coastal zones (0-10m and 0-20m above sea level),I,A,Annual,KI,Kiribati,LECZPOPAF,Population in low elevation coastal zone in absolute frequency,_T,Total,2017,,120303,,N,units,,,E,Estimated value,,,Estimated mid-year population for year 2017.,
DATAFLOW,SPC:DF_POP_LECZ(1.0),Population living in low elevation coastal zones (0-10m and 0-20m above sea level),I,A,Annual,KI,Kiribati,LECZPOPAF,Population in low elevation coastal zone in absolute frequency,_T,Total,2018,,122119,,N,units,,,E,Estimated value,,,Estimated mid-year population for year 2018.,
DATAFLOW,SPC:DF_POP_LECZ(1.0),Population living in low elevation coastal zones (0-10m and 0-20m above sea level),I,A,Annual,KI,Kiribati,LECZPOPAF,Population in low elevation coastal zone in absolute frequency,_T,Total,2019,,123960,,N,units,,,E,Estimated value,,,Estimated mid-year population for year 2019.,
DATAFLOW,SPC:DF_POP_LECZ(1.0),Population living in low elevation coastal zones (0-10m and 0-20m above sea level),I,A,Annual,KI,Kiribati,LECZPOPAF,Population in low elevation coastal zone in absolute frequency,_T,Total,2020,,126132,,N,units,,,E,Estimated value,,,Estimated mid-year population for year 2020.,
DATAFLOW,SPC:DF_POP_LECZ(1.0),Population living in low elevation coastal zones (0-10m and 0-20m above sea level),I,A,Annual,KI,Kiribati,LECZPOPAF,Population in low elevation coastal zone in absolute frequency,_T,Total,2021,,128411,,N,units,,,E,Estimated value,,,Estimated mid-year population for year 2021.,
DATAFLOW,SPC:DF_POP_LECZ(1.0),Population living in low elevation coastal zones (0-10m and 0-20m above sea level),I,A,Annual,FJ,Fiji,LECZPOPAF,Population in low elevation coastal zone in absolute frequency,5M,0-5 meters above sea level,2010,,84032,,N,units,,,,,,,This data was estimated based on population census of year 2017,
DATAFLOW,SPC:DF_POP_LECZ(1.0),Population living in low elevation coastal zones (0-10m and 0-20m above sea level),I,A,Annual,FJ,Fiji,LECZPOPAF,Population in low elevation coastal zone in absolute frequency,5M,0-5 meters above sea level,2011,,84269,,N,units,,,,,,,This data was estimated based on population census of year 2017,
DATAFLOW,SPC:DF_POP_LECZ(1.0),Population living in low elevation coastal zones (0-10m and 0-20m above sea level),I,A,Annual,FJ,Fiji,LECZPOPAF,Population in low elevation coastal zone in absolute frequency,5M,0-5 meters above sea level,2012,,84447,,N,units,,,,,,,This data was estimated based on population census of year 2017,
DATAFLOW,SPC:DF_POP_LECZ(1.0),Population living in low elevation coastal zones (0-10m and 0-20m above sea level),I,A,Annual,FJ,Fiji,LECZPOPAF,Population in low elevation coastal zone in absolute frequency,5M,0-5 meters above sea level,2013,,84579,,N,units,,,,,,,This data was estimated based on population census of year 2017,
DATAFLOW,SPC:DF_POP_LECZ(1.0),Population living in low elevation coastal zones (0-10m and 0-20m above sea level),I,A,Annual,FJ,Fiji,LECZPOPAF,Population in low elevation coastal zone in absolute frequency,5M,0-5 meters above sea level,2014,,84693,,N,units,,,,,,,This data was estimated based on population census of year 2017,
DATAFLOW,SPC:DF_POP_LECZ(1.0),Population living in low elevation coastal zones (0-10m and 0-20m above sea level),I,A,Annual,FJ,Fiji,LECZPOPAF,Population in low elevation coastal zone in absolute frequency,5M,0-5 meters above sea level,2015,,84785,,N,units,,,,,,,This data was estimated based on population census of year 2017,
DATAFLOW,SPC:DF_POP_LECZ(1.0),Population living in low elevation coastal zones (0-10m and 0-20m above sea level),I,A,Annual,FJ,Fiji,LECZPOPAF,Population in low elevation coastal zone in absolute frequency,5M,0-5 meters above sea level,2016,,84839,,N,units,,,,,,,This data was estimated based on population census of year 2017,
DATAFLOW,SPC:DF_POP_LECZ(1.0),Population living in low elevation coastal zones (0-10m and 0-20m above sea level),I,A,Annual,FJ,Fiji,LECZPOPAF,Population in low elevation coastal zone in absolute frequency,5M,0-5 meters above sea level,2017,,84801,,N,units,,,,,,,This data was estimated based on population census of year 2017,
DATAFLOW,SPC:DF_POP_LECZ(1.0),Population living in low elevation coastal zones (0-10m and 0-20m above sea level),I,A,Annual,FJ,Fiji,LECZPOPAF,Population in low elevation coastal zone in absolute frequency,5M,0-5 meters above sea level,2018,,84656,,N,units,,,,,,,This data was estimated based on population census of year 2017,
DATAFLOW,SPC:DF_POP_LECZ(1.0),Population living in low elevation coastal zones (0-10m and 0-20m above sea level),I,A,Annual,FJ,Fiji,LECZPOPAF,Population in low elevation coastal zone in absolute frequency,5M,0-5 meters above sea level,2019,,84445,,N,units,,,,,,,This data was estimated based on population census of year 2017,
DATAFLOW,SPC:DF_POP_LECZ(1.0),Population living in low elevation coastal zones (0-10m and 0-20m above sea level),I,A,Annual,FJ,Fiji,LECZPOPAF,Population in low elevation coastal zone in absolute frequency,5M,0-5 meters above sea level,2020,,84451,,N,units,,,,,,,This data was estimated based on population census of year 2017,
DATAFLOW,SPC:DF_POP_LECZ(1.0),Population living in low elevation coastal zones (0-10m and 0-20m above sea level),I,A,Annual,FJ,Fiji,LECZPOPAF,Population in low elevation coastal zone in absolute frequency,5M,0-5 meters above sea level,2021,,84612,,N,units,,,,,,,This data was estimated based on population census of year 2017,
DATAFLOW,SPC:DF_POP_LECZ(1.0),Population living in low elevation coastal zones (0-10m and 0-20m above sea level),I,A,Annual,FJ,Fiji,LECZPOPAF,Population in low elevation coastal zone in absolute frequency,5M,0-5 meters above sea level,2022,,84863,,N,units,,,,,,,This data was estimated based on population census of year 2017,
DATAFLOW,SPC:DF_POP_LECZ(1.0),Population living in low elevation coastal zones (0-10m and 0-20m above sea level),I,A,Annual,FJ,Fiji,LECZPOPAF,Population in low elevation coastal zone in absolute frequency,5M,0-5 meters above sea level,2023,,85299,,N,units,,,,,,,This data was estimated based on population census of year 2017,
DATAFLOW,SPC:DF_POP_LECZ(1.0),Population living in low elevation coastal zones (0-10m and 0-20m above sea level),I,A,Annual,FJ,Fiji,LECZPOPAF,Population in low elevation coastal zone in absolute frequency,5M,0-5 meters above sea level,2024,,85727,,N,units,,,,,,,This data was estimated based on population census of year 2017,
DATAFLOW,SPC:DF_POP_LECZ(1.0),Population living in low elevation coastal zones (0-10m and 0-20m above sea level),I,A,Annual,AS,American Samoa,LECZPOPRF,Population in low elevation coastal zone in relative frequency,5M,0-5 meters above sea level,2010,,11,,PERCENT,percent,,,,,,,This data was estimated based on population census of year 2023,
DATAFLOW,SPC:DF_POP_LECZ(1.0),Population living in low elevation coastal zones (0-10m and 0-20m above sea level),I,A,Annual,AS,American Samoa,LECZPOPRF,Population in low elevation coastal zone in relative frequency,5M,0-5 meters above sea level,2011,,11,,PERCENT,percent,,,,,,,This data was estimated based on population census of year 2023,
DATAFLOW,SPC:DF_POP_LECZ(1.0),Population living in low elevation coastal zones (0-10m and 0-20m above sea level),I,A,Annual,AS,American Samoa,LECZPOPRF,Population in low elevation coastal zone in relative frequency,5M,0-5 meters above sea level,2012,,11,,PERCENT,percent,,,,,,,This data was estimated based on population census of year 2023,
DATAFLOW,SPC:DF_POP_LECZ(1.0),Population living in low elevation coastal zones (0-10m and 0-20m above sea level),I,A,Annual,AS,American Samoa,LECZPOPRF,Population in low elevation coastal zone in relative frequency,5M,0-5 meters above sea level,2013,,11,,PERCENT,percent,,,,,,,This data was estimated based on population census of year 2023,
DATAFLOW,SPC:DF_POP_LECZ(1.0),Population living in low elevation coastal zones (0-10m and 0-20m above sea level),I,A,Annual,AS,American Samoa,LECZPOPRF,Population in low elevation coastal zone in relative frequency,5M,0-5 meters above sea level,2014,,11,,PERCENT,percent,,,,,,,This data was estimated based on population census of year 2023,
DATAFLOW,SPC:DF_POP_LECZ(1.0),Population living in low elevation coastal zones (0-10m and 0-20m above sea level),I,A,Annual,AS,American Samoa,LECZPOPRF,Population in low elevation coastal zone in relative frequency,5M,0-5 meters above sea level,2015,,11,,PERCENT,percent,,,,,,,This data was estimated based on population census of year 2023,
DATAFLOW,SPC:DF_POP_LECZ(1.0),Population living in low elevation coastal zones (0-10m and 0-20m above sea level),I,A,Annual,AS,American Samoa,LECZPOPRF,Population in low elevation coastal zone in relative frequency,5M,0-5 meters above sea level,2016,,11,,PERCENT,percent,,,,,,,This data was estimated based on population census of year 2023,
DATAFLOW,SPC:DF_POP_LECZ(1.0),Population living in low elevation coastal zones (0-10m and 0-20m above sea level),I,A,Annual,AS,American Samoa,LECZPOPRF,Population in low elevation coastal zone in relative frequency,5M,0-5 meters above sea level,2017,,11,,PERCENT,percent,,,,,,,This data was estimated based on population census of year 2023,
DATAFLOW,SPC:DF_POP_LECZ(1.0),Population living in low elevation coastal zones (0-10m and 0-20m above sea level),I,A,Annual,AS,American Samoa,LECZPOPRF,Population in low elevation coastal zone in relative frequency,5M,0-5 meters above sea level,2018,,11,,PERCENT,percent,,,,,,,This data was estimated based on population census of year 2023,
DATAFLOW,SPC:DF_POP_LECZ(1.0),Population living in low elevation coastal zones (0-10m and 0-20m above sea level),I,A,Annual,AS,American Samoa,LECZPOPRF,Population in low elevation coastal zone in relative frequency,5M,0-5 meters above sea level,2019,,11,,PERCENT,percent,,,,,,,This data was estimated based on population census of year 2023,
DATAFLOW,SPC:DF_POP_LECZ(1.0),Population living in low elevation coastal zones (0-10m and 0-20m above sea level),I,A,Annual,AS,American Samoa,LECZPOPRF,Population in low elevation coastal zone in relative frequency,5M,0-5 meters above sea level,2020,,11,,PERCENT,percent,,,,,,,This data was estimated based on population census of year 2023,
DATAFLOW,SPC:DF_POP_LECZ(1.0),Population living in low elevation coastal zones (0-10m and 0-20m above sea level),I,A,Annual,AS,American Samoa,LECZPOPRF,Population in low elevation coastal zone in relative frequency,5M,0-5 meters above sea level,2021,,11,,PERCENT,percent,,,,,,,This data was estimated based on population census of year 2023,
DATAFLOW,SPC:DF_POP_LECZ(1.0),Population living in low elevation coastal zones (0-10m and 0-20m above sea level),I,A,Annual,AS,American Samoa,LECZPOPRF,Population in low elevation coastal zone in relative frequency,5M,0-5 meters above sea level,2022,,11,,PERCENT,percent,,,,,,,This data was estimated based on population census of year 2023,
DATAFLOW,SPC:DF_POP_LECZ(1.0),Population living in low elevation coastal zones (0-10m and 0-20m above sea level),I,A,Annual,AS,American Samoa,LECZPOPRF,Population in low elevation coastal zone in relative frequency,5M,0-5 meters above sea level,2023,,11,,PERCENT,percent,,,,,,,This data was estimated based on population census of year 2023,
DATAFLOW,SPC:DF_POP_LECZ(1.0),Population living in low elevation coastal zones (0-10m and 0-20m above sea level),I,A,Annual,AS,American Samoa,LECZPOPRF,Population in low elevation coastal zone in relative frequency,5M,0-5 meters above sea level,2024,,11,,PERCENT,percent,,,,,,,This data was estimated based on population census of year 2023,
DATAFLOW,SPC:DF_POP_LECZ(1.0),Population living in low elevation coastal zones (0-10m and 0-20m above sea level),I,A,Annual,PN,Pitcairn,LECZPOPAF,Population in low elevation coastal zone in absolute frequency,5M,0-5 meters above sea level,2010,,,,N,units,,,O,Missing value,,,,
DATAFLOW,SPC:DF_POP_LECZ(1.0),Population living in low elevation coastal zones (0-10m and 0-20m above sea level),I,A,Annual,PN,Pitcairn,LECZPOPAF,Population in low elevation coastal zone in absolute frequency,5M,0-5 meters above sea level,2011,,,,N,units,,,O,Missing value,,,,
DATAFLOW,SPC:DF_POP_LECZ(1.0),Population living in low elevation coastal zones (0-10m and 0-20m above sea level),I,A,Annual,PN,Pitcairn,LECZPOPAF,Population in low elevation coastal zone in absolute frequency,5M,0-5 meters above sea level,2012,,,,N,units,,,O,Missing value,,,,
DATAFLOW,SPC:DF_POP_LECZ(1.0),Population living in low elevation coastal zones (0-10m and 0-20m above sea level),I,A,Annual,PN,Pitcairn,LECZPOPAF,Population in low elevation coastal zone in absolute frequency,5M,0-5 meters above sea level,2013,,,,N,units,,,O,Missing value,,,,
DATAFLOW,SPC:DF_POP_LECZ(1.0),Population living in low elevation coastal zones (0-10m and 0-20m above sea level),I,A,Annual,PN,Pitcairn,LECZPOPAF,Population in low elevation coastal zone in absolute frequency,5M,0-5 meters above sea level,2014,,,,N,units,,,O,Missing value,,,,
DATAFLOW,SPC:DF_POP_LECZ(1.0),Population living in low elevation coastal zones (0-10m and 0-20m above sea level),I,A,Annual,PN,Pitcairn,LECZPOPAF,Population in low elevation coastal zone in absolute frequency,5M,0-5 meters above sea level,2015,,,,N,units,,,O,Missing value,,,,
DATAFLOW,SPC:DF_POP_LECZ(1.0),Population living in low elevation coastal zones (0-10m and 0-20m above sea level),I,A,Annual,PN,Pitcairn,LECZPOPAF,Population in low elevation coastal zone in absolute frequency,5M,0-5 meters above sea level,2016,,,,N,units,,,O,Missing value,,,,
DATAFLOW,SPC:DF_POP_LECZ(1.0),Population living in low elevation coastal zones (0-10m and 0-20m above sea level),I,A,Annual,PN,Pitcairn,LECZPOPAF,Population in low elevation coastal zone in absolute frequency,5M,0-5 meters above sea level,2017,,,,N,units,,,O,Missing value,,,,
DATAFLOW,SPC:DF_POP_LECZ(1.0),Population living in low elevation coastal zones (0-10m and 0-20m above sea level),I,A,Annual,PN,Pitcairn,LECZPOPAF,Population in low elevation coastal zone in absolute frequency,5M,0-5 meters above sea level,2018,,,,N,units,,,O,Missing value,,,,
DATAFLOW,SPC:DF_POP_LECZ(1.0),Population living in low elevation coastal zones (0-10m and 0-20m above sea level),I,A,Annual,PN,Pitcairn,LECZPOPAF,Population in low elevation coastal zone in absolute frequency,5M,0-5 meters above sea level,2019,,,,N,units,,,O,Missing value,,,,
DATAFLOW,SPC:DF_POP_LECZ(1.0),Population living in low elevation coastal zones (0-10m and 0-20m above sea level),I,A,Annual,PN,Pitcairn,LECZPOPAF,Population in low elevation coastal zone in absolute frequency,5M,0-5 meters above sea level,2020,,,,N,units,,,O,Missing value,,,,
DATAFLOW,SPC:DF_POP_LECZ(1.0),Population living in low elevation coastal zones (0-10m and 0-20m above sea level),I,A,Annual,PN,Pitcairn,LECZPOPAF,Population in low elevation coastal zone in absolute frequency,5M,0-5 meters above sea level,2021,,,,N,units,,,O,Missing value,,,,
DATAFLOW,SPC:DF_POP_LECZ(1.0),Population living in low elevation coastal zones (0-10m and 0-20m above sea level),I,A,Annual,PN,Pitcairn,LECZPOPAF,Population in low elevation coastal zone in absolute frequency,5M,0-5 meters above sea level,2022,,,,N,units,,,O,Missing value,,,,
DATAFLOW,SPC:DF_POP_LECZ(1.0),Population living in low elevation coastal zones (0-10m and 0-20m above sea level),I,A,Annual,PN,Pitcairn,LECZPOPAF,Population in low elevation coastal zone in absolute frequency,5M,0-5 meters above sea level,2023,,,,N,units,,,O,Missing value,,,,
DATAFLOW,SPC:DF_POP_LECZ(1.0),Population living in low elevation coastal zones (0-10m and 0-20m above sea level),I,A,Annual,PN,Pitcairn,LECZPOPAF,Population in low elevation coastal zone in absolute frequency,5M,0-5 meters above sea level,2024,,,,N,units,,,O,Missing value,,,,
DATAFLOW,SPC:DF_POP_LECZ(1.0),Population living in low elevation coastal zones (0-10m and 0-20m above sea level),I,A,Annual,PW,Palau,LECZPOPAF,Population in low elevation coastal zone in absolute frequency,_T,Total,2010,,18445,,N,units,,,E,Estimated value,,,Estimated mid-year population for year 2010.,
DATAFLOW,SPC:DF_POP_LECZ(1.0),Population living in low elevation coastal zones (0-10m and 0-20m above sea level),I,A,Annual,PW,Palau,LECZPOPAF,Population in low elevation coastal zone in absolute frequency,_T,Total,2011,,18124,,N,units,,,E,Estimated value,,,Estimated mid-year population for year 2011.,
DATAFLOW,SPC:DF_POP_LECZ(1.0),Population living in low elevation coastal zones (0-10m and 0-20m above sea level),I,A,Annual,PW,Palau,LECZPOPAF,Population in low elevation coastal zone in absolute frequency,_T,Total,2012,,17812,,N,units,,,E,Estimated value,,,Estimated mid-year population for year 2012.,
DATAFLOW,SPC:DF_POP_LECZ(1.0),Population living in low elevation coastal zones (0-10m and 0-20m above sea level),I,A,Annual,PW,Palau,LECZPOPAF,Population in low elevation coastal zone in absolute frequency,_T,Total,2013,,17685,,N,units,,,E,Estimated value,,,Estimated mid-year population for year 2013.,
DATAFLOW,SPC:DF_POP_LECZ(1.0),Population living in low elevation coastal zones (0-10m and 0-20m above sea level),I,A,Annual,PW,Palau,LECZPOPAF,Population in low elevation coastal zone in absolute frequency,_T,Total,2014,,17757,,N,units,,,E,Estimated value,,,Estimated mid-year population for year 2014.,
DATAFLOW,SPC:DF_POP_LECZ(1.0),Population living in low elevation coastal zones (0-10m and 0-20m above sea level),I,A,Annual,PW,Palau,LECZPOPAF,Population in low elevation coastal zone in absolute frequency,_T,Total,2015,,17817,,N,units,,,E,Estimated value,,,Estimated mid-year population for year 2015.,
DATAFLOW,SPC:DF_POP_LECZ(1.0),Population living in low elevation coastal zones (0-10m and 0-20m above sea level),I,A,Annual,PW,Palau,LECZPOPAF,Population in low elevation coastal zone in absolute frequency,_T,Total,2016,,17835,,N,units,,,E,Estimated value,,,Estimated mid-year population for year 2016.,
DATAFLOW,SPC:DF_POP_LECZ(1.0),Population living in low elevation coastal zones (0-10m and 0-20m above sea level),I,A,Annual,PW,Palau,LECZPOPAF,Population in low elevation coastal zone in absolute frequency,_T,Total,2017,,17858,,N,units,,,E,Estimated value,,,Estimated mid-year population for year 2017.,
DATAFLOW,SPC:DF_POP_LECZ(1.0),Population living in low elevation coastal zones (0-10m and 0-20m above sea level),I,A,Annual,PW,Palau,LECZPOPAF,Population in low elevation coastal zone in absolute frequency,_T,Total,2018,,17856,,N,units,,,E,Estimated value,,,Estimated mid-year population for year 2018.,
DATAFLOW,SPC:DF_POP_LECZ(1.0),Population living in low elevation coastal zones (0-10m and 0-20m above sea level),I,A,Annual,PW,Palau,LECZPOPAF,Population in low elevation coastal zone in absolute frequency,_T,Total,2019,,17835,,N,units,,,E,Estimated value,,,Estimated mid-year population for year 2019.,
DATAFLOW,SPC:DF_POP_LECZ(1.0),Population living in low elevation coastal zones (0-10m and 0-20m above sea level),I,A,Annual,PW,Palau,LECZPOPAF,Population in low elevation coastal zone in absolute frequency,_T,Total,2020,,17838,,N,units,,,E,Estimated value,,,Estimated mid-year population for year 2020.,
DATAFLOW,SPC:DF_POP_LECZ(1.0),Population living in low elevation coastal zones (0-10m and 0-20m above sea level),I,A,Annual,PW,Palau,LECZPOPAF,Population in low elevation coastal zone in absolute frequency,_T,Total,2021,,17829,,N,units,,,E,Estimated value,,,Estimated mid-year population for year 2021.,
DATAFLOW,SPC:DF_POP_LECZ(1.0),Population living in low elevation coastal zones (0-10m and 0-20m above sea level),I,A,Annual,NU,Niue,LECZPOPAF,Population in low elevation coastal zone in absolute frequency,20M,0-20 meters above sea level,2010,,54,,N,units,,,E,Estimated value,,,This data was estimated based on population census of year 2022,
DATAFLOW,SPC:DF_POP_LECZ(1.0),Population living in low elevation coastal zones (0-10m and 0-20m above sea level),I,A,Annual,NU,Niue,LECZPOPAF,Population in low elevation coastal zone in absolute frequency,20M,0-20 meters above sea level,2011,,54,,N,units,,,E,Estimated value,,,This data was estimated based on population census of year 2022,
DATAFLOW,SPC:DF_POP_LECZ(1.0),Population living in low elevation coastal zones (0-10m and 0-20m above sea level),I,A,Annual,NU,Niue,LECZPOPAF,Population in low elevation coastal zone in absolute frequency,20M,0-20 meters above sea level,2012,,54,,N,units,,,E,Estimated value,,,This data was estimated based on population census of year 2022,
DATAFLOW,SPC:DF_POP_LECZ(1.0),Population living in low elevation coastal zones (0-10m and 0-20m above sea level),I,A,Annual,NU,Niue,LECZPOPAF,Population in low elevation coastal zone in absolute frequency,20M,0-20 meters above sea level,2013,,54,,N,units,,,E,Estimated value,,,This data was estimated based on population census of year 2022,
DATAFLOW,SPC:DF_POP_LECZ(1.0),Population living in low elevation coastal zones (0-10m and 0-20m above sea level),I,A,Annual,NU,Niue,LECZPOPAF,Population in low elevation coastal zone in absolute frequency,20M,0-20 meters above sea level,2014,,54,,N,units,,,E,Estimated value,,,This data was estimated based on population census of year 2022,
DATAFLOW,SPC:DF_POP_LECZ(1.0),Population living in low elevation coastal zones (0-10m and 0-20m above sea level),I,A,Annual,NU,Niue,LECZPOPAF,Population in low elevation coastal zone in absolute frequency,20M,0-20 meters above sea level,2015,,55,,N,units,,,E,Estimated value,,,This data was estimated based on population census of year 2022,
DATAFLOW,SPC:DF_POP_LECZ(1.0),Population living in low elevation coastal zones (0-10m and 0-20m above sea level),I,A,Annual,NU,Niue,LECZPOPAF,Population in low elevation coastal zone in absolute frequency,20M,0-20 meters above sea level,2016,,55,,N,units,,,E,Estimated value,,,This data was estimated based on population census of year 2022,
DATAFLOW,SPC:DF_POP_LECZ(1.0),Population living in low elevation coastal zones (0-10m and 0-20m above sea level),I,A,Annual,NU,Niue,LECZPOPAF,Population in low elevation coastal zone in absolute frequency,20M,0-20 meters above sea level,2017,,55,,N,units,,,E,Estimated value,,,This data was estimated based on population census of year 2022,
DATAFLOW,SPC:DF_POP_LECZ(1.0),Population living in low elevation coastal zones (0-10m and 0-20m above sea level),I,A,Annual,NU,Niue,LECZPOPAF,Population in low elevation coastal zone in absolute frequency,20M,0-20 meters above sea level,2018,,55,,N,units,,,E,Estimated value,,,This data was estimated based on population census of year 2022,
DATAFLOW,SPC:DF_POP_LECZ(1.0),Population living in low elevation coastal zones (0-10m and 0-20m above sea level),I,A,Annual,NU,Niue,LECZPOPAF,Population in low elevation coastal zone in absolute frequency,20M,0-20 meters above sea level,2019,,55,,N,units,,,E,Estimated value,,,This data was estimated based on population census of year 2022,
DATAFLOW,SPC:DF_POP_LECZ(1.0),Population living in low elevation coastal zones (0-10m and 0-20m above sea level),I,A,Annual,NU,Niue,LECZPOPAF,Population in low elevation coastal zone in absolute frequency,20M,0-20 meters above sea level,2020,,55,,N,units,,,E,Estimated value,,,This data was estimated based on population census of year 2022,
DATAFLOW,SPC:DF_POP_LECZ(1.0),Population living in low elevation coastal zones (0-10m and 0-20m above sea level),I,A,Annual,NU,Niue,LECZPOPAF,Population in low elevation coastal zone in absolute frequency,20M,0-20 meters above sea level,2021,,56,,N,units,,,E,Estimated value,,,This data was estimated based on population census of year 2022,
DATAFLOW,SPC:DF_POP_LECZ(1.0),Population living in low elevation coastal zones (0-10m and 0-20m above sea level),I,A,Annual,NU,Niue,LECZPOPAF,Population in low elevation coastal zone in absolute frequency,20M,0-20 meters above sea level,2022,,57,,N,units,,,,,,,This data was estimated based on population census of year 2022,
DATAFLOW,SPC:DF_POP_LECZ(1.0),Population living in low elevation coastal zones (0-10m and 0-20m above sea level),I,A,Annual,NU,Niue,LECZPOPAF,Population in low elevation coastal zone in absolute frequency,20M,0-20 meters above sea level,2023,,57,,N,units,,,,,,,This data was estimated based on population census of year 2022,
DATAFLOW,SPC:DF_POP_LECZ(1.0),Population living in low elevation coastal zones (0-10m and 0-20m above sea level),I,A,Annual,NU,Niue,LECZPOPAF,Population in low elevation coastal zone in absolute frequency,20M,0-20 meters above sea level,2024,,57,,N,units,,,,,,,This data was estimated based on population census of year 2022,
DATAFLOW,SPC:DF_POP_LECZ(1.0),Population living in low elevation coastal zones (0-10m and 0-20m above sea level),I,A,Annual,PW,Palau,LECZPOPRF,Population in low elevation coastal zone in relative frequency,10M,0-10 meters above sea level,2010,,16,,PERCENT,percent,,,E,Estimated value,,,This data was estimated based on population census of year 2023,
DATAFLOW,SPC:DF_POP_LECZ(1.0),Population living in low elevation coastal zones (0-10m and 0-20m above sea level),I,A,Annual,PW,Palau,LECZPOPRF,Population in low elevation coastal zone in relative frequency,10M,0-10 meters above sea level,2011,,16,,PERCENT,percent,,,E,Estimated value,,,This data was estimated based on population census of year 2023,
DATAFLOW,SPC:DF_POP_LECZ(1.0),Population living in low elevation coastal zones (0-10m and 0-20m above sea level),I,A,Annual,PW,Palau,LECZPOPRF,Population in low elevation coastal zone in relative frequency,10M,0-10 meters above sea level,2012,,16,,PERCENT,percent,,,E,Estimated value,,,This data was estimated based on population census of year 2023,
DATAFLOW,SPC:DF_POP_LECZ(1.0),Population living in low elevation coastal zones (0-10m and 0-20m above sea level),I,A,Annual,PW,Palau,LECZPOPRF,Population in low elevation coastal zone in relative frequency,10M,0-10 meters above sea level,2013,,16,,PERCENT,percent,,,E,Estimated value,,,This data was estimated based on population census of year 2023,
DATAFLOW,SPC:DF_POP_LECZ(1.0),Population living in low elevation coastal zones (0-10m and 0-20m above sea level),I,A,Annual,PW,Palau,LECZPOPRF,Population in low elevation coastal zone in relative frequency,10M,0-10 meters above sea level,2014,,16,,PERCENT,percent,,,E,Estimated value,,,This data was estimated based on population census of year 2023,
DATAFLOW,SPC:DF_POP_LECZ(1.0),Population living in low elevation coastal zones (0-10m and 0-20m above sea level),I,A,Annual,PW,Palau,LECZPOPRF,Population in low elevation coastal zone in relative frequency,10M,0-10 meters above sea level,2015,,16,,PERCENT,percent,,,E,Estimated value,,,This data was estimated based on population census of year 2023,
DATAFLOW,SPC:DF_POP_LECZ(1.0),Population living in low elevation coastal zones (0-10m and 0-20m above sea level),I,A,Annual,PW,Palau,LECZPOPRF,Population in low elevation coastal zone in relative frequency,10M,0-10 meters above sea level,2016,,16,,PERCENT,percent,,,E,Estimated value,,,This data was estimated based on population census of year 2023,
DATAFLOW,SPC:DF_POP_LECZ(1.0),Population living in low elevation coastal zones (0-10m and 0-20m above sea level),I,A,Annual,PW,Palau,LECZPOPRF,Population in low elevation coastal zone in relative frequency,10M,0-10 meters above sea level,2017,,16,,PERCENT,percent,,,E,Estimated value,,,This data was estimated based on population census of year 2023,
DATAFLOW,SPC:DF_POP_LECZ(1.0),Population living in low elevation coastal zones (0-10m and 0-20m above sea level),I,A,Annual,PW,Palau,LECZPOPRF,Population in low elevation coastal zone in relative frequency,10M,0-10 meters above sea level,2018,,16,,PERCENT,percent,,,E,Estimated value,,,This data was estimated based on population census of year 2023,
DATAFLOW,SPC:DF_POP_LECZ(1.0),Population living in low elevation coastal zones (0-10m and 0-20m above sea level),I,A,Annual,PW,Palau,LECZPOPRF,Population in low elevation coastal zone in relative frequency,10M,0-10 meters above sea level,2019,,16,,PERCENT,percent,,,E,Estimated value,,,This data was estimated based on population census of year 2023,
DATAFLOW,SPC:DF_POP_LECZ(1.0),Population living in low elevation coastal zones (0-10m and 0-20m above sea level),I,A,Annual,PW,Palau,LECZPOPRF,Population in low elevation coastal zone in relative frequency,10M,0-10 meters above sea level,2020,,16,,PERCENT,percent,,,E,Estimated value,,,This data was estimated based on population census of year 2023,
DATAFLOW,SPC:DF_POP_LECZ(1.0),Population living in low elevation coastal zones (0-10m and 0-20m above sea level),I,A,Annual,PW,Palau,LECZPOPRF,Population in low elevation coastal zone in relative frequency,10M,0-10 meters above sea level,2021,,16,,PERCENT,percent,,,E,Estimated value,,,This data was estimated based on population census of year 2023,
DATAFLOW,SPC:DF_POP_LECZ(1.0),Population living in low elevation coastal zones (0-10m and 0-20m above sea level),I,A,Annual,PW,Palau,LECZPOPRF,Population in low elevation coastal zone in relative frequency,10M,0-10 meters above sea level,2022,,17,,PERCENT,percent,,,,,,,This data was estimated based on population census of year 2023,
DATAFLOW,SPC:DF_POP_LECZ(1.0),Population living in low elevation coastal zones (0-10m and 0-20m above sea level),I,A,Annual,PW,Palau,LECZPOPRF,Population in low elevation coastal zone in relative frequency,10M,0-10 meters above sea level,2023,,17,,PERCENT,percent,,,,,,,This data was estimated based on population census of year 2023,
DATAFLOW,SPC:DF_POP_LECZ(1.0),Population living in low elevation coastal zones (0-10m and 0-20m above sea level),I,A,Annual,PW,Palau,LECZPOPRF,Population in low elevation coastal zone in relative frequency,10M,0-10 meters above sea level,2024,,17,,PERCENT,percent,,,,,,,This data was estimated based on population census of year 2023,
DATAFLOW,SPC:DF_POP_LECZ(1.0),Population living in low elevation coastal zones (0-10m and 0-20m above sea level),I,A,Annual,NU,Niue,LECZPOPAF,Population in low elevation coastal zone in absolute frequency,5M,0-5 meters above sea level,2010,,14,,N,units,,,,,,,This data was estimated based on population census of year 2022,
DATAFLOW,SPC:DF_POP_LECZ(1.0),Population living in low elevation coastal zones (0-10m and 0-20m above sea level),I,A,Annual,NU,Niue,LECZPOPAF,Population in low elevation coastal zone in absolute frequency,5M,0-5 meters above sea level,2011,,14,,N,units,,,,,,,This data was estimated based on population census of year 2022,
DATAFLOW,SPC:DF_POP_LECZ(1.0),Population living in low elevation coastal zones (0-10m and 0-20m above sea level),I,A,Annual,NU,Niue,LECZPOPAF,Population in low elevation coastal zone in absolute frequency,5M,0-5 meters above sea level,2012,,14,,N,units,,,,,,,This data was estimated based on population census of year 2022,
DATAFLOW,SPC:DF_POP_LECZ(1.0),Population living in low elevation coastal zones (0-10m and 0-20m above sea level),I,A,Annual,NU,Niue,LECZPOPAF,Population in low elevation coastal zone in absolute frequency,5M,0-5 meters above sea level,2013,,14,,N,units,,,,,,,This data was estimated based on population census of year 2022,
DATAFLOW,SPC:DF_POP_LECZ(1.0),Population living in low elevation coastal zones (0-10m and 0-20m above sea level),I,A,Annual,NU,Niue,LECZPOPAF,Population in low elevation coastal zone in absolute frequency,5M,0-5 meters above sea level,2014,,14,,N,units,,,,,,,This data was estimated based on population census of year 2022,
DATAFLOW,SPC:DF_POP_LECZ(1.0),Population living in low elevation coastal zones (0-10m and 0-20m above sea level),I,A,Annual,NU,Niue,LECZPOPAF,Population in low elevation coastal zone in absolute frequency,5M,0-5 meters above sea level,2015,,14,,N,units,,,,,,,This data was estimated based on population census of year 2022,
DATAFLOW,SPC:DF_POP_LECZ(1.0),Population living in low elevation coastal zones (0-10m and 0-20m above sea level),I,A,Annual,NU,Niue,LECZPOPAF,Population in low elevation coastal zone in absolute frequency,5M,0-5 meters above sea level,2016,,14,,N,units,,,,,,,This data was estimated based on population census of year 2022,
DATAFLOW,SPC:DF_POP_LECZ(1.0),Population living in low elevation coastal zones (0-10m and 0-20m above sea level),I,A,Annual,NU,Niue,LECZPOPAF,Population in low elevation coastal zone in absolute frequency,5M,0-5 meters above sea level,2017,,14,,N,units,,,,,,,This data was estimated based on population census of year 2022,
DATAFLOW,SPC:DF_POP_LECZ(1.0),Population living in low elevation coastal zones (0-10m and 0-20m above sea level),I,A,Annual,NU,Niue,LECZPOPAF,Population in low elevation coastal zone in absolute frequency,5M,0-5 meters above sea level,2018,,14,,N,units,,,,,,,This data was estimated based on population census of year 2022,
DATAFLOW,SPC:DF_POP_LECZ(1.0),Population living in low elevation coastal zones (0-10m and 0-20m above sea level),I,A,Annual,NU,Niue,LECZPOPAF,Population in low elevation coastal zone in absolute frequency,5M,0-5 meters above sea level,2019,,14,,N,units,,,,,,,This data was estimated based on population census of year 2022,
DATAFLOW,SPC:DF_POP_LECZ(1.0),Population living in low elevation coastal zones (0-10m and 0-20m above sea level),I,A,Annual,NU,Niue,LECZPOPAF,Population in low elevation coastal zone in absolute frequency,5M,0-5 meters above sea level,2020,,14,,N,units,,,,,,,This data was estimated based on population census of year 2022,
DATAFLOW,SPC:DF_POP_LECZ(1.0),Population living in low elevation coastal zones (0-10m and 0-20m above sea level),I,A,Annual,NU,Niue,LECZPOPAF,Population in low elevation coastal zone in absolute frequency,5M,0-5 meters above sea level,2021,,14,,N,units,,,,,,,This data was estimated based on population census of year 2022,
DATAFLOW,SPC:DF_POP_LECZ(1.0),Population living in low elevation coastal zones (0-10m and 0-20m above sea level),I,A,Annual,NU,Niue,LECZPOPAF,Population in low elevation coastal zone in absolute frequency,5M,0-5 meters above sea level,2022,,14,,N,units,,,,,,,This data was estimated based on population census of year 2022,
DATAFLOW,SPC:DF_POP_LECZ(1.0),Population living in low elevation coastal zones (0-10m and 0-20m above sea level),I,A,Annual,NU,Niue,LECZPOPAF,Population in low elevation coastal zone in absolute frequency,5M,0-5 meters above sea level,2023,,14,,N,units,,,,,,,This data was estimated based on population census of year 2022,
DATAFLOW,SPC:DF_POP_LECZ(1.0),Population living in low elevation coastal zones (0-10m and 0-20m above sea level),I,A,Annual,NU,Niue,LECZPOPAF,Population in low elevation coastal zone in absolute frequency,5M,0-5 meters above sea level,2024,,14,,N,units,,,,,,,This data was estimated based on population census of year 2022,
DATAFLOW,SPC:DF_POP_LECZ(1.0),Population living in low elevation coastal zones (0-10m and 0-20m above sea level),I,A,Annual,GU,Guam,LECZPOPAF,Population in low elevation coastal zone in absolute frequency,10M,0-10 meters above sea level,2010,,9994,,N,units,,,E,Estimated value,,,This data was estimated based on population census of year 2023,
DATAFLOW,SPC:DF_POP_LECZ(1.0),Population living in low elevation coastal zones (0-10m and 0-20m above sea level),I,A,Annual,GU,Guam,LECZPOPAF,Population in low elevation coastal zone in absolute frequency,10M,0-10 meters above sea level,2011,,9994,,N,units,,,E,Estimated value,,,This data was estimated based on population census of year 2023,
DATAFLOW,SPC:DF_POP_LECZ(1.0),Population living in low elevation coastal zones (0-10m and 0-20m above sea level),I,A,Annual,GU,Guam,LECZPOPAF,Population in low elevation coastal zone in absolute frequency,10M,0-10 meters above sea level,2012,,9982,,N,units,,,E,Estimated value,,,This data was estimated based on population census of year 2023,
DATAFLOW,SPC:DF_POP_LECZ(1.0),Population living in low elevation coastal zones (0-10m and 0-20m above sea level),I,A,Annual,GU,Guam,LECZPOPAF,Population in low elevation coastal zone in absolute frequency,10M,0-10 meters above sea level,2013,,9959,,N,units,,,E,Estimated value,,,This data was estimated based on population census of year 2023,
DATAFLOW,SPC:DF_POP_LECZ(1.0),Population living in low elevation coastal zones (0-10m and 0-20m above sea level),I,A,Annual,GU,Guam,LECZPOPAF,Population in low elevation coastal zone in absolute frequency,10M,0-10 meters above sea level,2014,,9931,,N,units,,,E,Estimated value,,,This data was estimated based on population census of year 2023,
DATAFLOW,SPC:DF_POP_LECZ(1.0),Population living in low elevation coastal zones (0-10m and 0-20m above sea level),I,A,Annual,GU,Guam,LECZPOPAF,Population in low elevation coastal zone in absolute frequency,10M,0-10 meters above sea level,2015,,9896,,N,units,,,E,Estimated value,,,This data was estimated based on population census of year 2023,
DATAFLOW,SPC:DF_POP_LECZ(1.0),Population living in low elevation coastal zones (0-10m and 0-20m above sea level),I,A,Annual,GU,Guam,LECZPOPAF,Population in low elevation coastal zone in absolute frequency,10M,0-10 meters above sea level,2016,,9856,,N,units,,,E,Estimated value,,,This data was estimated based on population census of year 2023,
DATAFLOW,SPC:DF_POP_LECZ(1.0),Population living in low elevation coastal zones (0-10m and 0-20m above sea level),I,A,Annual,GU,Guam,LECZPOPAF,Population in low elevation coastal zone in absolute frequency,10M,0-10 meters above sea level,2017,,9811,,N,units,,,E,Estimated value,,,This data was estimated based on population census of year 2023,
DATAFLOW,SPC:DF_POP_LECZ(1.0),Population living in low elevation coastal zones (0-10m and 0-20m above sea level),I,A,Annual,GU,Guam,LECZPOPAF,Population in low elevation coastal zone in absolute frequency,10M,0-10 meters above sea level,2018,,9763,,N,units,,,E,Estimated value,,,This data was estimated based on population census of year 2023,
DATAFLOW,SPC:DF_POP_LECZ(1.0),Population living in low elevation coastal zones (0-10m and 0-20m above sea level),I,A,Annual,GU,Guam,LECZPOPAF,Population in low elevation coastal zone in absolute frequency,10M,0-10 meters above sea level,2019,,9710,,N,units,,,E,Estimated value,,,This data was estimated based on population census of year 2023,
DATAFLOW,SPC:DF_POP_LECZ(1.0),Population living in low elevation coastal zones (0-10m and 0-20m above sea level),I,A,Annual,GU,Guam,LECZPOPAF,Population in low elevation coastal zone in absolute frequency,10M,0-10 meters above sea level,2020,,9731,,N,units,,,E,Estimated value,,,This data was estimated based on population census of year 2023,
DATAFLOW,SPC:DF_POP_LECZ(1.0),Population living in low elevation coastal zones (0-10m and 0-20m above sea level),I,A,Annual,GU,Guam,LECZPOPAF,Population in low elevation coastal zone in absolute frequency,10M,0-10 meters above sea level,2021,,9826,,N,units,,,E,Estimated value,,,This data was estimated based on population census of year 2023,
DATAFLOW,SPC:DF_POP_LECZ(1.0),Population living in low elevation coastal zones (0-10m and 0-20m above sea level),I,A,Annual,GU,Guam,LECZPOPAF,Population in low elevation coastal zone in absolute frequency,10M,0-10 meters above sea level,2022,,6822,,N,units,,,,,,,This data was estimated based on population census of year 2023,
DATAFLOW,SPC:DF_POP_LECZ(1.0),Population living in low elevation coastal zones (0-10m and 0-20m above sea level),I,A,Annual,GU,Guam,LECZPOPAF,Population in low elevation coastal zone in absolute frequency,10M,0-10 meters above sea level,2023,,6877,,N,units,,,,,,,This data was estimated based on population census of year 2023,
DATAFLOW,SPC:DF_POP_LECZ(1.0),Population living in low elevation coastal zones (0-10m and 0-20m above sea level),I,A,Annual,GU,Guam,LECZPOPAF,Population in low elevation coastal zone in absolute frequency,10M,0-10 meters above sea level,2024,,6929,,N,units,,,,,,,This data was estimated based on population census of year 2023,
DATAFLOW,SPC:DF_POP_LECZ(1.0),Population living in low elevation coastal zones (0-10m and 0-20m above sea level),I,A,Annual,TV,Tuvalu,LECZPOPAF,Population in low elevation coastal zone in absolute frequency,10M,0-10 meters above sea level,2010,,10123,,N,units,,,E,Estimated value,,,This data was estimated based on population census of year 2023,
DATAFLOW,SPC:DF_POP_LECZ(1.0),Population living in low elevation coastal zones (0-10m and 0-20m above sea level),I,A,Annual,TV,Tuvalu,LECZPOPAF,Population in low elevation coastal zone in absolute frequency,10M,0-10 meters above sea level,2011,,10284,,N,units,,,E,Estimated value,,,This data was estimated based on population census of year 2023,
DATAFLOW,SPC:DF_POP_LECZ(1.0),Population living in low elevation coastal zones (0-10m and 0-20m above sea level),I,A,Annual,TV,Tuvalu,LECZPOPAF,Population in low elevation coastal zone in absolute frequency,10M,0-10 meters above sea level,2012,,10425,,N,units,,,E,Estimated value,,,This data was estimated based on population census of year 2023,
DATAFLOW,SPC:DF_POP_LECZ(1.0),Population living in low elevation coastal zones (0-10m and 0-20m above sea level),I,A,Annual,TV,Tuvalu,LECZPOPAF,Population in low elevation coastal zone in absolute frequency,10M,0-10 meters above sea level,2013,,10489,,N,units,,,E,Estimated value,,,This data was estimated based on population census of year 2023,
DATAFLOW,SPC:DF_POP_LECZ(1.0),Population living in low elevation coastal zones (0-10m and 0-20m above sea level),I,A,Annual,TV,Tuvalu,LECZPOPAF,Population in low elevation coastal zone in absolute frequency,10M,0-10 meters above sea level,2014,,10476,,N,units,,,E,Estimated value,,,This data was estimated based on population census of year 2023,
DATAFLOW,SPC:DF_POP_LECZ(1.0),Population living in low elevation coastal zones (0-10m and 0-20m above sea level),I,A,Annual,TV,Tuvalu,LECZPOPAF,Population in low elevation coastal zone in absolute frequency,10M,0-10 meters above sea level,2015,,10452,,N,units,,,E,Estimated value,,,This data was estimated based on population census of year 2023,
DATAFLOW,SPC:DF_POP_LECZ(1.0),Population living in low elevation coastal zones (0-10m and 0-20m above sea level),I,A,Annual,TV,Tuvalu,LECZPOPAF,Population in low elevation coastal zone in absolute frequency,10M,0-10 meters above sea level,2016,,10424,,N,units,,,E,Estimated value,,,This data was estimated based on population census of year 2023,
DATAFLOW,SPC:DF_POP_LECZ(1.0),Population living in low elevation coastal zones (0-10m and 0-20m above sea level),I,A,Annual,TV,Tuvalu,LECZPOPAF,Population in low elevation coastal zone in absolute frequency,10M,0-10 meters above sea level,2017,,10367,,N,units,,,E,Estimated value,,,This data was estimated based on population census of year 2023,
DATAFLOW,SPC:DF_POP_LECZ(1.0),Population living in low elevation coastal zones (0-10m and 0-20m above sea level),I,A,Annual,TV,Tuvalu,LECZPOPAF,Population in low elevation coastal zone in absolute frequency,10M,0-10 meters above sea level,2018,,10253,,N,units,,,E,Estimated value,,,This data was estimated based on population census of year 2023,
DATAFLOW,SPC:DF_POP_LECZ(1.0),Population living in low elevation coastal zones (0-10m and 0-20m above sea level),I,A,Annual,TV,Tuvalu,LECZPOPAF,Population in low elevation coastal zone in absolute frequency,10M,0-10 meters above sea level,2019,,10095,,N,units,,,E,Estimated value,,,This data was estimated based on population census of year 2023,
DATAFLOW,SPC:DF_POP_LECZ(1.0),Population living in low elevation coastal zones (0-10m and 0-20m above sea level),I,A,Annual,TV,Tuvalu,LECZPOPAF,Population in low elevation coastal zone in absolute frequency,10M,0-10 meters above sea level,2020,,9924,,N,units,,,E,Estimated value,,,This data was estimated based on population census of year 2023,
DATAFLOW,SPC:DF_POP_LECZ(1.0),Population living in low elevation coastal zones (0-10m and 0-20m above sea level),I,A,Annual,TV,Tuvalu,LECZPOPAF,Population in low elevation coastal zone in absolute frequency,10M,0-10 meters above sea level,2021,,9730,,N,units,,,E,Estimated value,,,This data was estimated based on population census of year 2023,
DATAFLOW,SPC:DF_POP_LECZ(1.0),Population living in low elevation coastal zones (0-10m and 0-20m above sea level),I,A,Annual,TV,Tuvalu,LECZPOPAF,Population in low elevation coastal zone in absolute frequency,10M,0-10 meters above sea level,2022,,9054,,N,units,,,,,,,This data was estimated based on population census of year 2023,
DATAFLOW,SPC:DF_POP_LECZ(1.0),Population living in low elevation coastal zones (0-10m and 0-20m above sea level),I,A,Annual,TV,Tuvalu,LECZPOPAF,Population in low elevation coastal zone in absolute frequency,10M,0-10 meters above sea level,2023,,8894,,N,units,,,,,,,This data was estimated based on population census of year 2023,
DATAFLOW,SPC:DF_POP_LECZ(1.0),Population living in low elevation coastal zones (0-10m and 0-20m above sea level),I,A,Annual,TV,Tuvalu,LECZPOPAF,Population in low elevation coastal zone in absolute frequency,10M,0-10 meters above sea level,2024,,8740,,N,units,,,,,,,This data was estimated based on population census of year 2023,
DATAFLOW,SPC:DF_POP_LECZ(1.0),Population living in low elevation coastal zones (0-10m and 0-20m above sea level),I,A,Annual,PF,French Polynesia,LECZPOPRF,Population in low elevation coastal zone in relative frequency,20M,0-20 meters above sea level,2010,,60,,PERCENT,percent,,,E,Estimated value,,,This data was estimated based on population census of year 2023,
DATAFLOW,SPC:DF_POP_LECZ(1.0),Population living in low elevation coastal zones (0-10m and 0-20m above sea level),I,A,Annual,PF,French Polynesia,LECZPOPRF,Population in low elevation coastal zone in relative frequency,20M,0-20 meters above sea level,2011,,60,,PERCENT,percent,,,E,Estimated value,,,This data was estimated based on population census of year 2023,
DATAFLOW,SPC:DF_POP_LECZ(1.0),Population living in low elevation coastal zones (0-10m and 0-20m above sea level),I,A,Annual,PF,French Polynesia,LECZPOPRF,Population in low elevation coastal zone in relative frequency,20M,0-20 meters above sea level,2012,,60,,PERCENT,percent,,,E,Estimated value,,,This data was estimated based on population census of year 2023,
DATAFLOW,SPC:DF_POP_LECZ(1.0),Population living in low elevation coastal zones (0-10m and 0-20m above sea level),I,A,Annual,PF,French Polynesia,LECZPOPRF,Population in low elevation coastal zone in relative frequency,20M,0-20 meters above sea level,2013,,60,,PERCENT,percent,,,E,Estimated value,,,This data was estimated based on population census of year 2023,
DATAFLOW,SPC:DF_POP_LECZ(1.0),Population living in low elevation coastal zones (0-10m and 0-20m above sea level),I,A,Annual,PF,French Polynesia,LECZPOPRF,Population in low elevation coastal zone in relative frequency,20M,0-20 meters above sea level,2014,,60,,PERCENT,percent,,,E,Estimated value,,,This data was estimated based on population census of year 2023,
DATAFLOW,SPC:DF_POP_LECZ(1.0),Population living in low elevation coastal zones (0-10m and 0-20m above sea level),I,A,Annual,PF,French Polynesia,LECZPOPRF,Population in low elevation coastal zone in relative frequency,20M,0-20 meters above sea level,2015,,60,,PERCENT,percent,,,E,Estimated value,,,This data was estimated based on population census of year 2023,
DATAFLOW,SPC:DF_POP_LECZ(1.0),Population living in low elevation coastal zones (0-10m and 0-20m above sea level),I,A,Annual,PF,French Polynesia,LECZPOPRF,Population in low elevation coastal zone in relative frequency,20M,0-20 meters above sea level,2016,,60,,PERCENT,percent,,,E,Estimated value,,,This data was estimated based on population census of year 2023,
DATAFLOW,SPC:DF_POP_LECZ(1.0),Population living in low elevation coastal zones (0-10m and 0-20m above sea level),I,A,Annual,PF,French Polynesia,LECZPOPRF,Population in low elevation coastal zone in relative frequency,20M,0-20 meters above sea level,2017,,60,,PERCENT,percent,,,E,Estimated value,,,This data was estimated based on population census of year 2023,
DATAFLOW,SPC:DF_POP_LECZ(1.0),Population living in low elevation coastal zones (0-10m and 0-20m above sea level),I,A,Annual,PF,French Polynesia,LECZPOPRF,Population in low elevation coastal zone in relative frequency,20M,0-20 meters above sea level,2018,,60,,PERCENT,percent,,,E,Estimated value,,,This data was estimated based on population census of year 2023,
DATAFLOW,SPC:DF_POP_LECZ(1.0),Population living in low elevation coastal zones (0-10m and 0-20m above sea level),I,A,Annual,PF,French Polynesia,LECZPOPRF,Population in low elevation coastal zone in relative frequency,20M,0-20 meters above sea level,2019,,60,,PERCENT,percent,,,E,Estimated value,,,This data was estimated based on population census of year 2023,
DATAFLOW,SPC:DF_POP_LECZ(1.0),Population living in low elevation coastal zones (0-10m and 0-20m above sea level),I,A,Annual,PF,French Polynesia,LECZPOPRF,Population in low elevation coastal zone in relative frequency,20M,0-20 meters above sea level,2020,,60,,PERCENT,percent,,,E,Estimated value,,,This data was estimated based on population census of year 2023,
DATAFLOW,SPC:DF_POP_LECZ(1.0),Population living in low elevation coastal zones (0-10m and 0-20m above sea level),I,A,Annual,PF,French Polynesia,LECZPOPRF,Population in low elevation coastal zone in relative frequency,20M,0-20 meters above sea level,2021,,60,,PERCENT,percent,,,E,Estimated value,,,This data was estimated based on population census of year 2023,
DATAFLOW,SPC:DF_POP_LECZ(1.0),Population living in low elevation coastal zones (0-10m and 0-20m above sea level),I,A,Annual,PF,French Polynesia,LECZPOPRF,Population in low elevation coastal zone in relative frequency,20M,0-20 meters above sea level,2022,,74,,PERCENT,percent,,,,,,,This data was estimated based on population census of year 2023,
DATAFLOW,SPC:DF_POP_LECZ(1.0),Population living in low elevation coastal zones (0-10m and 0-20m above sea level),I,A,Annual,PF,French Polynesia,LECZPOPRF,Population in low elevation coastal zone in relative frequency,20M,0-20 meters above sea level,2023,,74,,PERCENT,percent,,,,,,,This data was estimated based on population census of year 2023,
DATAFLOW,SPC:DF_POP_LECZ(1.0),Population living in low elevation coastal zones (0-10m and 0-20m above sea level),I,A,Annual,PF,French Polynesia,LECZPOPRF,Population in low elevation coastal zone in relative frequency,20M,0-20 meters above sea level,2024,,74,,PERCENT,percent,,,,,,,This data was estimated based on population census of year 2023,
DATAFLOW,SPC:DF_POP_LECZ(1.0),Population living in low elevation coastal zones (0-10m and 0-20m above sea level),I,A,Annual,AS,American Samoa,LECZPOPRF,Population in low elevation coastal zone in relative frequency,10M,0-10 meters above sea level,2010,,23,,PERCENT,percent,,,E,Estimated value,,,This data was estimated based on population census of year 2023,
DATAFLOW,SPC:DF_POP_LECZ(1.0),Population living in low elevation coastal zones (0-10m and 0-20m above sea level),I,A,Annual,AS,American Samoa,LECZPOPRF,Population in low elevation coastal zone in relative frequency,10M,0-10 meters above sea level,2011,,23,,PERCENT,percent,,,E,Estimated value,,,This data was estimated based on population census of year 2023,
DATAFLOW,SPC:DF_POP_LECZ(1.0),Population living in low elevation coastal zones (0-10m and 0-20m above sea level),I,A,Annual,AS,American Samoa,LECZPOPRF,Population in low elevation coastal zone in relative frequency,10M,0-10 meters above sea level,2012,,23,,PERCENT,percent,,,E,Estimated value,,,This data was estimated based on population census of year 2023,
DATAFLOW,SPC:DF_POP_LECZ(1.0),Population living in low elevation coastal zones (0-10m and 0-20m above sea level),I,A,Annual,AS,American Samoa,LECZPOPRF,Population in low elevation coastal zone in relative frequency,10M,0-10 meters above sea level,2013,,23,,PERCENT,percent,,,E,Estimated value,,,This data was estimated based on population census of year 2023,
DATAFLOW,SPC:DF_POP_LECZ(1.0),Population living in low elevation coastal zones (0-10m and 0-20m above sea level),I,A,Annual,AS,American Samoa,LECZPOPRF,Population in low elevation coastal zone in relative frequency,10M,0-10 meters above sea level,2014,,23,,PERCENT,percent,,,E,Estimated value,,,This data was estimated based on population census of year 2023,
DATAFLOW,SPC:DF_POP_LECZ(1.0),Population living in low elevation coastal zones (0-10m and 0-20m above sea level),I,A,Annual,AS,American Samoa,LECZPOPRF,Population in low elevation coastal zone in relative frequency,10M,0-10 meters above sea level,2015,,23,,PERCENT,percent,,,E,Estimated value,,,This data was estimated based on population census of year 2023,
DATAFLOW,SPC:DF_POP_LECZ(1.0),Population living in low elevation coastal zones (0-10m and 0-20m above sea level),I,A,Annual,AS,American Samoa,LECZPOPRF,Population in low elevation coastal zone in relative frequency,10M,0-10 meters above sea level,2016,,23,,PERCENT,percent,,,E,Estimated value,,,This data was estimated based on population census of year 2023,
DATAFLOW,SPC:DF_POP_LECZ(1.0),Population living in low elevation coastal zones (0-10m and 0-20m above sea level),I,A,Annual,AS,American Samoa,LECZPOPRF,Population in low elevation coastal zone in relative frequency,10M,0-10 meters above sea level,2017,,23,,PERCENT,percent,,,E,Estimated value,,,This data was estimated based on population census of year 2023,
DATAFLOW,SPC:DF_POP_LECZ(1.0),Population living in low elevation coastal zones (0-10m and 0-20m above sea level),I,A,Annual,AS,American Samoa,LECZPOPRF,Population in low elevation coastal zone in relative frequency,10M,0-10 meters above sea level,2018,,23,,PERCENT,percent,,,E,Estimated value,,,This data was estimated based on population census of year 2023,
DATAFLOW,SPC:DF_POP_LECZ(1.0),Population living in low elevation coastal zones (0-10m and 0-20m above sea level),I,A,Annual,AS,American Samoa,LECZPOPRF,Population in low elevation coastal zone in relative frequency,10M,0-10 meters above sea level,2019,,23,,PERCENT,percent,,,E,Estimated value,,,This data was estimated based on population census of year 2023,
DATAFLOW,SPC:DF_POP_LECZ(1.0),Population living in low elevation coastal zones (0-10m and 0-20m above sea level),I,A,Annual,AS,American Samoa,LECZPOPRF,Population in low elevation coastal zone in relative frequency,10M,0-10 meters above sea level,2020,,23,,PERCENT,percent,,,E,Estimated value,,,This data was estimated based on population census of year 2023,
DATAFLOW,SPC:DF_POP_LECZ(1.0),Population living in low elevation coastal zones (0-10m and 0-20m above sea level),I,A,Annual,AS,American Samoa,LECZPOPRF,Population in low elevation coastal zone in relative frequency,10M,0-10 meters above sea level,2021,,23,,PERCENT,percent,,,E,Estimated value,,,This data was estimated based on population census of year 2023,
DATAFLOW,SPC:DF_POP_LECZ(1.0),Population living in low elevation coastal zones (0-10m and 0-20m above sea level),I,A,Annual,AS,American Samoa,LECZPOPRF,Population in low elevation coastal zone in relative frequency,10M,0-10 meters above sea level,2022,,25,,PERCENT,percent,,,,,,,This data was estimated based on population census of year 2023,
DATAFLOW,SPC:DF_POP_LECZ(1.0),Population living in low elevation coastal zones (0-10m and 0-20m above sea level),I,A,Annual,AS,American Samoa,LECZPOPRF,Population in low elevation coastal zone in relative frequency,10M,0-10 meters above sea level,2023,,25,,PERCENT,percent,,,,,,,This data was estimated based on population census of year 2023,
DATAFLOW,SPC:DF_POP_LECZ(1.0),Population living in low elevation coastal zones (0-10m and 0-20m above sea level),I,A,Annual,AS,American Samoa,LECZPOPRF,Population in low elevation coastal zone in relative frequency,10M,0-10 meters above sea level,2024,,25,,PERCENT,percent,,,,,,,This data was estimated based on population census of year 2023,
DATAFLOW,SPC:DF_POP_LECZ(1.0),Population living in low elevation coastal zones (0-10m and 0-20m above sea level),I,A,Annual,PF,French Polynesia,LECZPOPAF,Population in low elevation coastal zone in absolute frequency,_T,Total,2010,,270605,,N,units,,,E,Estimated value,,,Estimated mid-year population for year 2010.,
DATAFLOW,SPC:DF_POP_LECZ(1.0),Population living in low elevation coastal zones (0-10m and 0-20m above sea level),I,A,Annual,PF,French Polynesia,LECZPOPAF,Population in low elevation coastal zone in absolute frequency,_T,Total,2011,,271752,,N,units,,,E,Estimated value,,,Estimated mid-year population for year 2011.,
DATAFLOW,SPC:DF_POP_LECZ(1.0),Population living in low elevation coastal zones (0-10m and 0-20m above sea level),I,A,Annual,PF,French Polynesia,LECZPOPAF,Population in low elevation coastal zone in absolute frequency,_T,Total,2012,,273106,,N,units,,,E,Estimated value,,,Estimated mid-year population for year 2012.,
DATAFLOW,SPC:DF_POP_LECZ(1.0),Population living in low elevation coastal zones (0-10m and 0-20m above sea level),I,A,Annual,PF,French Polynesia,LECZPOPAF,Population in low elevation coastal zone in absolute frequency,_T,Total,2013,,274750,,N,units,,,E,Estimated value,,,Estimated mid-year population for year 2013.,
DATAFLOW,SPC:DF_POP_LECZ(1.0),Population living in low elevation coastal zones (0-10m and 0-20m above sea level),I,A,Annual,PF,French Polynesia,LECZPOPAF,Population in low elevation coastal zone in absolute frequency,_T,Total,2014,,276405,,N,units,,,E,Estimated value,,,Estimated mid-year population for year 2014.,
DATAFLOW,SPC:DF_POP_LECZ(1.0),Population living in low elevation coastal zones (0-10m and 0-20m above sea level),I,A,Annual,PF,French Polynesia,LECZPOPAF,Population in low elevation coastal zone in absolute frequency,_T,Total,2015,,277894,,N,units,,,E,Estimated value,,,Estimated mid-year population for year 2015.,
DATAFLOW,SPC:DF_POP_LECZ(1.0),Population living in low elevation coastal zones (0-10m and 0-20m above sea level),I,A,Annual,PF,French Polynesia,LECZPOPAF,Population in low elevation coastal zone in absolute frequency,_T,Total,2016,,279202,,N,units,,,E,Estimated value,,,Estimated mid-year population for year 2016.,
DATAFLOW,SPC:DF_POP_LECZ(1.0),Population living in low elevation coastal zones (0-10m and 0-20m above sea level),I,A,Annual,PF,French Polynesia,LECZPOPAF,Population in low elevation coastal zone in absolute frequency,_T,Total,2017,,280109,,N,units,,,E,Estimated value,,,Estimated mid-year population for year 2017.,
DATAFLOW,SPC:DF_POP_LECZ(1.0),Population living in low elevation coastal zones (0-10m and 0-20m above sea level),I,A,Annual,PF,French Polynesia,LECZPOPAF,Population in low elevation coastal zone in absolute frequency,_T,Total,2018,,279838,,N,units,,,E,Estimated value,,,Estimated mid-year population for year 2018.,
DATAFLOW,SPC:DF_POP_LECZ(1.0),Population living in low elevation coastal zones (0-10m and 0-20m above sea level),I,A,Annual,PF,French Polynesia,LECZPOPAF,Population in low elevation coastal zone in absolute frequency,_T,Total,2019,,279063,,N,units,,,E,Estimated value,,,Estimated mid-year population for year 2019.,
DATAFLOW,SPC:DF_POP_LECZ(1.0),Population living in low elevation coastal zones (0-10m and 0-20m above sea level),I,A,Annual,PF,French Polynesia,LECZPOPAF,Population in low elevation coastal zone in absolute frequency,_T,Total,2020,,279228,,N,units,,,E,Estimated value,,,Estimated mid-year population for year 2020.,
DATAFLOW,SPC:DF_POP_LECZ(1.0),Population living in low elevation coastal zones (0-10m and 0-20m above sea level),I,A,Annual,PF,French Polynesia,LECZPOPAF,Population in low elevation coastal zone in absolute frequency,_T,Total,2021,,279827,,N,units,,,E,Estimated value,,,Estimated mid-year population for year 2021.,
DATAFLOW,SPC:DF_POP_LECZ(1.0),Population living in low elevation coastal zones (0-10m and 0-20m above sea level),I,A,Annual,TV,Tuvalu,LECZPOPAF,Population in low elevation coastal zone in absolute frequency,5M,0-5 meters above sea level,2010,,4334,,N,units,,,,,,,This data was estimated based on population census of year 2023,
DATAFLOW,SPC:DF_POP_LECZ(1.0),Population living in low elevation coastal zones (0-10m and 0-20m above sea level),I,A,Annual,TV,Tuvalu,LECZPOPAF,Population in low elevation coastal zone in absolute frequency,5M,0-5 meters above sea level,2011,,4401,,N,units,,,,,,,This data was estimated based on population census of year 2023,
DATAFLOW,SPC:DF_POP_LECZ(1.0),Population living in low elevation coastal zones (0-10m and 0-20m above sea level),I,A,Annual,TV,Tuvalu,LECZPOPAF,Population in low elevation coastal zone in absolute frequency,5M,0-5 meters above sea level,2012,,4465,,N,units,,,,,,,This data was estimated based on population census of year 2023,
DATAFLOW,SPC:DF_POP_LECZ(1.0),Population living in low elevation coastal zones (0-10m and 0-20m above sea level),I,A,Annual,TV,Tuvalu,LECZPOPAF,Population in low elevation coastal zone in absolute frequency,5M,0-5 meters above sea level,2013,,4492,,N,units,,,,,,,This data was estimated based on population census of year 2023,
DATAFLOW,SPC:DF_POP_LECZ(1.0),Population living in low elevation coastal zones (0-10m and 0-20m above sea level),I,A,Annual,TV,Tuvalu,LECZPOPAF,Population in low elevation coastal zone in absolute frequency,5M,0-5 meters above sea level,2014,,4485,,N,units,,,,,,,This data was estimated based on population census of year 2023,
DATAFLOW,SPC:DF_POP_LECZ(1.0),Population living in low elevation coastal zones (0-10m and 0-20m above sea level),I,A,Annual,TV,Tuvalu,LECZPOPAF,Population in low elevation coastal zone in absolute frequency,5M,0-5 meters above sea level,2015,,4476,,N,units,,,,,,,This data was estimated based on population census of year 2023,
DATAFLOW,SPC:DF_POP_LECZ(1.0),Population living in low elevation coastal zones (0-10m and 0-20m above sea level),I,A,Annual,TV,Tuvalu,LECZPOPAF,Population in low elevation coastal zone in absolute frequency,5M,0-5 meters above sea level,2016,,4463,,N,units,,,,,,,This data was estimated based on population census of year 2023,
DATAFLOW,SPC:DF_POP_LECZ(1.0),Population living in low elevation coastal zones (0-10m and 0-20m above sea level),I,A,Annual,TV,Tuvalu,LECZPOPAF,Population in low elevation coastal zone in absolute frequency,5M,0-5 meters above sea level,2017,,4438,,N,units,,,,,,,This data was estimated based on population census of year 2023,
DATAFLOW,SPC:DF_POP_LECZ(1.0),Population living in low elevation coastal zones (0-10m and 0-20m above sea level),I,A,Annual,TV,Tuvalu,LECZPOPAF,Population in low elevation coastal zone in absolute frequency,5M,0-5 meters above sea level,2018,,4389,,N,units,,,,,,,This data was estimated based on population census of year 2023,
DATAFLOW,SPC:DF_POP_LECZ(1.0),Population living in low elevation coastal zones (0-10m and 0-20m above sea level),I,A,Annual,TV,Tuvalu,LECZPOPAF,Population in low elevation coastal zone in absolute frequency,5M,0-5 meters above sea level,2019,,4320,,N,units,,,,,,,This data was estimated based on population census of year 2023,
DATAFLOW,SPC:DF_POP_LECZ(1.0),Population living in low elevation coastal zones (0-10m and 0-20m above sea level),I,A,Annual,TV,Tuvalu,LECZPOPAF,Population in low elevation coastal zone in absolute frequency,5M,0-5 meters above sea level,2020,,4246,,N,units,,,,,,,This data was estimated based on population census of year 2023,
DATAFLOW,SPC:DF_POP_LECZ(1.0),Population living in low elevation coastal zones (0-10m and 0-20m above sea level),I,A,Annual,TV,Tuvalu,LECZPOPAF,Population in low elevation coastal zone in absolute frequency,5M,0-5 meters above sea level,2021,,4162,,N,units,,,,,,,This data was estimated based on population census of year 2023,
DATAFLOW,SPC:DF_POP_LECZ(1.0),Population living in low elevation coastal zones (0-10m and 0-20m above sea level),I,A,Annual,TV,Tuvalu,LECZPOPAF,Population in low elevation coastal zone in absolute frequency,5M,0-5 meters above sea level,2022,,4080,,N,units,,,,,,,This data was estimated based on population census of year 2023,
DATAFLOW,SPC:DF_POP_LECZ(1.0),Population living in low elevation coastal zones (0-10m and 0-20m above sea level),I,A,Annual,TV,Tuvalu,LECZPOPAF,Population in low elevation coastal zone in absolute frequency,5M,0-5 meters above sea level,2023,,4008,,N,units,,,,,,,This data was estimated based on population census of year 2023,
DATAFLOW,SPC:DF_POP_LECZ(1.0),Population living in low elevation coastal zones (0-10m and 0-20m above sea level),I,A,Annual,TV,Tuvalu,LECZPOPAF,Population in low elevation coastal zone in absolute frequency,5M,0-5 meters above sea level,2024,,3938,,N,units,,,,,,,This data was estimated based on population census of year 2023,
DATAFLOW,SPC:DF_POP_LECZ(1.0),Population living in low elevation coastal zones (0-10m and 0-20m above sea level),I,A,Annual,MH,Marshall Islands,LECZPOPRF,Population in low elevation coastal zone in relative frequency,5M,0-5 meters above sea level,2010,,61,,PERCENT,percent,,,,,,,This data was estimated based on population census of year 2021,
DATAFLOW,SPC:DF_POP_LECZ(1.0),Population living in low elevation coastal zones (0-10m and 0-20m above sea level),I,A,Annual,MH,Marshall Islands,LECZPOPRF,Population in low elevation coastal zone in relative frequency,5M,0-5 meters above sea level,2011,,61,,PERCENT,percent,,,,,,,This data was estimated based on population census of year 2021,
DATAFLOW,SPC:DF_POP_LECZ(1.0),Population living in low elevation coastal zones (0-10m and 0-20m above sea level),I,A,Annual,MH,Marshall Islands,LECZPOPRF,Population in low elevation coastal zone in relative frequency,5M,0-5 meters above sea level,2012,,61,,PERCENT,percent,,,,,,,This data was estimated based on population census of year 2021,
DATAFLOW,SPC:DF_POP_LECZ(1.0),Population living in low elevation coastal zones (0-10m and 0-20m above sea level),I,A,Annual,MH,Marshall Islands,LECZPOPRF,Population in low elevation coastal zone in relative frequency,5M,0-5 meters above sea level,2013,,61,,PERCENT,percent,,,,,,,This data was estimated based on population census of year 2021,
DATAFLOW,SPC:DF_POP_LECZ(1.0),Population living in low elevation coastal zones (0-10m and 0-20m above sea level),I,A,Annual,MH,Marshall Islands,LECZPOPRF,Population in low elevation coastal zone in relative frequency,5M,0-5 meters above sea level,2014,,61,,PERCENT,percent,,,,,,,This data was estimated based on population census of year 2021,
DATAFLOW,SPC:DF_POP_LECZ(1.0),Population living in low elevation coastal zones (0-10m and 0-20m above sea level),I,A,Annual,MH,Marshall Islands,LECZPOPRF,Population in low elevation coastal zone in relative frequency,5M,0-5 meters above sea level,2015,,61,,PERCENT,percent,,,,,,,This data was estimated based on population census of year 2021,
DATAFLOW,SPC:DF_POP_LECZ(1.0),Population living in low elevation coastal zones (0-10m and 0-20m above sea level),I,A,Annual,MH,Marshall Islands,LECZPOPRF,Population in low elevation coastal zone in relative frequency,5M,0-5 meters above sea level,2016,,61,,PERCENT,percent,,,,,,,This data was estimated based on population census of year 2021,
DATAFLOW,SPC:DF_POP_LECZ(1.0),Population living in low elevation coastal zones (0-10m and 0-20m above sea level),I,A,Annual,MH,Marshall Islands,LECZPOPRF,Population in low elevation coastal zone in relative frequency,5M,0-5 meters above sea level,2017,,61,,PERCENT,percent,,,,,,,This data was estimated based on population census of year 2021,
DATAFLOW,SPC:DF_POP_LECZ(1.0),Population living in low elevation coastal zones (0-10m and 0-20m above sea level),I,A,Annual,MH,Marshall Islands,LECZPOPRF,Population in low elevation coastal zone in relative frequency,5M,0-5 meters above sea level,2018,,61,,PERCENT,percent,,,,,,,This data was estimated based on population census of year 2021,
DATAFLOW,SPC:DF_POP_LECZ(1.0),Population living in low elevation coastal zones (0-10m and 0-20m above sea level),I,A,Annual,MH,Marshall Islands,LECZPOPRF,Population in low elevation coastal zone in relative frequency,5M,0-5 meters above sea level,2019,,61,,PERCENT,percent,,,,,,,This data was estimated based on population census of year 2021,
DATAFLOW,SPC:DF_POP_LECZ(1.0),Population living in low elevation coastal zones (0-10m and 0-20m above sea level),I,A,Annual,MH,Marshall Islands,LECZPOPRF,Population in low elevation coastal zone in relative frequency,5M,0-5 meters above sea level,2020,,61,,PERCENT,percent,,,,,,,This data was estimated based on population census of year 2021,
DATAFLOW,SPC:DF_POP_LECZ(1.0),Population living in low elevation coastal zones (0-10m and 0-20m above sea level),I,A,Annual,MH,Marshall Islands,LECZPOPRF,Population in low elevation coastal zone in relative frequency,5M,0-5 meters above sea level,2021,,61,,PERCENT,percent,,,,,,,This data was estimated based on population census of year 2021,
DATAFLOW,SPC:DF_POP_LECZ(1.0),Population living in low elevation coastal zones (0-10m and 0-20m above sea level),I,A,Annual,MH,Marshall Islands,LECZPOPRF,Population in low elevation coastal zone in relative frequency,5M,0-5 meters above sea level,2022,,61,,PERCENT,percent,,,,,,,This data was estimated based on population census of year 2021,
DATAFLOW,SPC:DF_POP_LECZ(1.0),Population living in low elevation coastal zones (0-10m and 0-20m above sea level),I,A,Annual,MH,Marshall Islands,LECZPOPRF,Population in low elevation coastal zone in relative frequency,5M,0-5 meters above sea level,2023,,61,,PERCENT,percent,,,,,,,This data was estimated based on population census of year 2021,
DATAFLOW,SPC:DF_POP_LECZ(1.0),Population living in low elevation coastal zones (0-10m and 0-20m above sea level),I,A,Annual,MH,Marshall Islands,LECZPOPRF,Population in low elevation coastal zone in relative frequency,5M,0-5 meters above sea level,2024,,61,,PERCENT,percent,,,,,,,This data was estimated based on population census of year 2021,
DATAFLOW,SPC:DF_POP_LECZ(1.0),Population living in low elevation coastal zones (0-10m and 0-20m above sea level),I,A,Annual,CK,Cook Islands,LECZPOPAF,Population in low elevation coastal zone in absolute frequency,20M,0-20 meters above sea level,2010,,12597,,N,units,,,E,Estimated value,,,This data was estimated based on population census of year 2021,
DATAFLOW,SPC:DF_POP_LECZ(1.0),Population living in low elevation coastal zones (0-10m and 0-20m above sea level),I,A,Annual,CK,Cook Islands,LECZPOPAF,Population in low elevation coastal zone in absolute frequency,20M,0-20 meters above sea level,2011,,12951,,N,units,,,E,Estimated value,,,This data was estimated based on population census of year 2021,
DATAFLOW,SPC:DF_POP_LECZ(1.0),Population living in low elevation coastal zones (0-10m and 0-20m above sea level),I,A,Annual,CK,Cook Islands,LECZPOPAF,Population in low elevation coastal zone in absolute frequency,20M,0-20 meters above sea level,2012,,13105,,N,units,,,E,Estimated value,,,This data was estimated based on population census of year 2021,
DATAFLOW,SPC:DF_POP_LECZ(1.0),Population living in low elevation coastal zones (0-10m and 0-20m above sea level),I,A,Annual,CK,Cook Islands,LECZPOPAF,Population in low elevation coastal zone in absolute frequency,20M,0-20 meters above sea level,2013,,13065,,N,units,,,E,Estimated value,,,This data was estimated based on population census of year 2021,
DATAFLOW,SPC:DF_POP_LECZ(1.0),Population living in low elevation coastal zones (0-10m and 0-20m above sea level),I,A,Annual,CK,Cook Islands,LECZPOPAF,Population in low elevation coastal zone in absolute frequency,20M,0-20 meters above sea level,2014,,13008,,N,units,,,E,Estimated value,,,This data was estimated based on population census of year 2021,
DATAFLOW,SPC:DF_POP_LECZ(1.0),Population living in low elevation coastal zones (0-10m and 0-20m above sea level),I,A,Annual,CK,Cook Islands,LECZPOPAF,Population in low elevation coastal zone in absolute frequency,20M,0-20 meters above sea level,2015,,12945,,N,units,,,E,Estimated value,,,This data was estimated based on population census of year 2021,
DATAFLOW,SPC:DF_POP_LECZ(1.0),Population living in low elevation coastal zones (0-10m and 0-20m above sea level),I,A,Annual,CK,Cook Islands,LECZPOPAF,Population in low elevation coastal zone in absolute frequency,20M,0-20 meters above sea level,2016,,12860,,N,units,,,E,Estimated value,,,This data was estimated based on population census of year 2021,
DATAFLOW,SPC:DF_POP_LECZ(1.0),Population living in low elevation coastal zones (0-10m and 0-20m above sea level),I,A,Annual,CK,Cook Islands,LECZPOPAF,Population in low elevation coastal zone in absolute frequency,20M,0-20 meters above sea level,2017,,12650,,N,units,,,E,Estimated value,,,This data was estimated based on population census of year 2021,
DATAFLOW,SPC:DF_POP_LECZ(1.0),Population living in low elevation coastal zones (0-10m and 0-20m above sea level),I,A,Annual,CK,Cook Islands,LECZPOPAF,Population in low elevation coastal zone in absolute frequency,20M,0-20 meters above sea level,2018,,12311,,N,units,,,E,Estimated value,,,This data was estimated based on population census of year 2021,
DATAFLOW,SPC:DF_POP_LECZ(1.0),Population living in low elevation coastal zones (0-10m and 0-20m above sea level),I,A,Annual,CK,Cook Islands,LECZPOPAF,Population in low elevation coastal zone in absolute frequency,20M,0-20 meters above sea level,2019,,11971,,N,units,,,E,Estimated value,,,This data was estimated based on population census of year 2021,
DATAFLOW,SPC:DF_POP_LECZ(1.0),Population living in low elevation coastal zones (0-10m and 0-20m above sea level),I,A,Annual,CK,Cook Islands,LECZPOPAF,Population in low elevation coastal zone in absolute frequency,20M,0-20 meters above sea level,2020,,11612,,N,units,,,E,Estimated value,,,This data was estimated based on population census of year 2021,
DATAFLOW,SPC:DF_POP_LECZ(1.0),Population living in low elevation coastal zones (0-10m and 0-20m above sea level),I,A,Annual,CK,Cook Islands,LECZPOPAF,Population in low elevation coastal zone in absolute frequency,20M,0-20 meters above sea level,2021,,11269,,N,units,,,E,Estimated value,,,This data was estimated based on population census of year 2021,
DATAFLOW,SPC:DF_POP_LECZ(1.0),Population living in low elevation coastal zones (0-10m and 0-20m above sea level),I,A,Annual,CK,Cook Islands,LECZPOPAF,Population in low elevation coastal zone in absolute frequency,20M,0-20 meters above sea level,2022,,10809,,N,units,,,,,,,This data was estimated based on population census of year 2021,
DATAFLOW,SPC:DF_POP_LECZ(1.0),Population living in low elevation coastal zones (0-10m and 0-20m above sea level),I,A,Annual,CK,Cook Islands,LECZPOPAF,Population in low elevation coastal zone in absolute frequency,20M,0-20 meters above sea level,2023,,10440,,N,units,,,,,,,This data was estimated based on population census of year 2021,
DATAFLOW,SPC:DF_POP_LECZ(1.0),Population living in low elevation coastal zones (0-10m and 0-20m above sea level),I,A,Annual,CK,Cook Islands,LECZPOPAF,Population in low elevation coastal zone in absolute frequency,20M,0-20 meters above sea level,2024,,10078,,N,units,,,,,,,This data was estimated based on population census of year 2021,
DATAFLOW,SPC:DF_POP_LECZ(1.0),Population living in low elevation coastal zones (0-10m and 0-20m above sea level),I,A,Annual,VU,Vanuatu,LECZPOPAF,Population in low elevation coastal zone in absolute frequency,_T,Total,2010,,238279,,N,units,,,E,Estimated value,,,Estimated mid-year population for year 2010.,
DATAFLOW,SPC:DF_POP_LECZ(1.0),Population living in low elevation coastal zones (0-10m and 0-20m above sea level),I,A,Annual,VU,Vanuatu,LECZPOPAF,Population in low elevation coastal zone in absolute frequency,_T,Total,2011,,243502,,N,units,,,E,Estimated value,,,Estimated mid-year population for year 2011.,
DATAFLOW,SPC:DF_POP_LECZ(1.0),Population living in low elevation coastal zones (0-10m and 0-20m above sea level),I,A,Annual,VU,Vanuatu,LECZPOPAF,Population in low elevation coastal zone in absolute frequency,_T,Total,2012,,248922,,N,units,,,E,Estimated value,,,Estimated mid-year population for year 2012.,
DATAFLOW,SPC:DF_POP_LECZ(1.0),Population living in low elevation coastal zones (0-10m and 0-20m above sea level),I,A,Annual,VU,Vanuatu,LECZPOPAF,Population in low elevation coastal zone in absolute frequency,_T,Total,2013,,254504,,N,units,,,E,Estimated value,,,Estimated mid-year population for year 2013.,
DATAFLOW,SPC:DF_POP_LECZ(1.0),Population living in low elevation coastal zones (0-10m and 0-20m above sea level),I,A,Annual,VU,Vanuatu,LECZPOPAF,Population in low elevation coastal zone in absolute frequency,_T,Total,2014,,260262,,N,units,,,E,Estimated value,,,Estimated mid-year population for year 2014.,
DATAFLOW,SPC:DF_POP_LECZ(1.0),Population living in low elevation coastal zones (0-10m and 0-20m above sea level),I,A,Annual,VU,Vanuatu,LECZPOPAF,Population in low elevation coastal zone in absolute frequency,_T,Total,2015,,266126,,N,units,,,E,Estimated value,,,Estimated mid-year population for year 2015.,
DATAFLOW,SPC:DF_POP_LECZ(1.0),Population living in low elevation coastal zones (0-10m and 0-20m above sea level),I,A,Annual,VU,Vanuatu,LECZPOPAF,Population in low elevation coastal zone in absolute frequency,_T,Total,2016,,272115,,N,units,,,E,Estimated value,,,Estimated mid-year population for year 2016.,
DATAFLOW,SPC:DF_POP_LECZ(1.0),Population living in low elevation coastal zones (0-10m and 0-20m above sea level),I,A,Annual,VU,Vanuatu,LECZPOPAF,Population in low elevation coastal zone in absolute frequency,_T,Total,2017,,278540,,N,units,,,E,Estimated value,,,Estimated mid-year population for year 2017.,
DATAFLOW,SPC:DF_POP_LECZ(1.0),Population living in low elevation coastal zones (0-10m and 0-20m above sea level),I,A,Annual,VU,Vanuatu,LECZPOPAF,Population in low elevation coastal zone in absolute frequency,_T,Total,2018,,285296,,N,units,,,E,Estimated value,,,Estimated mid-year population for year 2018.,
DATAFLOW,SPC:DF_POP_LECZ(1.0),Population living in low elevation coastal zones (0-10m and 0-20m above sea level),I,A,Annual,VU,Vanuatu,LECZPOPAF,Population in low elevation coastal zone in absolute frequency,_T,Total,2019,,292007,,N,units,,,E,Estimated value,,,Estimated mid-year population for year 2019.,
DATAFLOW,SPC:DF_POP_LECZ(1.0),Population living in low elevation coastal zones (0-10m and 0-20m above sea level),I,A,Annual,VU,Vanuatu,LECZPOPAF,Population in low elevation coastal zone in absolute frequency,_T,Total,2020,,298880,,N,units,,,E,Estimated value,,,Estimated mid-year population for year 2020.,
DATAFLOW,SPC:DF_POP_LECZ(1.0),Population living in low elevation coastal zones (0-10m and 0-20m above sea level),I,A,Annual,VU,Vanuatu,LECZPOPAF,Population in low elevation coastal zone in absolute frequency,_T,Total,2021,,305897,,N,units,,,E,Estimated value,,,Estimated mid-year population for year 2021.,
DATAFLOW,SPC:DF_POP_LECZ(1.0),Population living in low elevation coastal zones (0-10m and 0-20m above sea level),I,A,Annual,PW,Palau,LECZPOPRF,Population in low elevation coastal zone in relative frequency,5M,0-5 meters above sea level,2010,,8,,PERCENT,percent,,,,,,,This data was estimated based on population census of year 2023,
DATAFLOW,SPC:DF_POP_LECZ(1.0),Population living in low elevation coastal zones (0-10m and 0-20m above sea level),I,A,Annual,PW,Palau,LECZPOPRF,Population in low elevation coastal zone in relative frequency,5M,0-5 meters above sea level,2011,,8,,PERCENT,percent,,,,,,,This data was estimated based on population census of year 2023,
DATAFLOW,SPC:DF_POP_LECZ(1.0),Population living in low elevation coastal zones (0-10m and 0-20m above sea level),I,A,Annual,PW,Palau,LECZPOPRF,Population in low elevation coastal zone in relative frequency,5M,0-5 meters above sea level,2012,,8,,PERCENT,percent,,,,,,,This data was estimated based on population census of year 2023,
DATAFLOW,SPC:DF_POP_LECZ(1.0),Population living in low elevation coastal zones (0-10m and 0-20m above sea level),I,A,Annual,PW,Palau,LECZPOPRF,Population in low elevation coastal zone in relative frequency,5M,0-5 meters above sea level,2013,,8,,PERCENT,percent,,,,,,,This data was estimated based on population census of year 2023,
DATAFLOW,SPC:DF_POP_LECZ(1.0),Population living in low elevation coastal zones (0-10m and 0-20m above sea level),I,A,Annual,PW,Palau,LECZPOPRF,Population in low elevation coastal zone in relative frequency,5M,0-5 meters above sea level,2014,,8,,PERCENT,percent,,,,,,,This data was estimated based on population census of year 2023,
DATAFLOW,SPC:DF_POP_LECZ(1.0),Population living in low elevation coastal zones (0-10m and 0-20m above sea level),I,A,Annual,PW,Palau,LECZPOPRF,Population in low elevation coastal zone in relative frequency,5M,0-5 meters above sea level,2015,,8,,PERCENT,percent,,,,,,,This data was estimated based on population census of year 2023,
DATAFLOW,SPC:DF_POP_LECZ(1.0),Population living in low elevation coastal zones (0-10m and 0-20m above sea level),I,A,Annual,PW,Palau,LECZPOPRF,Population in low elevation coastal zone in relative frequency,5M,0-5 meters above sea level,2016,,8,,PERCENT,percent,,,,,,,This data was estimated based on population census of year 2023,
DATAFLOW,SPC:DF_POP_LECZ(1.0),Population living in low elevation coastal zones (0-10m and 0-20m above sea level),I,A,Annual,PW,Palau,LECZPOPRF,Population in low elevation coastal zone in relative frequency,5M,0-5 meters above sea level,2017,,8,,PERCENT,percent,,,,,,,This data was estimated based on population census of year 2023,
DATAFLOW,SPC:DF_POP_LECZ(1.0),Population living in low elevation coastal zones (0-10m and 0-20m above sea level),I,A,Annual,PW,Palau,LECZPOPRF,Population in low elevation coastal zone in relative frequency,5M,0-5 meters above sea level,2018,,8,,PERCENT,percent,,,,,,,This data was estimated based on population census of year 2023,
DATAFLOW,SPC:DF_POP_LECZ(1.0),Population living in low elevation coastal zones (0-10m and 0-20m above sea level),I,A,Annual,PW,Palau,LECZPOPRF,Population in low elevation coastal zone in relative frequency,5M,0-5 meters above sea level,2019,,8,,PERCENT,percent,,,,,,,This data was estimated based on population census of year 2023,
DATAFLOW,SPC:DF_POP_LECZ(1.0),Population living in low elevation coastal zones (0-10m and 0-20m above sea level),I,A,Annual,PW,Palau,LECZPOPRF,Population in low elevation coastal zone in relative frequency,5M,0-5 meters above sea level,2020,,8,,PERCENT,percent,,,,,,,This data was estimated based on population census of year 2023,
DATAFLOW,SPC:DF_POP_LECZ(1.0),Population living in low elevation coastal zones (0-10m and 0-20m above sea level),I,A,Annual,PW,Palau,LECZPOPRF,Population in low elevation coastal zone in relative frequency,5M,0-5 meters above sea level,2021,,8,,PERCENT,percent,,,,,,,This data was estimated based on population census of year 2023,
DATAFLOW,SPC:DF_POP_LECZ(1.0),Population living in low elevation coastal zones (0-10m and 0-20m above sea level),I,A,Annual,PW,Palau,LECZPOPRF,Population in low elevation coastal zone in relative frequency,5M,0-5 meters above sea level,2022,,8,,PERCENT,percent,,,,,,,This data was estimated based on population census of year 2023,
DATAFLOW,SPC:DF_POP_LECZ(1.0),Population living in low elevation coastal zones (0-10m and 0-20m above sea level),I,A,Annual,PW,Palau,LECZPOPRF,Population in low elevation coastal zone in relative frequency,5M,0-5 meters above sea level,2023,,8,,PERCENT,percent,,,,,,,This data was estimated based on population census of year 2023,
DATAFLOW,SPC:DF_POP_LECZ(1.0),Population living in low elevation coastal zones (0-10m and 0-20m above sea level),I,A,Annual,PW,Palau,LECZPOPRF,Population in low elevation coastal zone in relative frequency,5M,0-5 meters above sea level,2024,,8,,PERCENT,percent,,,,,,,This data was estimated based on population census of year 2023,
DATAFLOW,SPC:DF_POP_LECZ(1.0),Population living in low elevation coastal zones (0-10m and 0-20m above sea level),I,A,Annual,FJ,Fiji,LECZPOPAF,Population in low elevation coastal zone in absolute frequency,20M,0-20 meters above sea level,2010,,446111,,N,units,,,E,Estimated value,,,This data was estimated based on population census of year 2017,
DATAFLOW,SPC:DF_POP_LECZ(1.0),Population living in low elevation coastal zones (0-10m and 0-20m above sea level),I,A,Annual,FJ,Fiji,LECZPOPAF,Population in low elevation coastal zone in absolute frequency,20M,0-20 meters above sea level,2011,,447375,,N,units,,,E,Estimated value,,,This data was estimated based on population census of year 2017,
DATAFLOW,SPC:DF_POP_LECZ(1.0),Population living in low elevation coastal zones (0-10m and 0-20m above sea level),I,A,Annual,FJ,Fiji,LECZPOPAF,Population in low elevation coastal zone in absolute frequency,20M,0-20 meters above sea level,2012,,448318,,N,units,,,E,Estimated value,,,This data was estimated based on population census of year 2017,
DATAFLOW,SPC:DF_POP_LECZ(1.0),Population living in low elevation coastal zones (0-10m and 0-20m above sea level),I,A,Annual,FJ,Fiji,LECZPOPAF,Population in low elevation coastal zone in absolute frequency,20M,0-20 meters above sea level,2013,,449018,,N,units,,,E,Estimated value,,,This data was estimated based on population census of year 2017,
DATAFLOW,SPC:DF_POP_LECZ(1.0),Population living in low elevation coastal zones (0-10m and 0-20m above sea level),I,A,Annual,FJ,Fiji,LECZPOPAF,Population in low elevation coastal zone in absolute frequency,20M,0-20 meters above sea level,2014,,449624,,N,units,,,E,Estimated value,,,This data was estimated based on population census of year 2017,
DATAFLOW,SPC:DF_POP_LECZ(1.0),Population living in low elevation coastal zones (0-10m and 0-20m above sea level),I,A,Annual,FJ,Fiji,LECZPOPAF,Population in low elevation coastal zone in absolute frequency,20M,0-20 meters above sea level,2015,,450111,,N,units,,,E,Estimated value,,,This data was estimated based on population census of year 2017,
DATAFLOW,SPC:DF_POP_LECZ(1.0),Population living in low elevation coastal zones (0-10m and 0-20m above sea level),I,A,Annual,FJ,Fiji,LECZPOPAF,Population in low elevation coastal zone in absolute frequency,20M,0-20 meters above sea level,2016,,450396,,N,units,,,E,Estimated value,,,This data was estimated based on population census of year 2017,
DATAFLOW,SPC:DF_POP_LECZ(1.0),Population living in low elevation coastal zones (0-10m and 0-20m above sea level),I,A,Annual,FJ,Fiji,LECZPOPAF,Population in low elevation coastal zone in absolute frequency,20M,0-20 meters above sea level,2017,,450201,,N,units,,,E,Estimated value,,,This data was estimated based on population census of year 2017,
DATAFLOW,SPC:DF_POP_LECZ(1.0),Population living in low elevation coastal zones (0-10m and 0-20m above sea level),I,A,Annual,FJ,Fiji,LECZPOPAF,Population in low elevation coastal zone in absolute frequency,20M,0-20 meters above sea level,2018,,449423,,N,units,,,E,Estimated value,,,This data was estimated based on population census of year 2017,
DATAFLOW,SPC:DF_POP_LECZ(1.0),Population living in low elevation coastal zones (0-10m and 0-20m above sea level),I,A,Annual,FJ,Fiji,LECZPOPAF,Population in low elevation coastal zone in absolute frequency,20M,0-20 meters above sea level,2019,,448302,,N,units,,,E,Estimated value,,,This data was estimated based on population census of year 2017,
DATAFLOW,SPC:DF_POP_LECZ(1.0),Population living in low elevation coastal zones (0-10m and 0-20m above sea level),I,A,Annual,FJ,Fiji,LECZPOPAF,Population in low elevation coastal zone in absolute frequency,20M,0-20 meters above sea level,2020,,448339,,N,units,,,E,Estimated value,,,This data was estimated based on population census of year 2017,
DATAFLOW,SPC:DF_POP_LECZ(1.0),Population living in low elevation coastal zones (0-10m and 0-20m above sea level),I,A,Annual,FJ,Fiji,LECZPOPAF,Population in low elevation coastal zone in absolute frequency,20M,0-20 meters above sea level,2021,,449195,,N,units,,,E,Estimated value,,,This data was estimated based on population census of year 2017,
DATAFLOW,SPC:DF_POP_LECZ(1.0),Population living in low elevation coastal zones (0-10m and 0-20m above sea level),I,A,Annual,FJ,Fiji,LECZPOPAF,Population in low elevation coastal zone in absolute frequency,20M,0-20 meters above sea level,2022,,453827,,N,units,,,,,,,This data was estimated based on population census of year 2017,
DATAFLOW,SPC:DF_POP_LECZ(1.0),Population living in low elevation coastal zones (0-10m and 0-20m above sea level),I,A,Annual,FJ,Fiji,LECZPOPAF,Population in low elevation coastal zone in absolute frequency,20M,0-20 meters above sea level,2023,,456158,,N,units,,,,,,,This data was estimated based on population census of year 2017,
DATAFLOW,SPC:DF_POP_LECZ(1.0),Population living in low elevation coastal zones (0-10m and 0-20m above sea level),I,A,Annual,FJ,Fiji,LECZPOPAF,Population in low elevation coastal zone in absolute frequency,20M,0-20 meters above sea level,2024,,458448,,N,units,,,,,,,This data was estimated based on population census of year 2017,
DATAFLOW,SPC:DF_POP_LECZ(1.0),Population living in low elevation coastal zones (0-10m and 0-20m above sea level),I,A,Annual,NR,Naoero,LECZPOPRF,Population in low elevation coastal zone in relative frequency,10M,0-10 meters above sea level,2010,,80,,PERCENT,percent,,,E,Estimated value,,,This data was estimated based on population census of year 2021,
DATAFLOW,SPC:DF_POP_LECZ(1.0),Population living in low elevation coastal zones (0-10m and 0-20m above sea level),I,A,Annual,NR,Naoero,LECZPOPRF,Population in low elevation coastal zone in relative frequency,10M,0-10 meters above sea level,2011,,80,,PERCENT,percent,,,E,Estimated value,,,This data was estimated based on population census of year 2021,
DATAFLOW,SPC:DF_POP_LECZ(1.0),Population living in low elevation coastal zones (0-10m and 0-20m above sea level),I,A,Annual,NR,Naoero,LECZPOPRF,Population in low elevation coastal zone in relative frequency,10M,0-10 meters above sea level,2012,,80,,PERCENT,percent,,,E,Estimated value,,,This data was estimated based on population census of year 2021,
DATAFLOW,SPC:DF_POP_LECZ(1.0),Population living in low elevation coastal zones (0-10m and 0-20m above sea level),I,A,Annual,NR,Naoero,LECZPOPRF,Population in low elevation coastal zone in relative frequency,10M,0-10 meters above sea level,2013,,80,,PERCENT,percent,,,E,Estimated value,,,This data was estimated based on population census of year 2021,
DATAFLOW,SPC:DF_POP_LECZ(1.0),Population living in low elevation coastal zones (0-10m and 0-20m above sea level),I,A,Annual,NR,Naoero,LECZPOPRF,Population in low elevation coastal zone in relative frequency,10M,0-10 meters above sea level,2014,,80,,PERCENT,percent,,,E,Estimated value,,,This data was estimated based on population census of year 2021,
DATAFLOW,SPC:DF_POP_LECZ(1.0),Population living in low elevation coastal zones (0-10m and 0-20m above sea level),I,A,Annual,NR,Naoero,LECZPOPRF,Population in low elevation coastal zone in relative frequency,10M,0-10 meters above sea level,2015,,80,,PERCENT,percent,,,E,Estimated value,,,This data was estimated based on population census of year 2021,
DATAFLOW,SPC:DF_POP_LECZ(1.0),Population living in low elevation coastal zones (0-10m and 0-20m above sea level),I,A,Annual,NR,Naoero,LECZPOPRF,Population in low elevation coastal zone in relative frequency,10M,0-10 meters above sea level,2016,,80,,PERCENT,percent,,,E,Estimated value,,,This data was estimated based on population census of year 2021,
DATAFLOW,SPC:DF_POP_LECZ(1.0),Population living in low elevation coastal zones (0-10m and 0-20m above sea level),I,A,Annual,NR,Naoero,LECZPOPRF,Population in low elevation coastal zone in relative frequency,10M,0-10 meters above sea level,2017,,80,,PERCENT,percent,,,E,Estimated value,,,This data was estimated based on population census of year 2021,
DATAFLOW,SPC:DF_POP_LECZ(1.0),Population living in low elevation coastal zones (0-10m and 0-20m above sea level),I,A,Annual,NR,Naoero,LECZPOPRF,Population in low elevation coastal zone in relative frequency,10M,0-10 meters above sea level,2018,,80,,PERCENT,percent,,,E,Estimated value,,,This data was estimated based on population census of year 2021,
DATAFLOW,SPC:DF_POP_LECZ(1.0),Population living in low elevation coastal zones (0-10m and 0-20m above sea level),I,A,Annual,NR,Naoero,LECZPOPRF,Population in low elevation coastal zone in relative frequency,10M,0-10 meters above sea level,2019,,80,,PERCENT,percent,,,E,Estimated value,,,This data was estimated based on population census of year 2021,
DATAFLOW,SPC:DF_POP_LECZ(1.0),Population living in low elevation coastal zones (0-10m and 0-20m above sea level),I,A,Annual,NR,Naoero,LECZPOPRF,Population in low elevation coastal zone in relative frequency,10M,0-10 meters above sea level,2020,,80,,PERCENT,percent,,,E,Estimated value,,,This data was estimated based on population census of year 2021,
DATAFLOW,SPC:DF_POP_LECZ(1.0),Population living in low elevation coastal zones (0-10m and 0-20m above sea level),I,A,Annual,NR,Naoero,LECZPOPRF,Population in low elevation coastal zone in relative frequency,10M,0-10 meters above sea level,2021,,80,,PERCENT,percent,,,E,Estimated value,,,This data was estimated based on population census of year 2021,
DATAFLOW,SPC:DF_POP_LECZ(1.0),Population living in low elevation coastal zones (0-10m and 0-20m above sea level),I,A,Annual,NR,Naoero,LECZPOPRF,Population in low elevation coastal zone in relative frequency,10M,0-10 meters above sea level,2022,,76,,PERCENT,percent,,,,,,,This data was estimated based on population census of year 2021,
DATAFLOW,SPC:DF_POP_LECZ(1.0),Population living in low elevation coastal zones (0-10m and 0-20m above sea level),I,A,Annual,NR,Naoero,LECZPOPRF,Population in low elevation coastal zone in relative frequency,10M,0-10 meters above sea level,2023,,76,,PERCENT,percent,,,,,,,This data was estimated based on population census of year 2021,
DATAFLOW,SPC:DF_POP_LECZ(1.0),Population living in low elevation coastal zones (0-10m and 0-20m above sea level),I,A,Annual,NR,Naoero,LECZPOPRF,Population in low elevation coastal zone in relative frequency,10M,0-10 meters above sea level,2024,,76,,PERCENT,percent,,,,,,,This data was estimated based on population census of year 2021,
DATAFLOW,SPC:DF_POP_LECZ(1.0),Population living in low elevation coastal zones (0-10m and 0-20m above sea level),I,A,Annual,KI,Kiribati,LECZPOPAF,Population in low elevation coastal zone in absolute frequency,5M,0-5 meters above sea level,2010,,26274,,N,units,,,,,,,This data was estimated based on population census of year 2023,
DATAFLOW,SPC:DF_POP_LECZ(1.0),Population living in low elevation coastal zones (0-10m and 0-20m above sea level),I,A,Annual,KI,Kiribati,LECZPOPAF,Population in low elevation coastal zone in absolute frequency,5M,0-5 meters above sea level,2011,,26744,,N,units,,,,,,,This data was estimated based on population census of year 2023,
DATAFLOW,SPC:DF_POP_LECZ(1.0),Population living in low elevation coastal zones (0-10m and 0-20m above sea level),I,A,Annual,KI,Kiribati,LECZPOPAF,Population in low elevation coastal zone in absolute frequency,5M,0-5 meters above sea level,2012,,27139,,N,units,,,,,,,This data was estimated based on population census of year 2023,
DATAFLOW,SPC:DF_POP_LECZ(1.0),Population living in low elevation coastal zones (0-10m and 0-20m above sea level),I,A,Annual,KI,Kiribati,LECZPOPAF,Population in low elevation coastal zone in absolute frequency,5M,0-5 meters above sea level,2013,,27515,,N,units,,,,,,,This data was estimated based on population census of year 2023,
DATAFLOW,SPC:DF_POP_LECZ(1.0),Population living in low elevation coastal zones (0-10m and 0-20m above sea level),I,A,Annual,KI,Kiribati,LECZPOPAF,Population in low elevation coastal zone in absolute frequency,5M,0-5 meters above sea level,2014,,27874,,N,units,,,,,,,This data was estimated based on population census of year 2023,
DATAFLOW,SPC:DF_POP_LECZ(1.0),Population living in low elevation coastal zones (0-10m and 0-20m above sea level),I,A,Annual,KI,Kiribati,LECZPOPAF,Population in low elevation coastal zone in absolute frequency,5M,0-5 meters above sea level,2015,,28234,,N,units,,,,,,,This data was estimated based on population census of year 2023,
DATAFLOW,SPC:DF_POP_LECZ(1.0),Population living in low elevation coastal zones (0-10m and 0-20m above sea level),I,A,Annual,KI,Kiribati,LECZPOPAF,Population in low elevation coastal zone in absolute frequency,5M,0-5 meters above sea level,2016,,28636,,N,units,,,,,,,This data was estimated based on population census of year 2023,
DATAFLOW,SPC:DF_POP_LECZ(1.0),Population living in low elevation coastal zones (0-10m and 0-20m above sea level),I,A,Annual,KI,Kiribati,LECZPOPAF,Population in low elevation coastal zone in absolute frequency,5M,0-5 meters above sea level,2017,,29070,,N,units,,,,,,,This data was estimated based on population census of year 2023,
DATAFLOW,SPC:DF_POP_LECZ(1.0),Population living in low elevation coastal zones (0-10m and 0-20m above sea level),I,A,Annual,KI,Kiribati,LECZPOPAF,Population in low elevation coastal zone in absolute frequency,5M,0-5 meters above sea level,2018,,29508,,N,units,,,,,,,This data was estimated based on population census of year 2023,
DATAFLOW,SPC:DF_POP_LECZ(1.0),Population living in low elevation coastal zones (0-10m and 0-20m above sea level),I,A,Annual,KI,Kiribati,LECZPOPAF,Population in low elevation coastal zone in absolute frequency,5M,0-5 meters above sea level,2019,,29952,,N,units,,,,,,,This data was estimated based on population census of year 2023,
DATAFLOW,SPC:DF_POP_LECZ(1.0),Population living in low elevation coastal zones (0-10m and 0-20m above sea level),I,A,Annual,KI,Kiribati,LECZPOPAF,Population in low elevation coastal zone in absolute frequency,5M,0-5 meters above sea level,2020,,30478,,N,units,,,,,,,This data was estimated based on population census of year 2023,
DATAFLOW,SPC:DF_POP_LECZ(1.0),Population living in low elevation coastal zones (0-10m and 0-20m above sea level),I,A,Annual,KI,Kiribati,LECZPOPAF,Population in low elevation coastal zone in absolute frequency,5M,0-5 meters above sea level,2021,,31029,,N,units,,,,,,,This data was estimated based on population census of year 2023,
DATAFLOW,SPC:DF_POP_LECZ(1.0),Population living in low elevation coastal zones (0-10m and 0-20m above sea level),I,A,Annual,KI,Kiribati,LECZPOPAF,Population in low elevation coastal zone in absolute frequency,5M,0-5 meters above sea level,2022,,31534,,N,units,,,,,,,This data was estimated based on population census of year 2023,
DATAFLOW,SPC:DF_POP_LECZ(1.0),Population living in low elevation coastal zones (0-10m and 0-20m above sea level),I,A,Annual,KI,Kiribati,LECZPOPAF,Population in low elevation coastal zone in absolute frequency,5M,0-5 meters above sea level,2023,,32033,,N,units,,,,,,,This data was estimated based on population census of year 2023,
DATAFLOW,SPC:DF_POP_LECZ(1.0),Population living in low elevation coastal zones (0-10m and 0-20m above sea level),I,A,Annual,KI,Kiribati,LECZPOPAF,Population in low elevation coastal zone in absolute frequency,5M,0-5 meters above sea level,2024,,32513,,N,units,,,,,,,This data was estimated based on population census of year 2023,
DATAFLOW,SPC:DF_POP_LECZ(1.0),Population living in low elevation coastal zones (0-10m and 0-20m above sea level),I,A,Annual,PN,Pitcairn,LECZPOPAF,Population in low elevation coastal zone in absolute frequency,10M,0-10 meters above sea level,2010,,,,N,units,,,O,Missing value,,,,
DATAFLOW,SPC:DF_POP_LECZ(1.0),Population living in low elevation coastal zones (0-10m and 0-20m above sea level),I,A,Annual,PN,Pitcairn,LECZPOPAF,Population in low elevation coastal zone in absolute frequency,10M,0-10 meters above sea level,2011,,,,N,units,,,O,Missing value,,,,
DATAFLOW,SPC:DF_POP_LECZ(1.0),Population living in low elevation coastal zones (0-10m and 0-20m above sea level),I,A,Annual,PN,Pitcairn,LECZPOPAF,Population in low elevation coastal zone in absolute frequency,10M,0-10 meters above sea level,2012,,,,N,units,,,O,Missing value,,,,
DATAFLOW,SPC:DF_POP_LECZ(1.0),Population living in low elevation coastal zones (0-10m and 0-20m above sea level),I,A,Annual,PN,Pitcairn,LECZPOPAF,Population in low elevation coastal zone in absolute frequency,10M,0-10 meters above sea level,2013,,,,N,units,,,O,Missing value,,,,
DATAFLOW,SPC:DF_POP_LECZ(1.0),Population living in low elevation coastal zones (0-10m and 0-20m above sea level),I,A,Annual,PN,Pitcairn,LECZPOPAF,Population in low elevation coastal zone in absolute frequency,10M,0-10 meters above sea level,2014,,,,N,units,,,O,Missing value,,,,
DATAFLOW,SPC:DF_POP_LECZ(1.0),Population living in low elevation coastal zones (0-10m and 0-20m above sea level),I,A,Annual,PN,Pitcairn,LECZPOPAF,Population in low elevation coastal zone in absolute frequency,10M,0-10 meters above sea level,2015,,,,N,units,,,O,Missing value,,,,
DATAFLOW,SPC:DF_POP_LECZ(1.0),Population living in low elevation coastal zones (0-10m and 0-20m above sea level),I,A,Annual,PN,Pitcairn,LECZPOPAF,Population in low elevation coastal zone in absolute frequency,10M,0-10 meters above sea level,2016,,,,N,units,,,O,Missing value,,,,
DATAFLOW,SPC:DF_POP_LECZ(1.0),Population living in low elevation coastal zones (0-10m and 0-20m above sea level),I,A,Annual,PN,Pitcairn,LECZPOPAF,Population in low elevation coastal zone in absolute frequency,10M,0-10 meters above sea level,2017,,,,N,units,,,O,Missing value,,,,
DATAFLOW,SPC:DF_POP_LECZ(1.0),Population living in low elevation coastal zones (0-10m and 0-20m above sea level),I,A,Annual,PN,Pitcairn,LECZPOPAF,Population in low elevation coastal zone in absolute frequency,10M,0-10 meters above sea level,2018,,,,N,units,,,O,Missing value,,,,
DATAFLOW,SPC:DF_POP_LECZ(1.0),Population living in low elevation coastal zones (0-10m and 0-20m above sea level),I,A,Annual,PN,Pitcairn,LECZPOPAF,Population in low elevation coastal zone in absolute frequency,10M,0-10 meters above sea level,2019,,,,N,units,,,O,Missing value,,,,
DATAFLOW,SPC:DF_POP_LECZ(1.0),Population living in low elevation coastal zones (0-10m and 0-20m above sea level),I,A,Annual,PN,Pitcairn,LECZPOPAF,Population in low elevation coastal zone in absolute frequency,10M,0-10 meters above sea level,2020,,,,N,units,,,O,Missing value,,,,
DATAFLOW,SPC:DF_POP_LECZ(1.0),Population living in low elevation coastal zones (0-10m and 0-20m above sea level),I,A,Annual,PN,Pitcairn,LECZPOPAF,Population in low elevation coastal zone in absolute frequency,10M,0-10 meters above sea level,2021,,,,N,units,,,O,Missing value,,,,
DATAFLOW,SPC:DF_POP_LECZ(1.0),Population living in low elevation coastal zones (0-10m and 0-20m above sea level),I,A,Annual,PN,Pitcairn,LECZPOPAF,Population in low elevation coastal zone in absolute frequency,10M,0-10 meters above sea level,2022,,,,N,units,,,O,Missing value,,,,
DATAFLOW,SPC:DF_POP_LECZ(1.0),Population living in low elevation coastal zones (0-10m and 0-20m above sea level),I,A,Annual,PN,Pitcairn,LECZPOPAF,Population in low elevation coastal zone in absolute frequency,10M,0-10 meters above sea level,2023,,,,N,units,,,O,Missing value,,,,
DATAFLOW,SPC:DF_POP_LECZ(1.0),Population living in low elevation coastal zones (0-10m and 0-20m above sea level),I,A,Annual,PN,Pitcairn,LECZPOPAF,Population in low elevation coastal zone in absolute frequency,10M,0-10 meters above sea level,2024,,,,N,units,,,O,Missing value,,,,
DATAFLOW,SPC:DF_POP_LECZ(1.0),Population living in low elevation coastal zones (0-10m and 0-20m above sea level),I,A,Annual,MH,Marshall Islands,LECZPOPRF,Population in low elevation coastal zone in relative frequency,20M,0-20 meters above sea level,2010,,100,,PERCENT,percent,,,E,Estimated value,,,This data was estimated based on population census of year 2021,
DATAFLOW,SPC:DF_POP_LECZ(1.0),Population living in low elevation coastal zones (0-10m and 0-20m above sea level),I,A,Annual,MH,Marshall Islands,LECZPOPRF,Population in low elevation coastal zone in relative frequency,20M,0-20 meters above sea level,2011,,100,,PERCENT,percent,,,E,Estimated value,,,This data was estimated based on population census of year 2021,
DATAFLOW,SPC:DF_POP_LECZ(1.0),Population living in low elevation coastal zones (0-10m and 0-20m above sea level),I,A,Annual,MH,Marshall Islands,LECZPOPRF,Population in low elevation coastal zone in relative frequency,20M,0-20 meters above sea level,2012,,100,,PERCENT,percent,,,E,Estimated value,,,This data was estimated based on population census of year 2021,
DATAFLOW,SPC:DF_POP_LECZ(1.0),Population living in low elevation coastal zones (0-10m and 0-20m above sea level),I,A,Annual,MH,Marshall Islands,LECZPOPRF,Population in low elevation coastal zone in relative frequency,20M,0-20 meters above sea level,2013,,100,,PERCENT,percent,,,E,Estimated value,,,This data was estimated based on population census of year 2021,
DATAFLOW,SPC:DF_POP_LECZ(1.0),Population living in low elevation coastal zones (0-10m and 0-20m above sea level),I,A,Annual,MH,Marshall Islands,LECZPOPRF,Population in low elevation coastal zone in relative frequency,20M,0-20 meters above sea level,2014,,100,,PERCENT,percent,,,E,Estimated value,,,This data was estimated based on population census of year 2021,
DATAFLOW,SPC:DF_POP_LECZ(1.0),Population living in low elevation coastal zones (0-10m and 0-20m above sea level),I,A,Annual,MH,Marshall Islands,LECZPOPRF,Population in low elevation coastal zone in relative frequency,20M,0-20 meters above sea level,2015,,100,,PERCENT,percent,,,E,Estimated value,,,This data was estimated based on population census of year 2021,
DATAFLOW,SPC:DF_POP_LECZ(1.0),Population living in low elevation coastal zones (0-10m and 0-20m above sea level),I,A,Annual,MH,Marshall Islands,LECZPOPRF,Population in low elevation coastal zone in relative frequency,20M,0-20 meters above sea level,2016,,100,,PERCENT,percent,,,E,Estimated value,,,This data was estimated based on population census of year 2021,
DATAFLOW,SPC:DF_POP_LECZ(1.0),Population living in low elevation coastal zones (0-10m and 0-20m above sea level),I,A,Annual,MH,Marshall Islands,LECZPOPRF,Population in low elevation coastal zone in relative frequency,20M,0-20 meters above sea level,2017,,100,,PERCENT,percent,,,E,Estimated value,,,This data was estimated based on population census of year 2021,
DATAFLOW,SPC:DF_POP_LECZ(1.0),Population living in low elevation coastal zones (0-10m and 0-20m above sea level),I,A,Annual,MH,Marshall Islands,LECZPOPRF,Population in low elevation coastal zone in relative frequency,20M,0-20 meters above sea level,2018,,100,,PERCENT,percent,,,E,Estimated value,,,This data was estimated based on population census of year 2021,
DATAFLOW,SPC:DF_POP_LECZ(1.0),Population living in low elevation coastal zones (0-10m and 0-20m above sea level),I,A,Annual,MH,Marshall Islands,LECZPOPRF,Population in low elevation coastal zone in relative frequency,20M,0-20 meters above sea level,2019,,100,,PERCENT,percent,,,E,Estimated value,,,This data was estimated based on population census of year 2021,
DATAFLOW,SPC:DF_POP_LECZ(1.0),Population living in low elevation coastal zones (0-10m and 0-20m above sea level),I,A,Annual,MH,Marshall Islands,LECZPOPRF,Population in low elevation coastal zone in relative frequency,20M,0-20 meters above sea level,2020,,100,,PERCENT,percent,,,E,Estimated value,,,This data was estimated based on population census of year 2021,
DATAFLOW,SPC:DF_POP_LECZ(1.0),Population living in low elevation coastal zones (0-10m and 0-20m above sea level),I,A,Annual,MH,Marshall Islands,LECZPOPRF,Population in low elevation coastal zone in relative frequency,20M,0-20 meters above sea level,2021,,100,,PERCENT,percent,,,E,Estimated value,,,This data was estimated based on population census of year 2021,
DATAFLOW,SPC:DF_POP_LECZ(1.0),Population living in low elevation coastal zones (0-10m and 0-20m above sea level),I,A,Annual,MH,Marshall Islands,LECZPOPRF,Population in low elevation coastal zone in relative frequency,20M,0-20 meters above sea level,2022,,100,,PERCENT,percent,,,,,,,This data was estimated based on population census of year 2021,
DATAFLOW,SPC:DF_POP_LECZ(1.0),Population living in low elevation coastal zones (0-10m and 0-20m above sea level),I,A,Annual,MH,Marshall Islands,LECZPOPRF,Population in low elevation coastal zone in relative frequency,20M,0-20 meters above sea level,2023,,100,,PERCENT,percent,,,,,,,This data was estimated based on population census of year 2021,
DATAFLOW,SPC:DF_POP_LECZ(1.0),Population living in low elevation coastal zones (0-10m and 0-20m above sea level),I,A,Annual,MH,Marshall Islands,LECZPOPRF,Population in low elevation coastal zone in relative frequency,20M,0-20 meters above sea level,2024,,100,,PERCENT,percent,,,,,,,This data was estimated based on population census of year 2021,
DATAFLOW,SPC:DF_POP_LECZ(1.0),Population living in low elevation coastal zones (0-10m and 0-20m above sea level),I,A,Annual,NR,Naoero,LECZPOPAF,Population in low elevation coastal zone in absolute frequency,10M,0-10 meters above sea level,2010,,8070,,N,units,,,E,Estimated value,,,This data was estimated based on population census of year 2021,
DATAFLOW,SPC:DF_POP_LECZ(1.0),Population living in low elevation coastal zones (0-10m and 0-20m above sea level),I,A,Annual,NR,Naoero,LECZPOPAF,Population in low elevation coastal zone in absolute frequency,10M,0-10 meters above sea level,2011,,8119,,N,units,,,E,Estimated value,,,This data was estimated based on population census of year 2021,
DATAFLOW,SPC:DF_POP_LECZ(1.0),Population living in low elevation coastal zones (0-10m and 0-20m above sea level),I,A,Annual,NR,Naoero,LECZPOPAF,Population in low elevation coastal zone in absolute frequency,10M,0-10 meters above sea level,2012,,8247,,N,units,,,E,Estimated value,,,This data was estimated based on population census of year 2021,
DATAFLOW,SPC:DF_POP_LECZ(1.0),Population living in low elevation coastal zones (0-10m and 0-20m above sea level),I,A,Annual,NR,Naoero,LECZPOPAF,Population in low elevation coastal zone in absolute frequency,10M,0-10 meters above sea level,2013,,8452,,N,units,,,E,Estimated value,,,This data was estimated based on population census of year 2021,
DATAFLOW,SPC:DF_POP_LECZ(1.0),Population living in low elevation coastal zones (0-10m and 0-20m above sea level),I,A,Annual,NR,Naoero,LECZPOPAF,Population in low elevation coastal zone in absolute frequency,10M,0-10 meters above sea level,2014,,8631,,N,units,,,E,Estimated value,,,This data was estimated based on population census of year 2021,
DATAFLOW,SPC:DF_POP_LECZ(1.0),Population living in low elevation coastal zones (0-10m and 0-20m above sea level),I,A,Annual,NR,Naoero,LECZPOPAF,Population in low elevation coastal zone in absolute frequency,10M,0-10 meters above sea level,2015,,8802,,N,units,,,E,Estimated value,,,This data was estimated based on population census of year 2021,
DATAFLOW,SPC:DF_POP_LECZ(1.0),Population living in low elevation coastal zones (0-10m and 0-20m above sea level),I,A,Annual,NR,Naoero,LECZPOPAF,Population in low elevation coastal zone in absolute frequency,10M,0-10 meters above sea level,2016,,8952,,N,units,,,E,Estimated value,,,This data was estimated based on population census of year 2021,
DATAFLOW,SPC:DF_POP_LECZ(1.0),Population living in low elevation coastal zones (0-10m and 0-20m above sea level),I,A,Annual,NR,Naoero,LECZPOPAF,Population in low elevation coastal zone in absolute frequency,10M,0-10 meters above sea level,2017,,9098,,N,units,,,E,Estimated value,,,This data was estimated based on population census of year 2021,
DATAFLOW,SPC:DF_POP_LECZ(1.0),Population living in low elevation coastal zones (0-10m and 0-20m above sea level),I,A,Annual,NR,Naoero,LECZPOPAF,Population in low elevation coastal zone in absolute frequency,10M,0-10 meters above sea level,2018,,9218,,N,units,,,E,Estimated value,,,This data was estimated based on population census of year 2021,
DATAFLOW,SPC:DF_POP_LECZ(1.0),Population living in low elevation coastal zones (0-10m and 0-20m above sea level),I,A,Annual,NR,Naoero,LECZPOPAF,Population in low elevation coastal zone in absolute frequency,10M,0-10 meters above sea level,2019,,9310,,N,units,,,E,Estimated value,,,This data was estimated based on population census of year 2021,
DATAFLOW,SPC:DF_POP_LECZ(1.0),Population living in low elevation coastal zones (0-10m and 0-20m above sea level),I,A,Annual,NR,Naoero,LECZPOPAF,Population in low elevation coastal zone in absolute frequency,10M,0-10 meters above sea level,2020,,9347,,N,units,,,E,Estimated value,,,This data was estimated based on population census of year 2021,
DATAFLOW,SPC:DF_POP_LECZ(1.0),Population living in low elevation coastal zones (0-10m and 0-20m above sea level),I,A,Annual,NR,Naoero,LECZPOPAF,Population in low elevation coastal zone in absolute frequency,10M,0-10 meters above sea level,2021,,9402,,N,units,,,E,Estimated value,,,This data was estimated based on population census of year 2021,
DATAFLOW,SPC:DF_POP_LECZ(1.0),Population living in low elevation coastal zones (0-10m and 0-20m above sea level),I,A,Annual,NR,Naoero,LECZPOPAF,Population in low elevation coastal zone in absolute frequency,10M,0-10 meters above sea level,2022,,8936,,N,units,,,,,,,This data was estimated based on population census of year 2021,
DATAFLOW,SPC:DF_POP_LECZ(1.0),Population living in low elevation coastal zones (0-10m and 0-20m above sea level),I,A,Annual,NR,Naoero,LECZPOPAF,Population in low elevation coastal zone in absolute frequency,10M,0-10 meters above sea level,2023,,8992,,N,units,,,,,,,This data was estimated based on population census of year 2021,
DATAFLOW,SPC:DF_POP_LECZ(1.0),Population living in low elevation coastal zones (0-10m and 0-20m above sea level),I,A,Annual,NR,Naoero,LECZPOPAF,Population in low elevation coastal zone in absolute frequency,10M,0-10 meters above sea level,2024,,9046,,N,units,,,,,,,This data was estimated based on population census of year 2021,
DATAFLOW,SPC:DF_POP_LECZ(1.0),Population living in low elevation coastal zones (0-10m and 0-20m above sea level),I,A,Annual,VU,Vanuatu,LECZPOPAF,Population in low elevation coastal zone in absolute frequency,5M,0-5 meters above sea level,2010,,8507,,N,units,,,E,Estimated value,,,This data was estimated based on population census of year 2020,
DATAFLOW,SPC:DF_POP_LECZ(1.0),Population living in low elevation coastal zones (0-10m and 0-20m above sea level),I,A,Annual,VU,Vanuatu,LECZPOPAF,Population in low elevation coastal zone in absolute frequency,5M,0-5 meters above sea level,2011,,8693,,N,units,,,E,Estimated value,,,This data was estimated based on population census of year 2020,
DATAFLOW,SPC:DF_POP_LECZ(1.0),Population living in low elevation coastal zones (0-10m and 0-20m above sea level),I,A,Annual,VU,Vanuatu,LECZPOPAF,Population in low elevation coastal zone in absolute frequency,5M,0-5 meters above sea level,2012,,8887,,N,units,,,E,Estimated value,,,This data was estimated based on population census of year 2020,
DATAFLOW,SPC:DF_POP_LECZ(1.0),Population living in low elevation coastal zones (0-10m and 0-20m above sea level),I,A,Annual,VU,Vanuatu,LECZPOPAF,Population in low elevation coastal zone in absolute frequency,5M,0-5 meters above sea level,2013,,9086,,N,units,,,E,Estimated value,,,This data was estimated based on population census of year 2020,
DATAFLOW,SPC:DF_POP_LECZ(1.0),Population living in low elevation coastal zones (0-10m and 0-20m above sea level),I,A,Annual,VU,Vanuatu,LECZPOPAF,Population in low elevation coastal zone in absolute frequency,5M,0-5 meters above sea level,2014,,9291,,N,units,,,E,Estimated value,,,This data was estimated based on population census of year 2020,
DATAFLOW,SPC:DF_POP_LECZ(1.0),Population living in low elevation coastal zones (0-10m and 0-20m above sea level),I,A,Annual,VU,Vanuatu,LECZPOPAF,Population in low elevation coastal zone in absolute frequency,5M,0-5 meters above sea level,2015,,9501,,N,units,,,E,Estimated value,,,This data was estimated based on population census of year 2020,
DATAFLOW,SPC:DF_POP_LECZ(1.0),Population living in low elevation coastal zones (0-10m and 0-20m above sea level),I,A,Annual,VU,Vanuatu,LECZPOPAF,Population in low elevation coastal zone in absolute frequency,5M,0-5 meters above sea level,2016,,9715,,N,units,,,E,Estimated value,,,This data was estimated based on population census of year 2020,
DATAFLOW,SPC:DF_POP_LECZ(1.0),Population living in low elevation coastal zones (0-10m and 0-20m above sea level),I,A,Annual,VU,Vanuatu,LECZPOPAF,Population in low elevation coastal zone in absolute frequency,5M,0-5 meters above sea level,2017,,9944,,N,units,,,E,Estimated value,,,This data was estimated based on population census of year 2020,
DATAFLOW,SPC:DF_POP_LECZ(1.0),Population living in low elevation coastal zones (0-10m and 0-20m above sea level),I,A,Annual,VU,Vanuatu,LECZPOPAF,Population in low elevation coastal zone in absolute frequency,5M,0-5 meters above sea level,2018,,10185,,N,units,,,E,Estimated value,,,This data was estimated based on population census of year 2020,
DATAFLOW,SPC:DF_POP_LECZ(1.0),Population living in low elevation coastal zones (0-10m and 0-20m above sea level),I,A,Annual,VU,Vanuatu,LECZPOPAF,Population in low elevation coastal zone in absolute frequency,5M,0-5 meters above sea level,2019,,10425,,N,units,,,E,Estimated value,,,This data was estimated based on population census of year 2020,
DATAFLOW,SPC:DF_POP_LECZ(1.0),Population living in low elevation coastal zones (0-10m and 0-20m above sea level),I,A,Annual,VU,Vanuatu,LECZPOPAF,Population in low elevation coastal zone in absolute frequency,5M,0-5 meters above sea level,2020,,10670,,N,units,,,E,Estimated value,,,This data was estimated based on population census of year 2020,
DATAFLOW,SPC:DF_POP_LECZ(1.0),Population living in low elevation coastal zones (0-10m and 0-20m above sea level),I,A,Annual,VU,Vanuatu,LECZPOPAF,Population in low elevation coastal zone in absolute frequency,5M,0-5 meters above sea level,2021,,10921,,N,units,,,E,Estimated value,,,This data was estimated based on population census of year 2020,
DATAFLOW,SPC:DF_POP_LECZ(1.0),Population living in low elevation coastal zones (0-10m and 0-20m above sea level),I,A,Annual,VU,Vanuatu,LECZPOPAF,Population in low elevation coastal zone in absolute frequency,5M,0-5 meters above sea level,2022,,11176,,N,units,,,,,,,This data was estimated based on population census of year 2020,
DATAFLOW,SPC:DF_POP_LECZ(1.0),Population living in low elevation coastal zones (0-10m and 0-20m above sea level),I,A,Annual,VU,Vanuatu,LECZPOPAF,Population in low elevation coastal zone in absolute frequency,5M,0-5 meters above sea level,2023,,11439,,N,units,,,,,,,This data was estimated based on population census of year 2020,
DATAFLOW,SPC:DF_POP_LECZ(1.0),Population living in low elevation coastal zones (0-10m and 0-20m above sea level),I,A,Annual,VU,Vanuatu,LECZPOPAF,Population in low elevation coastal zone in absolute frequency,5M,0-5 meters above sea level,2024,,11702,,N,units,,,,,,,This data was estimated based on population census of year 2020,
DATAFLOW,SPC:DF_POP_LECZ(1.0),Population living in low elevation coastal zones (0-10m and 0-20m above sea level),I,A,Annual,KI,Kiribati,LECZPOPRF,Population in low elevation coastal zone in relative frequency,10M,0-10 meters above sea level,2010,,77,,PERCENT,percent,,,E,Estimated value,,,This data was estimated based on population census of year 2023,
DATAFLOW,SPC:DF_POP_LECZ(1.0),Population living in low elevation coastal zones (0-10m and 0-20m above sea level),I,A,Annual,KI,Kiribati,LECZPOPRF,Population in low elevation coastal zone in relative frequency,10M,0-10 meters above sea level,2011,,77,,PERCENT,percent,,,E,Estimated value,,,This data was estimated based on population census of year 2023,
DATAFLOW,SPC:DF_POP_LECZ(1.0),Population living in low elevation coastal zones (0-10m and 0-20m above sea level),I,A,Annual,KI,Kiribati,LECZPOPRF,Population in low elevation coastal zone in relative frequency,10M,0-10 meters above sea level,2012,,77,,PERCENT,percent,,,E,Estimated value,,,This data was estimated based on population census of year 2023,
DATAFLOW,SPC:DF_POP_LECZ(1.0),Population living in low elevation coastal zones (0-10m and 0-20m above sea level),I,A,Annual,KI,Kiribati,LECZPOPRF,Population in low elevation coastal zone in relative frequency,10M,0-10 meters above sea level,2013,,77,,PERCENT,percent,,,E,Estimated value,,,This data was estimated based on population census of year 2023,
DATAFLOW,SPC:DF_POP_LECZ(1.0),Population living in low elevation coastal zones (0-10m and 0-20m above sea level),I,A,Annual,KI,Kiribati,LECZPOPRF,Population in low elevation coastal zone in relative frequency,10M,0-10 meters above sea level,2014,,77,,PERCENT,percent,,,E,Estimated value,,,This data was estimated based on population census of year 2023,
DATAFLOW,SPC:DF_POP_LECZ(1.0),Population living in low elevation coastal zones (0-10m and 0-20m above sea level),I,A,Annual,KI,Kiribati,LECZPOPRF,Population in low elevation coastal zone in relative frequency,10M,0-10 meters above sea level,2015,,77,,PERCENT,percent,,,E,Estimated value,,,This data was estimated based on population census of year 2023,
DATAFLOW,SPC:DF_POP_LECZ(1.0),Population living in low elevation coastal zones (0-10m and 0-20m above sea level),I,A,Annual,KI,Kiribati,LECZPOPRF,Population in low elevation coastal zone in relative frequency,10M,0-10 meters above sea level,2016,,77,,PERCENT,percent,,,E,Estimated value,,,This data was estimated based on population census of year 2023,
DATAFLOW,SPC:DF_POP_LECZ(1.0),Population living in low elevation coastal zones (0-10m and 0-20m above sea level),I,A,Annual,KI,Kiribati,LECZPOPRF,Population in low elevation coastal zone in relative frequency,10M,0-10 meters above sea level,2017,,77,,PERCENT,percent,,,E,Estimated value,,,This data was estimated based on population census of year 2023,
DATAFLOW,SPC:DF_POP_LECZ(1.0),Population living in low elevation coastal zones (0-10m and 0-20m above sea level),I,A,Annual,KI,Kiribati,LECZPOPRF,Population in low elevation coastal zone in relative frequency,10M,0-10 meters above sea level,2018,,77,,PERCENT,percent,,,E,Estimated value,,,This data was estimated based on population census of year 2023,
DATAFLOW,SPC:DF_POP_LECZ(1.0),Population living in low elevation coastal zones (0-10m and 0-20m above sea level),I,A,Annual,KI,Kiribati,LECZPOPRF,Population in low elevation coastal zone in relative frequency,10M,0-10 meters above sea level,2019,,77,,PERCENT,percent,,,E,Estimated value,,,This data was estimated based on population census of year 2023,
DATAFLOW,SPC:DF_POP_LECZ(1.0),Population living in low elevation coastal zones (0-10m and 0-20m above sea level),I,A,Annual,KI,Kiribati,LECZPOPRF,Population in low elevation coastal zone in relative frequency,10M,0-10 meters above sea level,2020,,77,,PERCENT,percent,,,E,Estimated value,,,This data was estimated based on population census of year 2023,
DATAFLOW,SPC:DF_POP_LECZ(1.0),Population living in low elevation coastal zones (0-10m and 0-20m above sea level),I,A,Annual,KI,Kiribati,LECZPOPRF,Population in low elevation coastal zone in relative frequency,10M,0-10 meters above sea level,2021,,77,,PERCENT,percent,,,E,Estimated value,,,This data was estimated based on population census of year 2023,
DATAFLOW,SPC:DF_POP_LECZ(1.0),Population living in low elevation coastal zones (0-10m and 0-20m above sea level),I,A,Annual,KI,Kiribati,LECZPOPRF,Population in low elevation coastal zone in relative frequency,10M,0-10 meters above sea level,2022,,74,,PERCENT,percent,,,,,,,This data was estimated based on population census of year 2023,
DATAFLOW,SPC:DF_POP_LECZ(1.0),Population living in low elevation coastal zones (0-10m and 0-20m above sea level),I,A,Annual,KI,Kiribati,LECZPOPRF,Population in low elevation coastal zone in relative frequency,10M,0-10 meters above sea level,2023,,74,,PERCENT,percent,,,,,,,This data was estimated based on population census of year 2023,
DATAFLOW,SPC:DF_POP_LECZ(1.0),Population living in low elevation coastal zones (0-10m and 0-20m above sea level),I,A,Annual,KI,Kiribati,LECZPOPRF,Population in low elevation coastal zone in relative frequency,10M,0-10 meters above sea level,2024,,74,,PERCENT,percent,,,,,,,This data was estimated based on population census of year 2023,
DATAFLOW,SPC:DF_POP_LECZ(1.0),Population living in low elevation coastal zones (0-10m and 0-20m above sea level),I,A,Annual,FJ,Fiji,LECZPOPRF,Population in low elevation coastal zone in relative frequency,20M,0-20 meters above sea level,2010,,49,,PERCENT,percent,,,E,Estimated value,,,This data was estimated based on population census of year 2017,
DATAFLOW,SPC:DF_POP_LECZ(1.0),Population living in low elevation coastal zones (0-10m and 0-20m above sea level),I,A,Annual,FJ,Fiji,LECZPOPRF,Population in low elevation coastal zone in relative frequency,20M,0-20 meters above sea level,2011,,49,,PERCENT,percent,,,E,Estimated value,,,This data was estimated based on population census of year 2017,
DATAFLOW,SPC:DF_POP_LECZ(1.0),Population living in low elevation coastal zones (0-10m and 0-20m above sea level),I,A,Annual,FJ,Fiji,LECZPOPRF,Population in low elevation coastal zone in relative frequency,20M,0-20 meters above sea level,2012,,49,,PERCENT,percent,,,E,Estimated value,,,This data was estimated based on population census of year 2017,
DATAFLOW,SPC:DF_POP_LECZ(1.0),Population living in low elevation coastal zones (0-10m and 0-20m above sea level),I,A,Annual,FJ,Fiji,LECZPOPRF,Population in low elevation coastal zone in relative frequency,20M,0-20 meters above sea level,2013,,49,,PERCENT,percent,,,E,Estimated value,,,This data was estimated based on population census of year 2017,
DATAFLOW,SPC:DF_POP_LECZ(1.0),Population living in low elevation coastal zones (0-10m and 0-20m above sea level),I,A,Annual,FJ,Fiji,LECZPOPRF,Population in low elevation coastal zone in relative frequency,20M,0-20 meters above sea level,2014,,49,,PERCENT,percent,,,E,Estimated value,,,This data was estimated based on population census of year 2017,
DATAFLOW,SPC:DF_POP_LECZ(1.0),Population living in low elevation coastal zones (0-10m and 0-20m above sea level),I,A,Annual,FJ,Fiji,LECZPOPRF,Population in low elevation coastal zone in relative frequency,20M,0-20 meters above sea level,2015,,49,,PERCENT,percent,,,E,Estimated value,,,This data was estimated based on population census of year 2017,
DATAFLOW,SPC:DF_POP_LECZ(1.0),Population living in low elevation coastal zones (0-10m and 0-20m above sea level),I,A,Annual,FJ,Fiji,LECZPOPRF,Population in low elevation coastal zone in relative frequency,20M,0-20 meters above sea level,2016,,49,,PERCENT,percent,,,E,Estimated value,,,This data was estimated based on population census of year 2017,
DATAFLOW,SPC:DF_POP_LECZ(1.0),Population living in low elevation coastal zones (0-10m and 0-20m above sea level),I,A,Annual,FJ,Fiji,LECZPOPRF,Population in low elevation coastal zone in relative frequency,20M,0-20 meters above sea level,2017,,49,,PERCENT,percent,,,E,Estimated value,,,This data was estimated based on population census of year 2017,
DATAFLOW,SPC:DF_POP_LECZ(1.0),Population living in low elevation coastal zones (0-10m and 0-20m above sea level),I,A,Annual,FJ,Fiji,LECZPOPRF,Population in low elevation coastal zone in relative frequency,20M,0-20 meters above sea level,2018,,49,,PERCENT,percent,,,E,Estimated value,,,This data was estimated based on population census of year 2017,
DATAFLOW,SPC:DF_POP_LECZ(1.0),Population living in low elevation coastal zones (0-10m and 0-20m above sea level),I,A,Annual,FJ,Fiji,LECZPOPRF,Population in low elevation coastal zone in relative frequency,20M,0-20 meters above sea level,2019,,49,,PERCENT,percent,,,E,Estimated value,,,This data was estimated based on population census of year 2017,
DATAFLOW,SPC:DF_POP_LECZ(1.0),Population living in low elevation coastal zones (0-10m and 0-20m above sea level),I,A,Annual,FJ,Fiji,LECZPOPRF,Population in low elevation coastal zone in relative frequency,20M,0-20 meters above sea level,2020,,49,,PERCENT,percent,,,E,Estimated value,,,This data was estimated based on population census of year 2017,
DATAFLOW,SPC:DF_POP_LECZ(1.0),Population living in low elevation coastal zones (0-10m and 0-20m above sea level),I,A,Annual,FJ,Fiji,LECZPOPRF,Population in low elevation coastal zone in relative frequency,20M,0-20 meters above sea level,2021,,49,,PERCENT,percent,,,E,Estimated value,,,This data was estimated based on population census of year 2017,
DATAFLOW,SPC:DF_POP_LECZ(1.0),Population living in low elevation coastal zones (0-10m and 0-20m above sea level),I,A,Annual,FJ,Fiji,LECZPOPRF,Population in low elevation coastal zone in relative frequency,20M,0-20 meters above sea level,2022,,49,,PERCENT,percent,,,,,,,This data was estimated based on population census of year 2017,
DATAFLOW,SPC:DF_POP_LECZ(1.0),Population living in low elevation coastal zones (0-10m and 0-20m above sea level),I,A,Annual,FJ,Fiji,LECZPOPRF,Population in low elevation coastal zone in relative frequency,20M,0-20 meters above sea level,2023,,49,,PERCENT,percent,,,,,,,This data was estimated based on population census of year 2017,
DATAFLOW,SPC:DF_POP_LECZ(1.0),Population living in low elevation coastal zones (0-10m and 0-20m above sea level),I,A,Annual,FJ,Fiji,LECZPOPRF,Population in low elevation coastal zone in relative frequency,20M,0-20 meters above sea level,2024,,49,,PERCENT,percent,,,,,,,This data was estimated based on population census of year 2017,
DATAFLOW,SPC:DF_POP_LECZ(1.0),Population living in low elevation coastal zones (0-10m and 0-20m above sea level),I,A,Annual,MH,Marshall Islands,LECZPOPAF,Population in low elevation coastal zone in absolute frequency,_T,Total,2010,,52090,,N,units,,,E,Estimated value,,,Estimated mid-year population for year 2010.,
DATAFLOW,SPC:DF_POP_LECZ(1.0),Population living in low elevation coastal zones (0-10m and 0-20m above sea level),I,A,Annual,MH,Marshall Islands,LECZPOPAF,Population in low elevation coastal zone in absolute frequency,_T,Total,2011,,51947,,N,units,,,E,Estimated value,,,Estimated mid-year population for year 2011.,
DATAFLOW,SPC:DF_POP_LECZ(1.0),Population living in low elevation coastal zones (0-10m and 0-20m above sea level),I,A,Annual,MH,Marshall Islands,LECZPOPAF,Population in low elevation coastal zone in absolute frequency,_T,Total,2012,,51459,,N,units,,,E,Estimated value,,,Estimated mid-year population for year 2012.,
DATAFLOW,SPC:DF_POP_LECZ(1.0),Population living in low elevation coastal zones (0-10m and 0-20m above sea level),I,A,Annual,MH,Marshall Islands,LECZPOPAF,Population in low elevation coastal zone in absolute frequency,_T,Total,2013,,50726,,N,units,,,E,Estimated value,,,Estimated mid-year population for year 2013.,
DATAFLOW,SPC:DF_POP_LECZ(1.0),Population living in low elevation coastal zones (0-10m and 0-20m above sea level),I,A,Annual,MH,Marshall Islands,LECZPOPAF,Population in low elevation coastal zone in absolute frequency,_T,Total,2014,,49834,,N,units,,,E,Estimated value,,,Estimated mid-year population for year 2014.,
DATAFLOW,SPC:DF_POP_LECZ(1.0),Population living in low elevation coastal zones (0-10m and 0-20m above sea level),I,A,Annual,MH,Marshall Islands,LECZPOPAF,Population in low elevation coastal zone in absolute frequency,_T,Total,2015,,48843,,N,units,,,E,Estimated value,,,Estimated mid-year population for year 2015.,
DATAFLOW,SPC:DF_POP_LECZ(1.0),Population living in low elevation coastal zones (0-10m and 0-20m above sea level),I,A,Annual,MH,Marshall Islands,LECZPOPAF,Population in low elevation coastal zone in absolute frequency,_T,Total,2016,,47753,,N,units,,,E,Estimated value,,,Estimated mid-year population for year 2016.,
DATAFLOW,SPC:DF_POP_LECZ(1.0),Population living in low elevation coastal zones (0-10m and 0-20m above sea level),I,A,Annual,MH,Marshall Islands,LECZPOPAF,Population in low elevation coastal zone in absolute frequency,_T,Total,2017,,46574,,N,units,,,E,Estimated value,,,Estimated mid-year population for year 2017.,
DATAFLOW,SPC:DF_POP_LECZ(1.0),Population living in low elevation coastal zones (0-10m and 0-20m above sea level),I,A,Annual,MH,Marshall Islands,LECZPOPAF,Population in low elevation coastal zone in absolute frequency,_T,Total,2018,,45325,,N,units,,,E,Estimated value,,,Estimated mid-year population for year 2018.,
DATAFLOW,SPC:DF_POP_LECZ(1.0),Population living in low elevation coastal zones (0-10m and 0-20m above sea level),I,A,Annual,MH,Marshall Islands,LECZPOPAF,Population in low elevation coastal zone in absolute frequency,_T,Total,2019,,44049,,N,units,,,E,Estimated value,,,Estimated mid-year population for year 2019.,
DATAFLOW,SPC:DF_POP_LECZ(1.0),Population living in low elevation coastal zones (0-10m and 0-20m above sea level),I,A,Annual,MH,Marshall Islands,LECZPOPAF,Population in low elevation coastal zone in absolute frequency,_T,Total,2020,,42745,,N,units,,,E,Estimated value,,,Estimated mid-year population for year 2020.,
DATAFLOW,SPC:DF_POP_LECZ(1.0),Population living in low elevation coastal zones (0-10m and 0-20m above sea level),I,A,Annual,MH,Marshall Islands,LECZPOPAF,Population in low elevation coastal zone in absolute frequency,_T,Total,2021,,41418,,N,units,,,E,Estimated value,,,Estimated mid-year population for year 2021.,
DATAFLOW,SPC:DF_POP_LECZ(1.0),Population living in low elevation coastal zones (0-10m and 0-20m above sea level),I,A,Annual,WF,Wallis and Futuna,LECZPOPAF,Population in low elevation coastal zone in absolute frequency,_T,Total,2010,,13212,,N,units,,,E,Estimated value,,,Estimated mid-year population for year 2010.,
DATAFLOW,SPC:DF_POP_LECZ(1.0),Population living in low elevation coastal zones (0-10m and 0-20m above sea level),I,A,Annual,WF,Wallis and Futuna,LECZPOPAF,Population in low elevation coastal zone in absolute frequency,_T,Total,2011,,12970,,N,units,,,E,Estimated value,,,Estimated mid-year population for year 2011.,
DATAFLOW,SPC:DF_POP_LECZ(1.0),Population living in low elevation coastal zones (0-10m and 0-20m above sea level),I,A,Annual,WF,Wallis and Futuna,LECZPOPAF,Population in low elevation coastal zone in absolute frequency,_T,Total,2012,,12730,,N,units,,,E,Estimated value,,,Estimated mid-year population for year 2012.,
DATAFLOW,SPC:DF_POP_LECZ(1.0),Population living in low elevation coastal zones (0-10m and 0-20m above sea level),I,A,Annual,WF,Wallis and Futuna,LECZPOPAF,Population in low elevation coastal zone in absolute frequency,_T,Total,2013,,12525,,N,units,,,E,Estimated value,,,Estimated mid-year population for year 2013.,
DATAFLOW,SPC:DF_POP_LECZ(1.0),Population living in low elevation coastal zones (0-10m and 0-20m above sea level),I,A,Annual,WF,Wallis and Futuna,LECZPOPAF,Population in low elevation coastal zone in absolute frequency,_T,Total,2014,,12351,,N,units,,,E,Estimated value,,,Estimated mid-year population for year 2014.,
DATAFLOW,SPC:DF_POP_LECZ(1.0),Population living in low elevation coastal zones (0-10m and 0-20m above sea level),I,A,Annual,WF,Wallis and Futuna,LECZPOPAF,Population in low elevation coastal zone in absolute frequency,_T,Total,2015,,12208,,N,units,,,E,Estimated value,,,Estimated mid-year population for year 2015.,
DATAFLOW,SPC:DF_POP_LECZ(1.0),Population living in low elevation coastal zones (0-10m and 0-20m above sea level),I,A,Annual,WF,Wallis and Futuna,LECZPOPAF,Population in low elevation coastal zone in absolute frequency,_T,Total,2016,,12084,,N,units,,,E,Estimated value,,,Estimated mid-year population for year 2016.,
DATAFLOW,SPC:DF_POP_LECZ(1.0),Population living in low elevation coastal zones (0-10m and 0-20m above sea level),I,A,Annual,WF,Wallis and Futuna,LECZPOPAF,Population in low elevation coastal zone in absolute frequency,_T,Total,2017,,11970,,N,units,,,E,Estimated value,,,Estimated mid-year population for year 2017.,
DATAFLOW,SPC:DF_POP_LECZ(1.0),Population living in low elevation coastal zones (0-10m and 0-20m above sea level),I,A,Annual,WF,Wallis and Futuna,LECZPOPAF,Population in low elevation coastal zone in absolute frequency,_T,Total,2018,,11849,,N,units,,,E,Estimated value,,,Estimated mid-year population for year 2018.,
DATAFLOW,SPC:DF_POP_LECZ(1.0),Population living in low elevation coastal zones (0-10m and 0-20m above sea level),I,A,Annual,WF,Wallis and Futuna,LECZPOPAF,Population in low elevation coastal zone in absolute frequency,_T,Total,2019,,11733,,N,units,,,E,Estimated value,,,Estimated mid-year population for year 2019.,
DATAFLOW,SPC:DF_POP_LECZ(1.0),Population living in low elevation coastal zones (0-10m and 0-20m above sea level),I,A,Annual,WF,Wallis and Futuna,LECZPOPAF,Population in low elevation coastal zone in absolute frequency,_T,Total,2020,,11664,,N,units,,,E,Estimated value,,,Estimated mid-year population for year 2020.,
DATAFLOW,SPC:DF_POP_LECZ(1.0),Population living in low elevation coastal zones (0-10m and 0-20m above sea level),I,A,Annual,WF,Wallis and Futuna,LECZPOPAF,Population in low elevation coastal zone in absolute frequency,_T,Total,2021,,11624,,N,units,,,E,Estimated value,,,Estimated mid-year population for year 2021.,
DATAFLOW,SPC:DF_POP_LECZ(1.0),Population living in low elevation coastal zones (0-10m and 0-20m above sea level),I,A,Annual,VU,Vanuatu,LECZPOPAF,Population in low elevation coastal zone in absolute frequency,20M,0-20 meters above sea level,2010,,74677,,N,units,,,E,Estimated value,,,This data was estimated based on population census of year 2020,
DATAFLOW,SPC:DF_POP_LECZ(1.0),Population living in low elevation coastal zones (0-10m and 0-20m above sea level),I,A,Annual,VU,Vanuatu,LECZPOPAF,Population in low elevation coastal zone in absolute frequency,20M,0-20 meters above sea level,2011,,76314,,N,units,,,E,Estimated value,,,This data was estimated based on population census of year 2020,
DATAFLOW,SPC:DF_POP_LECZ(1.0),Population living in low elevation coastal zones (0-10m and 0-20m above sea level),I,A,Annual,VU,Vanuatu,LECZPOPAF,Population in low elevation coastal zone in absolute frequency,20M,0-20 meters above sea level,2012,,78012,,N,units,,,E,Estimated value,,,This data was estimated based on population census of year 2020,
DATAFLOW,SPC:DF_POP_LECZ(1.0),Population living in low elevation coastal zones (0-10m and 0-20m above sea level),I,A,Annual,VU,Vanuatu,LECZPOPAF,Population in low elevation coastal zone in absolute frequency,20M,0-20 meters above sea level,2013,,79762,,N,units,,,E,Estimated value,,,This data was estimated based on population census of year 2020,
DATAFLOW,SPC:DF_POP_LECZ(1.0),Population living in low elevation coastal zones (0-10m and 0-20m above sea level),I,A,Annual,VU,Vanuatu,LECZPOPAF,Population in low elevation coastal zone in absolute frequency,20M,0-20 meters above sea level,2014,,81566,,N,units,,,E,Estimated value,,,This data was estimated based on population census of year 2020,
DATAFLOW,SPC:DF_POP_LECZ(1.0),Population living in low elevation coastal zones (0-10m and 0-20m above sea level),I,A,Annual,VU,Vanuatu,LECZPOPAF,Population in low elevation coastal zone in absolute frequency,20M,0-20 meters above sea level,2015,,83404,,N,units,,,E,Estimated value,,,This data was estimated based on population census of year 2020,
DATAFLOW,SPC:DF_POP_LECZ(1.0),Population living in low elevation coastal zones (0-10m and 0-20m above sea level),I,A,Annual,VU,Vanuatu,LECZPOPAF,Population in low elevation coastal zone in absolute frequency,20M,0-20 meters above sea level,2016,,85281,,N,units,,,E,Estimated value,,,This data was estimated based on population census of year 2020,
DATAFLOW,SPC:DF_POP_LECZ(1.0),Population living in low elevation coastal zones (0-10m and 0-20m above sea level),I,A,Annual,VU,Vanuatu,LECZPOPAF,Population in low elevation coastal zone in absolute frequency,20M,0-20 meters above sea level,2017,,87294,,N,units,,,E,Estimated value,,,This data was estimated based on population census of year 2020,
DATAFLOW,SPC:DF_POP_LECZ(1.0),Population living in low elevation coastal zones (0-10m and 0-20m above sea level),I,A,Annual,VU,Vanuatu,LECZPOPAF,Population in low elevation coastal zone in absolute frequency,20M,0-20 meters above sea level,2018,,89412,,N,units,,,E,Estimated value,,,This data was estimated based on population census of year 2020,
DATAFLOW,SPC:DF_POP_LECZ(1.0),Population living in low elevation coastal zones (0-10m and 0-20m above sea level),I,A,Annual,VU,Vanuatu,LECZPOPAF,Population in low elevation coastal zone in absolute frequency,20M,0-20 meters above sea level,2019,,91515,,N,units,,,E,Estimated value,,,This data was estimated based on population census of year 2020,
DATAFLOW,SPC:DF_POP_LECZ(1.0),Population living in low elevation coastal zones (0-10m and 0-20m above sea level),I,A,Annual,VU,Vanuatu,LECZPOPAF,Population in low elevation coastal zone in absolute frequency,20M,0-20 meters above sea level,2020,,93669,,N,units,,,E,Estimated value,,,This data was estimated based on population census of year 2020,
DATAFLOW,SPC:DF_POP_LECZ(1.0),Population living in low elevation coastal zones (0-10m and 0-20m above sea level),I,A,Annual,VU,Vanuatu,LECZPOPAF,Population in low elevation coastal zone in absolute frequency,20M,0-20 meters above sea level,2021,,95868,,N,units,,,E,Estimated value,,,This data was estimated based on population census of year 2020,
DATAFLOW,SPC:DF_POP_LECZ(1.0),Population living in low elevation coastal zones (0-10m and 0-20m above sea level),I,A,Annual,VU,Vanuatu,LECZPOPAF,Population in low elevation coastal zone in absolute frequency,20M,0-20 meters above sea level,2022,,98109,,N,units,,,,,,,This data was estimated based on population census of year 2020,
DATAFLOW,SPC:DF_POP_LECZ(1.0),Population living in low elevation coastal zones (0-10m and 0-20m above sea level),I,A,Annual,VU,Vanuatu,LECZPOPAF,Population in low elevation coastal zone in absolute frequency,20M,0-20 meters above sea level,2023,,100416,,N,units,,,,,,,This data was estimated based on population census of year 2020,
DATAFLOW,SPC:DF_POP_LECZ(1.0),Population living in low elevation coastal zones (0-10m and 0-20m above sea level),I,A,Annual,VU,Vanuatu,LECZPOPAF,Population in low elevation coastal zone in absolute frequency,20M,0-20 meters above sea level,2024,,102725,,N,units,,,,,,,This data was estimated based on population census of year 2020,
DATAFLOW,SPC:DF_POP_LECZ(1.0),Population living in low elevation coastal zones (0-10m and 0-20m above sea level),I,A,Annual,FJ,Fiji,LECZPOPAF,Population in low elevation coastal zone in absolute frequency,_T,Total,2010,,910430,,N,units,,,E,Estimated value,,,Estimated mid-year population for year 2010.,
DATAFLOW,SPC:DF_POP_LECZ(1.0),Population living in low elevation coastal zones (0-10m and 0-20m above sea level),I,A,Annual,FJ,Fiji,LECZPOPAF,Population in low elevation coastal zone in absolute frequency,_T,Total,2011,,913011,,N,units,,,E,Estimated value,,,Estimated mid-year population for year 2011.,
DATAFLOW,SPC:DF_POP_LECZ(1.0),Population living in low elevation coastal zones (0-10m and 0-20m above sea level),I,A,Annual,FJ,Fiji,LECZPOPAF,Population in low elevation coastal zone in absolute frequency,_T,Total,2012,,914934,,N,units,,,E,Estimated value,,,Estimated mid-year population for year 2012.,
DATAFLOW,SPC:DF_POP_LECZ(1.0),Population living in low elevation coastal zones (0-10m and 0-20m above sea level),I,A,Annual,FJ,Fiji,LECZPOPAF,Population in low elevation coastal zone in absolute frequency,_T,Total,2013,,916364,,N,units,,,E,Estimated value,,,Estimated mid-year population for year 2013.,
DATAFLOW,SPC:DF_POP_LECZ(1.0),Population living in low elevation coastal zones (0-10m and 0-20m above sea level),I,A,Annual,FJ,Fiji,LECZPOPAF,Population in low elevation coastal zone in absolute frequency,_T,Total,2014,,917601,,N,units,,,E,Estimated value,,,Estimated mid-year population for year 2014.,
DATAFLOW,SPC:DF_POP_LECZ(1.0),Population living in low elevation coastal zones (0-10m and 0-20m above sea level),I,A,Annual,FJ,Fiji,LECZPOPAF,Population in low elevation coastal zone in absolute frequency,_T,Total,2015,,918594,,N,units,,,E,Estimated value,,,Estimated mid-year population for year 2015.,
DATAFLOW,SPC:DF_POP_LECZ(1.0),Population living in low elevation coastal zones (0-10m and 0-20m above sea level),I,A,Annual,FJ,Fiji,LECZPOPAF,Population in low elevation coastal zone in absolute frequency,_T,Total,2016,,919176,,N,units,,,E,Estimated value,,,Estimated mid-year population for year 2016.,
DATAFLOW,SPC:DF_POP_LECZ(1.0),Population living in low elevation coastal zones (0-10m and 0-20m above sea level),I,A,Annual,FJ,Fiji,LECZPOPAF,Population in low elevation coastal zone in absolute frequency,_T,Total,2017,,918778,,N,units,,,E,Estimated value,,,Estimated mid-year population for year 2017.,
DATAFLOW,SPC:DF_POP_LECZ(1.0),Population living in low elevation coastal zones (0-10m and 0-20m above sea level),I,A,Annual,FJ,Fiji,LECZPOPAF,Population in low elevation coastal zone in absolute frequency,_T,Total,2018,,917190,,N,units,,,E,Estimated value,,,Estimated mid-year population for year 2018.,
DATAFLOW,SPC:DF_POP_LECZ(1.0),Population living in low elevation coastal zones (0-10m and 0-20m above sea level),I,A,Annual,FJ,Fiji,LECZPOPAF,Population in low elevation coastal zone in absolute frequency,_T,Total,2019,,914903,,N,units,,,E,Estimated value,,,Estimated mid-year population for year 2019.,
DATAFLOW,SPC:DF_POP_LECZ(1.0),Population living in low elevation coastal zones (0-10m and 0-20m above sea level),I,A,Annual,FJ,Fiji,LECZPOPAF,Population in low elevation coastal zone in absolute frequency,_T,Total,2020,,914977,,N,units,,,E,Estimated value,,,Estimated mid-year population for year 2020.,
DATAFLOW,SPC:DF_POP_LECZ(1.0),Population living in low elevation coastal zones (0-10m and 0-20m above sea level),I,A,Annual,FJ,Fiji,LECZPOPAF,Population in low elevation coastal zone in absolute frequency,_T,Total,2021,,916724,,N,units,,,E,Estimated value,,,Estimated mid-year population for year 2021.,
DATAFLOW,SPC:DF_POP_LECZ(1.0),Population living in low elevation coastal zones (0-10m and 0-20m above sea level),I,A,Annual,WF,Wallis and Futuna,LECZPOPRF,Population in low elevation coastal zone in relative frequency,20M,0-20 meters above sea level,2010,,63,,PERCENT,percent,,,E,Estimated value,,,This data was estimated based on population census of year 2023,
DATAFLOW,SPC:DF_POP_LECZ(1.0),Population living in low elevation coastal zones (0-10m and 0-20m above sea level),I,A,Annual,WF,Wallis and Futuna,LECZPOPRF,Population in low elevation coastal zone in relative frequency,20M,0-20 meters above sea level,2011,,63,,PERCENT,percent,,,E,Estimated value,,,This data was estimated based on population census of year 2023,
DATAFLOW,SPC:DF_POP_LECZ(1.0),Population living in low elevation coastal zones (0-10m and 0-20m above sea level),I,A,Annual,WF,Wallis and Futuna,LECZPOPRF,Population in low elevation coastal zone in relative frequency,20M,0-20 meters above sea level,2012,,63,,PERCENT,percent,,,E,Estimated value,,,This data was estimated based on population census of year 2023,
DATAFLOW,SPC:DF_POP_LECZ(1.0),Population living in low elevation coastal zones (0-10m and 0-20m above sea level),I,A,Annual,WF,Wallis and Futuna,LECZPOPRF,Population in low elevation coastal zone in relative frequency,20M,0-20 meters above sea level,2013,,63,,PERCENT,percent,,,E,Estimated value,,,This data was estimated based on population census of year 2023,
DATAFLOW,SPC:DF_POP_LECZ(1.0),Population living in low elevation coastal zones (0-10m and 0-20m above sea level),I,A,Annual,WF,Wallis and Futuna,LECZPOPRF,Population in low elevation coastal zone in relative frequency,20M,0-20 meters above sea level,2014,,63,,PERCENT,percent,,,E,Estimated value,,,This data was estimated based on population census of year 2023,
DATAFLOW,SPC:DF_POP_LECZ(1.0),Population living in low elevation coastal zones (0-10m and 0-20m above sea level),I,A,Annual,WF,Wallis and Futuna,LECZPOPRF,Population in low elevation coastal zone in relative frequency,20M,0-20 meters above sea level,2015,,63,,PERCENT,percent,,,E,Estimated value,,,This data was estimated based on population census of year 2023,
DATAFLOW,SPC:DF_POP_LECZ(1.0),Population living in low elevation coastal zones (0-10m and 0-20m above sea level),I,A,Annual,WF,Wallis and Futuna,LECZPOPRF,Population in low elevation coastal zone in relative frequency,20M,0-20 meters above sea level,2016,,63,,PERCENT,percent,,,E,Estimated value,,,This data was estimated based on population census of year 2023,
DATAFLOW,SPC:DF_POP_LECZ(1.0),Population living in low elevation coastal zones (0-10m and 0-20m above sea level),I,A,Annual,WF,Wallis and Futuna,LECZPOPRF,Population in low elevation coastal zone in relative frequency,20M,0-20 meters above sea level,2017,,63,,PERCENT,percent,,,E,Estimated value,,,This data was estimated based on population census of year 2023,
DATAFLOW,SPC:DF_POP_LECZ(1.0),Population living in low elevation coastal zones (0-10m and 0-20m above sea level),I,A,Annual,WF,Wallis and Futuna,LECZPOPRF,Population in low elevation coastal zone in relative frequency,20M,0-20 meters above sea level,2018,,63,,PERCENT,percent,,,E,Estimated value,,,This data was estimated based on population census of year 2023,
DATAFLOW,SPC:DF_POP_LECZ(1.0),Population living in low elevation coastal zones (0-10m and 0-20m above sea level),I,A,Annual,WF,Wallis and Futuna,LECZPOPRF,Population in low elevation coastal zone in relative frequency,20M,0-20 meters above sea level,2019,,63,,PERCENT,percent,,,E,Estimated value,,,This data was estimated based on population census of year 2023,
DATAFLOW,SPC:DF_POP_LECZ(1.0),Population living in low elevation coastal zones (0-10m and 0-20m above sea level),I,A,Annual,WF,Wallis and Futuna,LECZPOPRF,Population in low elevation coastal zone in relative frequency,20M,0-20 meters above sea level,2020,,63,,PERCENT,percent,,,E,Estimated value,,,This data was estimated based on population census of year 2023,
DATAFLOW,SPC:DF_POP_LECZ(1.0),Population living in low elevation coastal zones (0-10m and 0-20m above sea level),I,A,Annual,WF,Wallis and Futuna,LECZPOPRF,Population in low elevation coastal zone in relative frequency,20M,0-20 meters above sea level,2021,,63,,PERCENT,percent,,,E,Estimated value,,,This data was estimated based on population census of year 2023,
DATAFLOW,SPC:DF_POP_LECZ(1.0),Population living in low elevation coastal zones (0-10m and 0-20m above sea level),I,A,Annual,WF,Wallis and Futuna,LECZPOPRF,Population in low elevation coastal zone in relative frequency,20M,0-20 meters above sea level,2022,,63,,PERCENT,percent,,,,,,,This data was estimated based on population census of year 2023,
DATAFLOW,SPC:DF_POP_LECZ(1.0),Population living in low elevation coastal zones (0-10m and 0-20m above sea level),I,A,Annual,WF,Wallis and Futuna,LECZPOPRF,Population in low elevation coastal zone in relative frequency,20M,0-20 meters above sea level,2023,,63,,PERCENT,percent,,,,,,,This data was estimated based on population census of year 2023,
DATAFLOW,SPC:DF_POP_LECZ(1.0),Population living in low elevation coastal zones (0-10m and 0-20m above sea level),I,A,Annual,WF,Wallis and Futuna,LECZPOPRF,Population in low elevation coastal zone in relative frequency,20M,0-20 meters above sea level,2024,,63,,PERCENT,percent,,,,,,,This data was estimated based on population census of year 2023,
DATAFLOW,SPC:DF_POP_LECZ(1.0),Population living in low elevation coastal zones (0-10m and 0-20m above sea level),I,A,Annual,CK,Cook Islands,LECZPOPAF,Population in low elevation coastal zone in absolute frequency,5M,0-5 meters above sea level,2010,,1129,,N,units,,,,,,,This data was estimated based on population census of year 2021,
DATAFLOW,SPC:DF_POP_LECZ(1.0),Population living in low elevation coastal zones (0-10m and 0-20m above sea level),I,A,Annual,CK,Cook Islands,LECZPOPAF,Population in low elevation coastal zone in absolute frequency,5M,0-5 meters above sea level,2011,,1161,,N,units,,,,,,,This data was estimated based on population census of year 2021,
DATAFLOW,SPC:DF_POP_LECZ(1.0),Population living in low elevation coastal zones (0-10m and 0-20m above sea level),I,A,Annual,CK,Cook Islands,LECZPOPAF,Population in low elevation coastal zone in absolute frequency,5M,0-5 meters above sea level,2012,,1174,,N,units,,,,,,,This data was estimated based on population census of year 2021,
DATAFLOW,SPC:DF_POP_LECZ(1.0),Population living in low elevation coastal zones (0-10m and 0-20m above sea level),I,A,Annual,CK,Cook Islands,LECZPOPAF,Population in low elevation coastal zone in absolute frequency,5M,0-5 meters above sea level,2013,,1171,,N,units,,,,,,,This data was estimated based on population census of year 2021,
DATAFLOW,SPC:DF_POP_LECZ(1.0),Population living in low elevation coastal zones (0-10m and 0-20m above sea level),I,A,Annual,CK,Cook Islands,LECZPOPAF,Population in low elevation coastal zone in absolute frequency,5M,0-5 meters above sea level,2014,,1166,,N,units,,,,,,,This data was estimated based on population census of year 2021,
DATAFLOW,SPC:DF_POP_LECZ(1.0),Population living in low elevation coastal zones (0-10m and 0-20m above sea level),I,A,Annual,CK,Cook Islands,LECZPOPAF,Population in low elevation coastal zone in absolute frequency,5M,0-5 meters above sea level,2015,,1160,,N,units,,,,,,,This data was estimated based on population census of year 2021,
DATAFLOW,SPC:DF_POP_LECZ(1.0),Population living in low elevation coastal zones (0-10m and 0-20m above sea level),I,A,Annual,CK,Cook Islands,LECZPOPAF,Population in low elevation coastal zone in absolute frequency,5M,0-5 meters above sea level,2016,,1153,,N,units,,,,,,,This data was estimated based on population census of year 2021,
DATAFLOW,SPC:DF_POP_LECZ(1.0),Population living in low elevation coastal zones (0-10m and 0-20m above sea level),I,A,Annual,CK,Cook Islands,LECZPOPAF,Population in low elevation coastal zone in absolute frequency,5M,0-5 meters above sea level,2017,,1134,,N,units,,,,,,,This data was estimated based on population census of year 2021,
DATAFLOW,SPC:DF_POP_LECZ(1.0),Population living in low elevation coastal zones (0-10m and 0-20m above sea level),I,A,Annual,CK,Cook Islands,LECZPOPAF,Population in low elevation coastal zone in absolute frequency,5M,0-5 meters above sea level,2018,,1104,,N,units,,,,,,,This data was estimated based on population census of year 2021,
DATAFLOW,SPC:DF_POP_LECZ(1.0),Population living in low elevation coastal zones (0-10m and 0-20m above sea level),I,A,Annual,CK,Cook Islands,LECZPOPAF,Population in low elevation coastal zone in absolute frequency,5M,0-5 meters above sea level,2019,,1073,,N,units,,,,,,,This data was estimated based on population census of year 2021,
DATAFLOW,SPC:DF_POP_LECZ(1.0),Population living in low elevation coastal zones (0-10m and 0-20m above sea level),I,A,Annual,CK,Cook Islands,LECZPOPAF,Population in low elevation coastal zone in absolute frequency,5M,0-5 meters above sea level,2020,,1040,,N,units,,,,,,,This data was estimated based on population census of year 2021,
DATAFLOW,SPC:DF_POP_LECZ(1.0),Population living in low elevation coastal zones (0-10m and 0-20m above sea level),I,A,Annual,CK,Cook Islands,LECZPOPAF,Population in low elevation coastal zone in absolute frequency,5M,0-5 meters above sea level,2021,,1010,,N,units,,,,,,,This data was estimated based on population census of year 2021,
DATAFLOW,SPC:DF_POP_LECZ(1.0),Population living in low elevation coastal zones (0-10m and 0-20m above sea level),I,A,Annual,CK,Cook Islands,LECZPOPAF,Population in low elevation coastal zone in absolute frequency,5M,0-5 meters above sea level,2022,,979,,N,units,,,,,,,This data was estimated based on population census of year 2021,
DATAFLOW,SPC:DF_POP_LECZ(1.0),Population living in low elevation coastal zones (0-10m and 0-20m above sea level),I,A,Annual,CK,Cook Islands,LECZPOPAF,Population in low elevation coastal zone in absolute frequency,5M,0-5 meters above sea level,2023,,946,,N,units,,,,,,,This data was estimated based on population census of year 2021,
DATAFLOW,SPC:DF_POP_LECZ(1.0),Population living in low elevation coastal zones (0-10m and 0-20m above sea level),I,A,Annual,CK,Cook Islands,LECZPOPAF,Population in low elevation coastal zone in absolute frequency,5M,0-5 meters above sea level,2024,,913,,N,units,,,,,,,This data was estimated based on population census of year 2021,
DATAFLOW,SPC:DF_POP_LECZ(1.0),Population living in low elevation coastal zones (0-10m and 0-20m above sea level),I,A,Annual,SB,Solomon Islands,LECZPOPRF,Population in low elevation coastal zone in relative frequency,20M,0-20 meters above sea level,2010,,55,,PERCENT,percent,,,E,Estimated value,,,This data was estimated based on population census of year 2023,
DATAFLOW,SPC:DF_POP_LECZ(1.0),Population living in low elevation coastal zones (0-10m and 0-20m above sea level),I,A,Annual,SB,Solomon Islands,LECZPOPRF,Population in low elevation coastal zone in relative frequency,20M,0-20 meters above sea level,2011,,55,,PERCENT,percent,,,E,Estimated value,,,This data was estimated based on population census of year 2023,
DATAFLOW,SPC:DF_POP_LECZ(1.0),Population living in low elevation coastal zones (0-10m and 0-20m above sea level),I,A,Annual,SB,Solomon Islands,LECZPOPRF,Population in low elevation coastal zone in relative frequency,20M,0-20 meters above sea level,2012,,55,,PERCENT,percent,,,E,Estimated value,,,This data was estimated based on population census of year 2023,
DATAFLOW,SPC:DF_POP_LECZ(1.0),Population living in low elevation coastal zones (0-10m and 0-20m above sea level),I,A,Annual,SB,Solomon Islands,LECZPOPRF,Population in low elevation coastal zone in relative frequency,20M,0-20 meters above sea level,2013,,55,,PERCENT,percent,,,E,Estimated value,,,This data was estimated based on population census of year 2023,
DATAFLOW,SPC:DF_POP_LECZ(1.0),Population living in low elevation coastal zones (0-10m and 0-20m above sea level),I,A,Annual,SB,Solomon Islands,LECZPOPRF,Population in low elevation coastal zone in relative frequency,20M,0-20 meters above sea level,2014,,55,,PERCENT,percent,,,E,Estimated value,,,This data was estimated based on population census of year 2023,
DATAFLOW,SPC:DF_POP_LECZ(1.0),Population living in low elevation coastal zones (0-10m and 0-20m above sea level),I,A,Annual,SB,Solomon Islands,LECZPOPRF,Population in low elevation coastal zone in relative frequency,20M,0-20 meters above sea level,2015,,55,,PERCENT,percent,,,E,Estimated value,,,This data was estimated based on population census of year 2023,
DATAFLOW,SPC:DF_POP_LECZ(1.0),Population living in low elevation coastal zones (0-10m and 0-20m above sea level),I,A,Annual,SB,Solomon Islands,LECZPOPRF,Population in low elevation coastal zone in relative frequency,20M,0-20 meters above sea level,2016,,55,,PERCENT,percent,,,E,Estimated value,,,This data was estimated based on population census of year 2023,
DATAFLOW,SPC:DF_POP_LECZ(1.0),Population living in low elevation coastal zones (0-10m and 0-20m above sea level),I,A,Annual,SB,Solomon Islands,LECZPOPRF,Population in low elevation coastal zone in relative frequency,20M,0-20 meters above sea level,2017,,55,,PERCENT,percent,,,E,Estimated value,,,This data was estimated based on population census of year 2023,
DATAFLOW,SPC:DF_POP_LECZ(1.0),Population living in low elevation coastal zones (0-10m and 0-20m above sea level),I,A,Annual,SB,Solomon Islands,LECZPOPRF,Population in low elevation coastal zone in relative frequency,20M,0-20 meters above sea level,2018,,55,,PERCENT,percent,,,E,Estimated value,,,This data was estimated based on population census of year 2023,
DATAFLOW,SPC:DF_POP_LECZ(1.0),Population living in low elevation coastal zones (0-10m and 0-20m above sea level),I,A,Annual,SB,Solomon Islands,LECZPOPRF,Population in low elevation coastal zone in relative frequency,20M,0-20 meters above sea level,2019,,55,,PERCENT,percent,,,E,Estimated value,,,This data was estimated based on population census of year 2023,
DATAFLOW,SPC:DF_POP_LECZ(1.0),Population living in low elevation coastal zones (0-10m and 0-20m above sea level),I,A,Annual,SB,Solomon Islands,LECZPOPRF,Population in low elevation coastal zone in relative frequency,20M,0-20 meters above sea level,2020,,55,,PERCENT,percent,,,E,Estimated value,,,This data was estimated based on population census of year 2023,
DATAFLOW,SPC:DF_POP_LECZ(1.0),Population living in low elevation coastal zones (0-10m and 0-20m above sea level),I,A,Annual,SB,Solomon Islands,LECZPOPRF,Population in low elevation coastal zone in relative frequency,20M,0-20 meters above sea level,2021,,55,,PERCENT,percent,,,E,Estimated value,,,This data was estimated based on population census of year 2023,
DATAFLOW,SPC:DF_POP_LECZ(1.0),Population living in low elevation coastal zones (0-10m and 0-20m above sea level),I,A,Annual,SB,Solomon Islands,LECZPOPRF,Population in low elevation coastal zone in relative frequency,20M,0-20 meters above sea level,2022,,54,,PERCENT,percent,,,,,,,This data was estimated based on population census of year 2023,
DATAFLOW,SPC:DF_POP_LECZ(1.0),Population living in low elevation coastal zones (0-10m and 0-20m above sea level),I,A,Annual,SB,Solomon Islands,LECZPOPRF,Population in low elevation coastal zone in relative frequency,20M,0-20 meters above sea level,2023,,54,,PERCENT,percent,,,,,,,This data was estimated based on population census of year 2023,
DATAFLOW,SPC:DF_POP_LECZ(1.0),Population living in low elevation coastal zones (0-10m and 0-20m above sea level),I,A,Annual,SB,Solomon Islands,LECZPOPRF,Population in low elevation coastal zone in relative frequency,20M,0-20 meters above sea level,2024,,54,,PERCENT,percent,,,,,,,This data was estimated based on population census of year 2023,
DATAFLOW,SPC:DF_POP_LECZ(1.0),Population living in low elevation coastal zones (0-10m and 0-20m above sea level),I,A,Annual,CK,Cook Islands,LECZPOPRF,Population in low elevation coastal zone in relative frequency,5M,0-5 meters above sea level,2010,,7,,PERCENT,percent,,,,,,,This data was estimated based on population census of year 2021,
DATAFLOW,SPC:DF_POP_LECZ(1.0),Population living in low elevation coastal zones (0-10m and 0-20m above sea level),I,A,Annual,CK,Cook Islands,LECZPOPRF,Population in low elevation coastal zone in relative frequency,5M,0-5 meters above sea level,2011,,7,,PERCENT,percent,,,,,,,This data was estimated based on population census of year 2021,
DATAFLOW,SPC:DF_POP_LECZ(1.0),Population living in low elevation coastal zones (0-10m and 0-20m above sea level),I,A,Annual,CK,Cook Islands,LECZPOPRF,Population in low elevation coastal zone in relative frequency,5M,0-5 meters above sea level,2012,,7,,PERCENT,percent,,,,,,,This data was estimated based on population census of year 2021,
DATAFLOW,SPC:DF_POP_LECZ(1.0),Population living in low elevation coastal zones (0-10m and 0-20m above sea level),I,A,Annual,CK,Cook Islands,LECZPOPRF,Population in low elevation coastal zone in relative frequency,5M,0-5 meters above sea level,2013,,7,,PERCENT,percent,,,,,,,This data was estimated based on population census of year 2021,
DATAFLOW,SPC:DF_POP_LECZ(1.0),Population living in low elevation coastal zones (0-10m and 0-20m above sea level),I,A,Annual,CK,Cook Islands,LECZPOPRF,Population in low elevation coastal zone in relative frequency,5M,0-5 meters above sea level,2014,,7,,PERCENT,percent,,,,,,,This data was estimated based on population census of year 2021,
DATAFLOW,SPC:DF_POP_LECZ(1.0),Population living in low elevation coastal zones (0-10m and 0-20m above sea level),I,A,Annual,CK,Cook Islands,LECZPOPRF,Population in low elevation coastal zone in relative frequency,5M,0-5 meters above sea level,2015,,7,,PERCENT,percent,,,,,,,This data was estimated based on population census of year 2021,
DATAFLOW,SPC:DF_POP_LECZ(1.0),Population living in low elevation coastal zones (0-10m and 0-20m above sea level),I,A,Annual,CK,Cook Islands,LECZPOPRF,Population in low elevation coastal zone in relative frequency,5M,0-5 meters above sea level,2016,,7,,PERCENT,percent,,,,,,,This data was estimated based on population census of year 2021,
DATAFLOW,SPC:DF_POP_LECZ(1.0),Population living in low elevation coastal zones (0-10m and 0-20m above sea level),I,A,Annual,CK,Cook Islands,LECZPOPRF,Population in low elevation coastal zone in relative frequency,5M,0-5 meters above sea level,2017,,7,,PERCENT,percent,,,,,,,This data was estimated based on population census of year 2021,
DATAFLOW,SPC:DF_POP_LECZ(1.0),Population living in low elevation coastal zones (0-10m and 0-20m above sea level),I,A,Annual,CK,Cook Islands,LECZPOPRF,Population in low elevation coastal zone in relative frequency,5M,0-5 meters above sea level,2018,,7,,PERCENT,percent,,,,,,,This data was estimated based on population census of year 2021,
DATAFLOW,SPC:DF_POP_LECZ(1.0),Population living in low elevation coastal zones (0-10m and 0-20m above sea level),I,A,Annual,CK,Cook Islands,LECZPOPRF,Population in low elevation coastal zone in relative frequency,5M,0-5 meters above sea level,2019,,7,,PERCENT,percent,,,,,,,This data was estimated based on population census of year 2021,
DATAFLOW,SPC:DF_POP_LECZ(1.0),Population living in low elevation coastal zones (0-10m and 0-20m above sea level),I,A,Annual,CK,Cook Islands,LECZPOPRF,Population in low elevation coastal zone in relative frequency,5M,0-5 meters above sea level,2020,,7,,PERCENT,percent,,,,,,,This data was estimated based on population census of year 2021,
DATAFLOW,SPC:DF_POP_LECZ(1.0),Population living in low elevation coastal zones (0-10m and 0-20m above sea level),I,A,Annual,CK,Cook Islands,LECZPOPRF,Population in low elevation coastal zone in relative frequency,5M,0-5 meters above sea level,2021,,7,,PERCENT,percent,,,,,,,This data was estimated based on population census of year 2021,
DATAFLOW,SPC:DF_POP_LECZ(1.0),Population living in low elevation coastal zones (0-10m and 0-20m above sea level),I,A,Annual,CK,Cook Islands,LECZPOPRF,Population in low elevation coastal zone in relative frequency,5M,0-5 meters above sea level,2022,,7,,PERCENT,percent,,,,,,,This data was estimated based on population census of year 2021,
DATAFLOW,SPC:DF_POP_LECZ(1.0),Population living in low elevation coastal zones (0-10m and 0-20m above sea level),I,A,Annual,CK,Cook Islands,LECZPOPRF,Population in low elevation coastal zone in relative frequency,5M,0-5 meters above sea level,2023,,7,,PERCENT,percent,,,,,,,This data was estimated based on population census of year 2021,
DATAFLOW,SPC:DF_POP_LECZ(1.0),Population living in low elevation coastal zones (0-10m and 0-20m above sea level),I,A,Annual,CK,Cook Islands,LECZPOPRF,Population in low elevation coastal zone in relative frequency,5M,0-5 meters above sea level,2024,,7,,PERCENT,percent,,,,,,,This data was estimated based on population census of year 2021,
DATAFLOW,SPC:DF_POP_LECZ(1.0),Population living in low elevation coastal zones (0-10m and 0-20m above sea level),I,A,Annual,MH,Marshall Islands,LECZPOPAF,Population in low elevation coastal zone in absolute frequency,20M,0-20 meters above sea level,2010,,52090,,N,units,,,E,Estimated value,,,This data was estimated based on population census of year 2021,
DATAFLOW,SPC:DF_POP_LECZ(1.0),Population living in low elevation coastal zones (0-10m and 0-20m above sea level),I,A,Annual,MH,Marshall Islands,LECZPOPAF,Population in low elevation coastal zone in absolute frequency,20M,0-20 meters above sea level,2011,,51947,,N,units,,,E,Estimated value,,,This data was estimated based on population census of year 2021,
DATAFLOW,SPC:DF_POP_LECZ(1.0),Population living in low elevation coastal zones (0-10m and 0-20m above sea level),I,A,Annual,MH,Marshall Islands,LECZPOPAF,Population in low elevation coastal zone in absolute frequency,20M,0-20 meters above sea level,2012,,51459,,N,units,,,E,Estimated value,,,This data was estimated based on population census of year 2021,
DATAFLOW,SPC:DF_POP_LECZ(1.0),Population living in low elevation coastal zones (0-10m and 0-20m above sea level),I,A,Annual,MH,Marshall Islands,LECZPOPAF,Population in low elevation coastal zone in absolute frequency,20M,0-20 meters above sea level,2013,,50726,,N,units,,,E,Estimated value,,,This data was estimated based on population census of year 2021,
DATAFLOW,SPC:DF_POP_LECZ(1.0),Population living in low elevation coastal zones (0-10m and 0-20m above sea level),I,A,Annual,MH,Marshall Islands,LECZPOPAF,Population in low elevation coastal zone in absolute frequency,20M,0-20 meters above sea level,2014,,49834,,N,units,,,E,Estimated value,,,This data was estimated based on population census of year 2021,
DATAFLOW,SPC:DF_POP_LECZ(1.0),Population living in low elevation coastal zones (0-10m and 0-20m above sea level),I,A,Annual,MH,Marshall Islands,LECZPOPAF,Population in low elevation coastal zone in absolute frequency,20M,0-20 meters above sea level,2015,,48843,,N,units,,,E,Estimated value,,,This data was estimated based on population census of year 2021,
DATAFLOW,SPC:DF_POP_LECZ(1.0),Population living in low elevation coastal zones (0-10m and 0-20m above sea level),I,A,Annual,MH,Marshall Islands,LECZPOPAF,Population in low elevation coastal zone in absolute frequency,20M,0-20 meters above sea level,2016,,47753,,N,units,,,E,Estimated value,,,This data was estimated based on population census of year 2021,
DATAFLOW,SPC:DF_POP_LECZ(1.0),Population living in low elevation coastal zones (0-10m and 0-20m above sea level),I,A,Annual,MH,Marshall Islands,LECZPOPAF,Population in low elevation coastal zone in absolute frequency,20M,0-20 meters above sea level,2017,,46574,,N,units,,,E,Estimated value,,,This data was estimated based on population census of year 2021,
DATAFLOW,SPC:DF_POP_LECZ(1.0),Population living in low elevation coastal zones (0-10m and 0-20m above sea level),I,A,Annual,MH,Marshall Islands,LECZPOPAF,Population in low elevation coastal zone in absolute frequency,20M,0-20 meters above sea level,2018,,45325,,N,units,,,E,Estimated value,,,This data was estimated based on population census of year 2021,
DATAFLOW,SPC:DF_POP_LECZ(1.0),Population living in low elevation coastal zones (0-10m and 0-20m above sea level),I,A,Annual,MH,Marshall Islands,LECZPOPAF,Population in low elevation coastal zone in absolute frequency,20M,0-20 meters above sea level,2019,,44049,,N,units,,,E,Estimated value,,,This data was estimated based on population census of year 2021,
DATAFLOW,SPC:DF_POP_LECZ(1.0),Population living in low elevation coastal zones (0-10m and 0-20m above sea level),I,A,Annual,MH,Marshall Islands,LECZPOPAF,Population in low elevation coastal zone in absolute frequency,20M,0-20 meters above sea level,2020,,42745,,N,units,,,E,Estimated value,,,This data was estimated based on population census of year 2021,
DATAFLOW,SPC:DF_POP_LECZ(1.0),Population living in low elevation coastal zones (0-10m and 0-20m above sea level),I,A,Annual,MH,Marshall Islands,LECZPOPAF,Population in low elevation coastal zone in absolute frequency,20M,0-20 meters above sea level,2021,,41418,,N,units,,,E,Estimated value,,,This data was estimated based on population census of year 2021,
DATAFLOW,SPC:DF_POP_LECZ(1.0),Population living in low elevation coastal zones (0-10m and 0-20m above sea level),I,A,Annual,MH,Marshall Islands,LECZPOPAF,Population in low elevation coastal zone in absolute frequency,20M,0-20 meters above sea level,2022,,39965,,N,units,,,,,,,This data was estimated based on population census of year 2021,
DATAFLOW,SPC:DF_POP_LECZ(1.0),Population living in low elevation coastal zones (0-10m and 0-20m above sea level),I,A,Annual,MH,Marshall Islands,LECZPOPAF,Population in low elevation coastal zone in absolute frequency,20M,0-20 meters above sea level,2023,,38718,,N,units,,,,,,,This data was estimated based on population census of year 2021,
DATAFLOW,SPC:DF_POP_LECZ(1.0),Population living in low elevation coastal zones (0-10m and 0-20m above sea level),I,A,Annual,MH,Marshall Islands,LECZPOPAF,Population in low elevation coastal zone in absolute frequency,20M,0-20 meters above sea level,2024,,37443,,N,units,,,,,,,This data was estimated based on population census of year 2021,
DATAFLOW,SPC:DF_POP_LECZ(1.0),Population living in low elevation coastal zones (0-10m and 0-20m above sea level),I,A,Annual,SB,Solomon Islands,LECZPOPAF,Population in low elevation coastal zone in absolute frequency,_T,Total,2010,,532996,,N,units,,,E,Estimated value,,,Estimated mid-year population for year 2010.,
DATAFLOW,SPC:DF_POP_LECZ(1.0),Population living in low elevation coastal zones (0-10m and 0-20m above sea level),I,A,Annual,SB,Solomon Islands,LECZPOPAF,Population in low elevation coastal zone in absolute frequency,_T,Total,2011,,552977,,N,units,,,E,Estimated value,,,Estimated mid-year population for year 2011.,
DATAFLOW,SPC:DF_POP_LECZ(1.0),Population living in low elevation coastal zones (0-10m and 0-20m above sea level),I,A,Annual,SB,Solomon Islands,LECZPOPAF,Population in low elevation coastal zone in absolute frequency,_T,Total,2012,,573625,,N,units,,,E,Estimated value,,,Estimated mid-year population for year 2012.,
DATAFLOW,SPC:DF_POP_LECZ(1.0),Population living in low elevation coastal zones (0-10m and 0-20m above sea level),I,A,Annual,SB,Solomon Islands,LECZPOPAF,Population in low elevation coastal zone in absolute frequency,_T,Total,2013,,594972,,N,units,,,E,Estimated value,,,Estimated mid-year population for year 2013.,
DATAFLOW,SPC:DF_POP_LECZ(1.0),Population living in low elevation coastal zones (0-10m and 0-20m above sea level),I,A,Annual,SB,Solomon Islands,LECZPOPAF,Population in low elevation coastal zone in absolute frequency,_T,Total,2014,,616925,,N,units,,,E,Estimated value,,,Estimated mid-year population for year 2014.,
DATAFLOW,SPC:DF_POP_LECZ(1.0),Population living in low elevation coastal zones (0-10m and 0-20m above sea level),I,A,Annual,SB,Solomon Islands,LECZPOPAF,Population in low elevation coastal zone in absolute frequency,_T,Total,2015,,639437,,N,units,,,E,Estimated value,,,Estimated mid-year population for year 2015.,
DATAFLOW,SPC:DF_POP_LECZ(1.0),Population living in low elevation coastal zones (0-10m and 0-20m above sea level),I,A,Annual,SB,Solomon Islands,LECZPOPAF,Population in low elevation coastal zone in absolute frequency,_T,Total,2016,,662402,,N,units,,,E,Estimated value,,,Estimated mid-year population for year 2016.,
DATAFLOW,SPC:DF_POP_LECZ(1.0),Population living in low elevation coastal zones (0-10m and 0-20m above sea level),I,A,Annual,SB,Solomon Islands,LECZPOPAF,Population in low elevation coastal zone in absolute frequency,_T,Total,2017,,685698,,N,units,,,E,Estimated value,,,Estimated mid-year population for year 2017.,
DATAFLOW,SPC:DF_POP_LECZ(1.0),Population living in low elevation coastal zones (0-10m and 0-20m above sea level),I,A,Annual,SB,Solomon Islands,LECZPOPAF,Population in low elevation coastal zone in absolute frequency,_T,Total,2018,,709126,,N,units,,,E,Estimated value,,,Estimated mid-year population for year 2018.,
DATAFLOW,SPC:DF_POP_LECZ(1.0),Population living in low elevation coastal zones (0-10m and 0-20m above sea level),I,A,Annual,SB,Solomon Islands,LECZPOPAF,Population in low elevation coastal zone in absolute frequency,_T,Total,2019,,728169,,N,units,,,E,Estimated value,,,Estimated mid-year population for year 2019.,
DATAFLOW,SPC:DF_POP_LECZ(1.0),Population living in low elevation coastal zones (0-10m and 0-20m above sea level),I,A,Annual,SB,Solomon Islands,LECZPOPAF,Population in low elevation coastal zone in absolute frequency,_T,Total,2020,,744514,,N,units,,,E,Estimated value,,,Estimated mid-year population for year 2020.,
DATAFLOW,SPC:DF_POP_LECZ(1.0),Population living in low elevation coastal zones (0-10m and 0-20m above sea level),I,A,Annual,SB,Solomon Islands,LECZPOPAF,Population in low elevation coastal zone in absolute frequency,_T,Total,2021,,762616,,N,units,,,E,Estimated value,,,Estimated mid-year population for year 2021.,
DATAFLOW,SPC:DF_POP_LECZ(1.0),Population living in low elevation coastal zones (0-10m and 0-20m above sea level),I,A,Annual,SB,Solomon Islands,LECZPOPAF,Population in low elevation coastal zone in absolute frequency,20M,0-20 meters above sea level,2010,,293148,,N,units,,,E,Estimated value,,,This data was estimated based on population census of year 2023,
DATAFLOW,SPC:DF_POP_LECZ(1.0),Population living in low elevation coastal zones (0-10m and 0-20m above sea level),I,A,Annual,SB,Solomon Islands,LECZPOPAF,Population in low elevation coastal zone in absolute frequency,20M,0-20 meters above sea level,2011,,304137,,N,units,,,E,Estimated value,,,This data was estimated based on population census of year 2023,
DATAFLOW,SPC:DF_POP_LECZ(1.0),Population living in low elevation coastal zones (0-10m and 0-20m above sea level),I,A,Annual,SB,Solomon Islands,LECZPOPAF,Population in low elevation coastal zone in absolute frequency,20M,0-20 meters above sea level,2012,,315494,,N,units,,,E,Estimated value,,,This data was estimated based on population census of year 2023,
DATAFLOW,SPC:DF_POP_LECZ(1.0),Population living in low elevation coastal zones (0-10m and 0-20m above sea level),I,A,Annual,SB,Solomon Islands,LECZPOPAF,Population in low elevation coastal zone in absolute frequency,20M,0-20 meters above sea level,2013,,327235,,N,units,,,E,Estimated value,,,This data was estimated based on population census of year 2023,
DATAFLOW,SPC:DF_POP_LECZ(1.0),Population living in low elevation coastal zones (0-10m and 0-20m above sea level),I,A,Annual,SB,Solomon Islands,LECZPOPAF,Population in low elevation coastal zone in absolute frequency,20M,0-20 meters above sea level,2014,,339309,,N,units,,,E,Estimated value,,,This data was estimated based on population census of year 2023,
DATAFLOW,SPC:DF_POP_LECZ(1.0),Population living in low elevation coastal zones (0-10m and 0-20m above sea level),I,A,Annual,SB,Solomon Islands,LECZPOPAF,Population in low elevation coastal zone in absolute frequency,20M,0-20 meters above sea level,2015,,351690,,N,units,,,E,Estimated value,,,This data was estimated based on population census of year 2023,
DATAFLOW,SPC:DF_POP_LECZ(1.0),Population living in low elevation coastal zones (0-10m and 0-20m above sea level),I,A,Annual,SB,Solomon Islands,LECZPOPAF,Population in low elevation coastal zone in absolute frequency,20M,0-20 meters above sea level,2016,,364321,,N,units,,,E,Estimated value,,,This data was estimated based on population census of year 2023,
DATAFLOW,SPC:DF_POP_LECZ(1.0),Population living in low elevation coastal zones (0-10m and 0-20m above sea level),I,A,Annual,SB,Solomon Islands,LECZPOPAF,Population in low elevation coastal zone in absolute frequency,20M,0-20 meters above sea level,2017,,377134,,N,units,,,E,Estimated value,,,This data was estimated based on population census of year 2023,
DATAFLOW,SPC:DF_POP_LECZ(1.0),Population living in low elevation coastal zones (0-10m and 0-20m above sea level),I,A,Annual,SB,Solomon Islands,LECZPOPAF,Population in low elevation coastal zone in absolute frequency,20M,0-20 meters above sea level,2018,,390019,,N,units,,,E,Estimated value,,,This data was estimated based on population census of year 2023,
DATAFLOW,SPC:DF_POP_LECZ(1.0),Population living in low elevation coastal zones (0-10m and 0-20m above sea level),I,A,Annual,SB,Solomon Islands,LECZPOPAF,Population in low elevation coastal zone in absolute frequency,20M,0-20 meters above sea level,2019,,400493,,N,units,,,E,Estimated value,,,This data was estimated based on population census of year 2023,
DATAFLOW,SPC:DF_POP_LECZ(1.0),Population living in low elevation coastal zones (0-10m and 0-20m above sea level),I,A,Annual,SB,Solomon Islands,LECZPOPAF,Population in low elevation coastal zone in absolute frequency,20M,0-20 meters above sea level,2020,,409483,,N,units,,,E,Estimated value,,,This data was estimated based on population census of year 2023,
DATAFLOW,SPC:DF_POP_LECZ(1.0),Population living in low elevation coastal zones (0-10m and 0-20m above sea level),I,A,Annual,SB,Solomon Islands,LECZPOPAF,Population in low elevation coastal zone in absolute frequency,20M,0-20 meters above sea level,2021,,419439,,N,units,,,E,Estimated value,,,This data was estimated based on population census of year 2023,
DATAFLOW,SPC:DF_POP_LECZ(1.0),Population living in low elevation coastal zones (0-10m and 0-20m above sea level),I,A,Annual,SB,Solomon Islands,LECZPOPAF,Population in low elevation coastal zone in absolute frequency,20M,0-20 meters above sea level,2022,,423494,,N,units,,,,,,,This data was estimated based on population census of year 2023,
DATAFLOW,SPC:DF_POP_LECZ(1.0),Population living in low elevation coastal zones (0-10m and 0-20m above sea level),I,A,Annual,SB,Solomon Islands,LECZPOPAF,Population in low elevation coastal zone in absolute frequency,20M,0-20 meters above sea level,2023,,433763,,N,units,,,,,,,This data was estimated based on population census of year 2023,
DATAFLOW,SPC:DF_POP_LECZ(1.0),Population living in low elevation coastal zones (0-10m and 0-20m above sea level),I,A,Annual,SB,Solomon Islands,LECZPOPAF,Population in low elevation coastal zone in absolute frequency,20M,0-20 meters above sea level,2024,,444169,,N,units,,,,,,,This data was estimated based on population census of year 2023,
DATAFLOW,SPC:DF_POP_LECZ(1.0),Population living in low elevation coastal zones (0-10m and 0-20m above sea level),I,A,Annual,NU,Niue,LECZPOPRF,Population in low elevation coastal zone in relative frequency,5M,0-5 meters above sea level,2010,,1,,PERCENT,percent,,,,,,,This data was estimated based on population census of year 2022,
DATAFLOW,SPC:DF_POP_LECZ(1.0),Population living in low elevation coastal zones (0-10m and 0-20m above sea level),I,A,Annual,NU,Niue,LECZPOPRF,Population in low elevation coastal zone in relative frequency,5M,0-5 meters above sea level,2011,,1,,PERCENT,percent,,,,,,,This data was estimated based on population census of year 2022,
DATAFLOW,SPC:DF_POP_LECZ(1.0),Population living in low elevation coastal zones (0-10m and 0-20m above sea level),I,A,Annual,NU,Niue,LECZPOPRF,Population in low elevation coastal zone in relative frequency,5M,0-5 meters above sea level,2012,,1,,PERCENT,percent,,,,,,,This data was estimated based on population census of year 2022,
DATAFLOW,SPC:DF_POP_LECZ(1.0),Population living in low elevation coastal zones (0-10m and 0-20m above sea level),I,A,Annual,NU,Niue,LECZPOPRF,Population in low elevation coastal zone in relative frequency,5M,0-5 meters above sea level,2013,,1,,PERCENT,percent,,,,,,,This data was estimated based on population census of year 2022,
DATAFLOW,SPC:DF_POP_LECZ(1.0),Population living in low elevation coastal zones (0-10m and 0-20m above sea level),I,A,Annual,NU,Niue,LECZPOPRF,Population in low elevation coastal zone in relative frequency,5M,0-5 meters above sea level,2014,,1,,PERCENT,percent,,,,,,,This data was estimated based on population census of year 2022,
DATAFLOW,SPC:DF_POP_LECZ(1.0),Population living in low elevation coastal zones (0-10m and 0-20m above sea level),I,A,Annual,NU,Niue,LECZPOPRF,Population in low elevation coastal zone in relative frequency,5M,0-5 meters above sea level,2015,,1,,PERCENT,percent,,,,,,,This data was estimated based on population census of year 2022,
DATAFLOW,SPC:DF_POP_LECZ(1.0),Population living in low elevation coastal zones (0-10m and 0-20m above sea level),I,A,Annual,NU,Niue,LECZPOPRF,Population in low elevation coastal zone in relative frequency,5M,0-5 meters above sea level,2016,,1,,PERCENT,percent,,,,,,,This data was estimated based on population census of year 2022,
DATAFLOW,SPC:DF_POP_LECZ(1.0),Population living in low elevation coastal zones (0-10m and 0-20m above sea level),I,A,Annual,NU,Niue,LECZPOPRF,Population in low elevation coastal zone in relative frequency,5M,0-5 meters above sea level,2017,,1,,PERCENT,percent,,,,,,,This data was estimated based on population census of year 2022,
DATAFLOW,SPC:DF_POP_LECZ(1.0),Population living in low elevation coastal zones (0-10m and 0-20m above sea level),I,A,Annual,NU,Niue,LECZPOPRF,Population in low elevation coastal zone in relative frequency,5M,0-5 meters above sea level,2018,,1,,PERCENT,percent,,,,,,,This data was estimated based on population census of year 2022,
DATAFLOW,SPC:DF_POP_LECZ(1.0),Population living in low elevation coastal zones (0-10m and 0-20m above sea level),I,A,Annual,NU,Niue,LECZPOPRF,Population in low elevation coastal zone in relative frequency,5M,0-5 meters above sea level,2019,,1,,PERCENT,percent,,,,,,,This data was estimated based on population census of year 2022,
DATAFLOW,SPC:DF_POP_LECZ(1.0),Population living in low elevation coastal zones (0-10m and 0-20m above sea level),I,A,Annual,NU,Niue,LECZPOPRF,Population in low elevation coastal zone in relative frequency,5M,0-5 meters above sea level,2020,,1,,PERCENT,percent,,,,,,,This data was estimated based on population census of year 2022,
DATAFLOW,SPC:DF_POP_LECZ(1.0),Population living in low elevation coastal zones (0-10m and 0-20m above sea level),I,A,Annual,NU,Niue,LECZPOPRF,Population in low elevation coastal zone in relative frequency,5M,0-5 meters above sea level,2021,,1,,PERCENT,percent,,,,,,,This data was estimated based on population census of year 2022,
DATAFLOW,SPC:DF_POP_LECZ(1.0),Population living in low elevation coastal zones (0-10m and 0-20m above sea level),I,A,Annual,NU,Niue,LECZPOPRF,Population in low elevation coastal zone in relative frequency,5M,0-5 meters above sea level,2022,,1,,PERCENT,percent,,,,,,,This data was estimated based on population census of year 2022,
DATAFLOW,SPC:DF_POP_LECZ(1.0),Population living in low elevation coastal zones (0-10m and 0-20m above sea level),I,A,Annual,NU,Niue,LECZPOPRF,Population in low elevation coastal zone in relative frequency,5M,0-5 meters above sea level,2023,,1,,PERCENT,percent,,,,,,,This data was estimated based on population census of year 2022,
DATAFLOW,SPC:DF_POP_LECZ(1.0),Population living in low elevation coastal zones (0-10m and 0-20m above sea level),I,A,Annual,NU,Niue,LECZPOPRF,Population in low elevation coastal zone in relative frequency,5M,0-5 meters above sea level,2024,,1,,PERCENT,percent,,,,,,,This data was estimated based on population census of year 2022,
DATAFLOW,SPC:DF_POP_LECZ(1.0),Population living in low elevation coastal zones (0-10m and 0-20m above sea level),I,A,Annual,VU,Vanuatu,LECZPOPRF,Population in low elevation coastal zone in relative frequency,5M,0-5 meters above sea level,2010,,4,,PERCENT,percent,,,E,Estimated value,,,This data was estimated based on population census of year 2020,
DATAFLOW,SPC:DF_POP_LECZ(1.0),Population living in low elevation coastal zones (0-10m and 0-20m above sea level),I,A,Annual,VU,Vanuatu,LECZPOPRF,Population in low elevation coastal zone in relative frequency,5M,0-5 meters above sea level,2011,,4,,PERCENT,percent,,,E,Estimated value,,,This data was estimated based on population census of year 2020,
DATAFLOW,SPC:DF_POP_LECZ(1.0),Population living in low elevation coastal zones (0-10m and 0-20m above sea level),I,A,Annual,VU,Vanuatu,LECZPOPRF,Population in low elevation coastal zone in relative frequency,5M,0-5 meters above sea level,2012,,4,,PERCENT,percent,,,E,Estimated value,,,This data was estimated based on population census of year 2020,
DATAFLOW,SPC:DF_POP_LECZ(1.0),Population living in low elevation coastal zones (0-10m and 0-20m above sea level),I,A,Annual,VU,Vanuatu,LECZPOPRF,Population in low elevation coastal zone in relative frequency,5M,0-5 meters above sea level,2013,,4,,PERCENT,percent,,,E,Estimated value,,,This data was estimated based on population census of year 2020,
DATAFLOW,SPC:DF_POP_LECZ(1.0),Population living in low elevation coastal zones (0-10m and 0-20m above sea level),I,A,Annual,VU,Vanuatu,LECZPOPRF,Population in low elevation coastal zone in relative frequency,5M,0-5 meters above sea level,2014,,4,,PERCENT,percent,,,E,Estimated value,,,This data was estimated based on population census of year 2020,
DATAFLOW,SPC:DF_POP_LECZ(1.0),Population living in low elevation coastal zones (0-10m and 0-20m above sea level),I,A,Annual,VU,Vanuatu,LECZPOPRF,Population in low elevation coastal zone in relative frequency,5M,0-5 meters above sea level,2015,,4,,PERCENT,percent,,,E,Estimated value,,,This data was estimated based on population census of year 2020,
DATAFLOW,SPC:DF_POP_LECZ(1.0),Population living in low elevation coastal zones (0-10m and 0-20m above sea level),I,A,Annual,VU,Vanuatu,LECZPOPRF,Population in low elevation coastal zone in relative frequency,5M,0-5 meters above sea level,2016,,4,,PERCENT,percent,,,E,Estimated value,,,This data was estimated based on population census of year 2020,
DATAFLOW,SPC:DF_POP_LECZ(1.0),Population living in low elevation coastal zones (0-10m and 0-20m above sea level),I,A,Annual,VU,Vanuatu,LECZPOPRF,Population in low elevation coastal zone in relative frequency,5M,0-5 meters above sea level,2017,,4,,PERCENT,percent,,,E,Estimated value,,,This data was estimated based on population census of year 2020,
DATAFLOW,SPC:DF_POP_LECZ(1.0),Population living in low elevation coastal zones (0-10m and 0-20m above sea level),I,A,Annual,VU,Vanuatu,LECZPOPRF,Population in low elevation coastal zone in relative frequency,5M,0-5 meters above sea level,2018,,4,,PERCENT,percent,,,E,Estimated value,,,This data was estimated based on population census of year 2020,
DATAFLOW,SPC:DF_POP_LECZ(1.0),Population living in low elevation coastal zones (0-10m and 0-20m above sea level),I,A,Annual,VU,Vanuatu,LECZPOPRF,Population in low elevation coastal zone in relative frequency,5M,0-5 meters above sea level,2019,,4,,PERCENT,percent,,,E,Estimated value,,,This data was estimated based on population census of year 2020,
DATAFLOW,SPC:DF_POP_LECZ(1.0),Population living in low elevation coastal zones (0-10m and 0-20m above sea level),I,A,Annual,VU,Vanuatu,LECZPOPRF,Population in low elevation coastal zone in relative frequency,5M,0-5 meters above sea level,2020,,4,,PERCENT,percent,,,E,Estimated value,,,This data was estimated based on population census of year 2020,
DATAFLOW,SPC:DF_POP_LECZ(1.0),Population living in low elevation coastal zones (0-10m and 0-20m above sea level),I,A,Annual,VU,Vanuatu,LECZPOPRF,Population in low elevation coastal zone in relative frequency,5M,0-5 meters above sea level,2021,,4,,PERCENT,percent,,,E,Estimated value,,,This data was estimated based on population census of year 2020,
DATAFLOW,SPC:DF_POP_LECZ(1.0),Population living in low elevation coastal zones (0-10m and 0-20m above sea level),I,A,Annual,VU,Vanuatu,LECZPOPRF,Population in low elevation coastal zone in relative frequency,5M,0-5 meters above sea level,2022,,4,,PERCENT,percent,,,,,,,This data was estimated based on population census of year 2020,
DATAFLOW,SPC:DF_POP_LECZ(1.0),Population living in low elevation coastal zones (0-10m and 0-20m above sea level),I,A,Annual,VU,Vanuatu,LECZPOPRF,Population in low elevation coastal zone in relative frequency,5M,0-5 meters above sea level,2023,,4,,PERCENT,percent,,,,,,,This data was estimated based on population census of year 2020,
DATAFLOW,SPC:DF_POP_LECZ(1.0),Population living in low elevation coastal zones (0-10m and 0-20m above sea level),I,A,Annual,VU,Vanuatu,LECZPOPRF,Population in low elevation coastal zone in relative frequency,5M,0-5 meters above sea level,2024,,4,,PERCENT,percent,,,,,,,This data was estimated based on population census of year 2020,
